order_id,product_id,supplier_id,order_date,quantity,unit_price,status
ORD000001,P0125,S028,2026-04-20,604,2008.24,Delivered
ORD000002,P0446,S020,2026-07-03,764,1704.17,Shipped
ORD000003,P0040,S033,2026-05-06,649,578.99,Processing
ORD000004,P0180,S047,2026-06-21,982,4096.55,Processing
ORD000005,P0053,S010,2026-05-23,263,994.39,Processing
ORD000006,P0039,S012,2026-09-07,975,3866.51,Cancelled
ORD000007,P0387,S037,2026-07-20,779,2901.55,Shipped
ORD000008,P0162,S010,2026-08-31,451,350.75,Cancelled
ORD000009,P0156,S018,2026-09-01,606,290.3,Delivered
ORD000010,P0237,S029,2026-06-11,39,293.88,Shipped
ORD000011,P0331,S006,2026-04-12,630,2974.46,Cancelled
ORD000012,P0298,S036,2026-07-20,978,3961.17,Delivered
ORD000013,P0466,S037,2026-07-17,668,949.31,Cancelled
ORD000014,P0078,S004,2026-07-30,462,526.47,Shipped
ORD000015,P0259,S042,2026-04-14,177,205.32,Cancelled
ORD000016,P0269,S034,2026-07-14,625,802.14,Shipped
ORD000017,P0199,S027,2026-06-04,794,1698.45,Delivered
ORD000018,P0332,S022,2026-09-01,68,1655.16,Cancelled
ORD000019,P0130,S047,2026-06-04,873,3286.25,Processing
ORD000020,P0042,S038,2026-06-17,680,715.73,Shipped
ORD000021,P0496,S042,2026-06-11,716,3314.05,Processing
ORD000022,P0363,S006,2026-08-23,318,2799.02,Shipped
ORD000023,P0344,S045,2026-04-25,849,4736.07,Delivered
ORD000024,P0344,S028,2026-09-05,521,1815.52,Shipped
ORD000025,P0093,S014,2026-06-11,350,4738.86,Cancelled
ORD000026,P0116,S009,2026-05-12,159,395.05,Delivered
ORD000027,P0395,S035,2026-07-31,856,3695.83,Delivered
ORD000028,P0173,S050,2026-09-09,633,663.93,Cancelled
ORD000029,P0084,S012,2026-05-02,852,3467.3,Processing
ORD000030,P0023,S027,2026-07-14,374,3385.05,Processing
ORD000031,P0313,S019,2026-07-15,771,3745.2,Cancelled
ORD000032,P0274,S016,2026-05-22,317,4828.33,Cancelled
ORD000033,P0189,S044,2026-05-12,970,2856.39,Cancelled
ORD000034,P0394,S019,2026-07-20,797,1915.54,Cancelled
ORD000035,P0419,S013,2026-05-04,821,3027.27,Shipped
ORD000036,P0329,S031,2026-04-06,896,1862.35,Delivered
ORD000037,P0436,S008,2026-08-03,292,428.54,Processing
ORD000038,P0231,S033,2026-06-01,151,4156.92,Delivered
ORD000039,P0419,S029,2026-05-19,906,1754.43,Delivered
ORD000040,P0028,S026,2026-07-08,515,1876.07,Cancelled
ORD000041,P0192,S015,2026-04-13,29,1600.24,Delivered
ORD000042,P0172,S010,2026-09-06,141,201.13,Cancelled
ORD000043,P0426,S009,2026-09-18,778,3530.63,Cancelled
ORD000044,P0003,S006,2026-08-28,20,1287.06,Processing
ORD000045,P0482,S047,2026-08-11,624,2643.58,Delivered
ORD000046,P0122,S020,2026-06-05,125,248.27,Cancelled
ORD000047,P0407,S040,2026-09-03,469,323.41,Cancelled
ORD000048,P0275,S002,2026-08-23,648,2581.72,Processing
ORD000049,P0150,S028,2026-04-29,2,3077.9,Processing
ORD000050,P0214,S012,2026-08-17,681,3344.39,Shipped
ORD000051,P0489,S034,2026-04-10,558,2541.57,Delivered
ORD000052,P0448,S031,2026-07-01,45,3182.0,Shipped
ORD000053,P0383,S002,2026-05-27,366,3944.71,Shipped
ORD000054,P0376,S043,2026-05-24,644,527.28,Shipped
ORD000055,P0023,S023,2026-04-27,560,1699.35,Processing
ORD000056,P0238,S045,2026-09-15,491,3162.36,Processing
ORD000057,P0367,S050,2026-04-09,967,2293.82,Shipped
ORD000058,P0023,S013,2026-05-14,908,219.11,Shipped
ORD000059,P0204,S035,2026-08-02,485,1274.04,Processing
ORD000060,P0183,S050,2026-06-05,49,4330.33,Shipped
ORD000061,P0064,S024,2026-06-01,448,4448.54,Cancelled
ORD000062,P0174,S012,2026-06-30,509,3463.42,Shipped
ORD000063,P0137,S006,2026-08-03,745,2128.25,Cancelled
ORD000064,P0422,S012,2026-08-25,559,1475.89,Delivered
ORD000065,P0168,S043,2026-04-13,303,1539.41,Cancelled
ORD000066,P0354,S029,2026-05-05,360,2241.18,Shipped
ORD000067,P0223,S018,2026-08-28,655,4900.34,Delivered
ORD000068,P0344,S041,2026-04-12,416,1822.92,Processing
ORD000069,P0074,S039,2026-03-31,695,3908.75,Delivered
ORD000070,P0035,S016,2026-04-25,798,3229.36,Shipped
ORD000071,P0487,S037,2026-06-30,34,3029.42,Cancelled
ORD000072,P0191,S029,2026-06-26,782,393.66,Processing
ORD000073,P0188,S026,2026-08-06,322,3251.31,Processing
ORD000074,P0014,S048,2026-04-22,191,2500.23,Cancelled
ORD000075,P0061,S017,2026-08-14,794,1308.85,Cancelled
ORD000076,P0314,S019,2026-05-17,711,4583.23,Cancelled
ORD000077,P0063,S009,2026-05-14,874,379.52,Processing
ORD000078,P0045,S044,2026-07-15,991,4229.15,Shipped
ORD000079,P0178,S046,2026-09-10,67,2754.49,Shipped
ORD000080,P0436,S011,2026-06-08,729,3550.72,Processing
ORD000081,P0261,S015,2026-06-24,125,4925.81,Processing
ORD000082,P0405,S032,2026-05-23,27,1810.87,Shipped
ORD000083,P0412,S036,2026-07-21,133,3063.62,Delivered
ORD000084,P0159,S026,2026-04-09,735,3597.16,Cancelled
ORD000085,P0422,S037,2026-07-06,76,635.38,Shipped
ORD000086,P0038,S029,2026-09-04,478,3403.74,Shipped
ORD000087,P0450,S050,2026-04-25,565,3202.57,Processing
ORD000088,P0222,S033,2026-04-26,933,4342.38,Delivered
ORD000089,P0079,S020,2026-08-03,169,818.22,Processing
ORD000090,P0486,S034,2026-06-20,917,1427.4,Delivered
ORD000091,P0101,S041,2026-05-27,980,2758.7,Processing
ORD000092,P0156,S040,2026-08-31,547,476.21,Processing
ORD000093,P0483,S038,2026-08-22,158,864.29,Shipped
ORD000094,P0022,S002,2026-08-15,84,236.85,Shipped
ORD000095,P0108,S050,2026-09-06,586,2088.77,Delivered
ORD000096,P0456,S041,2026-07-29,559,1455.46,Shipped
ORD000097,P0126,S044,2026-07-25,416,1494.2,Delivered
ORD000098,P0031,S011,2026-09-16,451,2083.95,Cancelled
ORD000099,P0175,S039,2026-05-15,148,1569.79,Shipped
ORD000100,P0500,S026,2026-06-20,134,3805.72,Delivered
ORD000101,P0124,S030,2026-06-13,126,1344.68,Processing
ORD000102,P0050,S004,2026-04-29,298,4727.47,Cancelled
ORD000103,P0493,S011,2026-05-26,834,1643.9,Shipped
ORD000104,P0391,S011,2026-05-11,511,4979.89,Cancelled
ORD000105,P0451,S020,2026-07-29,510,125.65,Cancelled
ORD000106,P0235,S016,2026-07-31,221,2920.89,Delivered
ORD000107,P0145,S032,2026-04-05,612,4412.87,Cancelled
ORD000108,P0275,S001,2026-06-05,868,546.41,Processing
ORD000109,P0373,S024,2026-05-30,783,2022.24,Delivered
ORD000110,P0027,S037,2026-07-04,576,981.33,Shipped
ORD000111,P0198,S033,2026-04-11,462,3824.38,Shipped
ORD000112,P0349,S040,2026-08-30,122,652.03,Delivered
ORD000113,P0192,S022,2026-07-02,572,4695.35,Processing
ORD000114,P0309,S033,2026-05-13,412,2505.39,Delivered
ORD000115,P0071,S046,2026-04-02,342,4021.79,Cancelled
ORD000116,P0311,S033,2026-05-01,144,1646.55,Shipped
ORD000117,P0202,S040,2026-05-04,758,4214.58,Shipped
ORD000118,P0425,S033,2026-07-31,546,2454.33,Shipped
ORD000119,P0418,S002,2026-07-23,378,1662.89,Delivered
ORD000120,P0299,S020,2026-07-08,816,4494.85,Delivered
ORD000121,P0243,S017,2026-08-23,991,3281.4,Processing
ORD000122,P0299,S031,2026-04-06,175,2625.92,Cancelled
ORD000123,P0421,S044,2026-04-30,249,167.54,Delivered
ORD000124,P0010,S029,2026-05-11,322,2099.71,Cancelled
ORD000125,P0105,S027,2026-09-16,514,3877.11,Cancelled
ORD000126,P0362,S009,2026-04-08,532,1044.64,Shipped
ORD000127,P0245,S034,2026-09-09,386,1575.63,Processing
ORD000128,P0468,S035,2026-07-19,351,2735.9,Shipped
ORD000129,P0248,S013,2026-08-27,981,1240.13,Shipped
ORD000130,P0483,S020,2026-05-20,790,1452.13,Processing
ORD000131,P0361,S032,2026-09-16,325,2404.22,Shipped
ORD000132,P0063,S037,2026-06-05,693,2720.52,Cancelled
ORD000133,P0489,S050,2026-06-20,824,740.92,Delivered
ORD000134,P0490,S046,2026-06-05,81,1738.35,Cancelled
ORD000135,P0132,S048,2026-09-07,491,1077.79,Shipped
ORD000136,P0357,S018,2026-08-14,141,555.04,Processing
ORD000137,P0026,S043,2026-05-25,927,2659.9,Processing
ORD000138,P0052,S027,2026-04-06,339,3589.62,Delivered
ORD000139,P0395,S009,2026-09-14,6,4822.95,Processing
ORD000140,P0335,S031,2026-07-06,489,3256.19,Shipped
ORD000141,P0147,S042,2026-06-14,61,4540.61,Delivered
ORD000142,P0294,S015,2026-09-06,548,3696.05,Delivered
ORD000143,P0214,S012,2026-05-07,957,4598.98,Cancelled
ORD000144,P0096,S048,2026-07-28,986,4362.73,Shipped
ORD000145,P0005,S020,2026-04-02,582,3017.89,Shipped
ORD000146,P0233,S042,2026-06-04,557,2626.35,Processing
ORD000147,P0240,S018,2026-07-31,198,4045.98,Shipped
ORD000148,P0375,S030,2026-05-04,664,1293.75,Processing
ORD000149,P0378,S022,2026-03-27,810,1482.17,Processing
ORD000150,P0313,S041,2026-05-07,919,2033.4,Cancelled
ORD000151,P0168,S006,2026-08-02,411,3349.59,Processing
ORD000152,P0245,S021,2026-04-28,959,1247.75,Shipped
ORD000153,P0121,S029,2026-06-30,772,1342.3,Shipped
ORD000154,P0299,S047,2026-06-09,587,67.06,Shipped
ORD000155,P0121,S004,2026-09-17,684,599.94,Shipped
ORD000156,P0208,S044,2026-05-03,515,4616.3,Shipped
ORD000157,P0061,S041,2026-09-16,939,4703.77,Shipped
ORD000158,P0114,S015,2026-08-28,981,676.51,Processing
ORD000159,P0383,S039,2026-07-18,383,2085.07,Cancelled
ORD000160,P0411,S043,2026-08-08,846,1099.87,Processing
ORD000161,P0387,S039,2026-09-14,895,3938.98,Cancelled
ORD000162,P0361,S024,2026-08-06,80,4587.05,Delivered
ORD000163,P0425,S036,2026-04-08,925,2532.38,Processing
ORD000164,P0168,S034,2026-05-05,453,590.04,Processing
ORD000165,P0251,S006,2026-08-20,921,2556.77,Delivered
ORD000166,P0068,S033,2026-07-18,426,2289.42,Delivered
ORD000167,P0237,S044,2026-08-14,827,1547.77,Delivered
ORD000168,P0131,S001,2026-07-03,764,1097.33,Delivered
ORD000169,P0217,S023,2026-04-04,718,328.16,Delivered
ORD000170,P0479,S031,2026-04-10,33,1442.58,Processing
ORD000171,P0393,S042,2026-04-27,747,3232.95,Cancelled
ORD000172,P0457,S025,2026-06-27,460,4349.41,Cancelled
ORD000173,P0042,S044,2026-06-28,988,3312.34,Processing
ORD000174,P0441,S023,2026-09-07,122,900.58,Cancelled
ORD000175,P0066,S047,2026-08-06,229,4175.76,Delivered
ORD000176,P0238,S044,2026-06-08,737,2726.78,Cancelled
ORD000177,P0127,S030,2026-05-21,355,784.06,Processing
ORD000178,P0017,S043,2026-04-21,430,3078.47,Delivered
ORD000179,P0106,S005,2026-05-24,104,2973.78,Cancelled
ORD000180,P0345,S046,2026-08-24,894,252.89,Delivered
ORD000181,P0225,S015,2026-07-04,553,1094.17,Delivered
ORD000182,P0258,S019,2026-04-28,240,4080.77,Shipped
ORD000183,P0307,S050,2026-08-18,689,4093.73,Processing
ORD000184,P0449,S010,2026-06-09,677,2611.04,Cancelled
ORD000185,P0141,S004,2026-06-08,571,4743.12,Processing
ORD000186,P0348,S028,2026-08-31,570,2483.15,Shipped
ORD000187,P0344,S025,2026-09-04,805,2627.07,Cancelled
ORD000188,P0077,S020,2026-07-06,386,927.56,Cancelled
ORD000189,P0435,S015,2026-05-24,308,4289.13,Processing
ORD000190,P0469,S004,2026-07-20,576,2069.26,Cancelled
ORD000191,P0272,S009,2026-08-13,398,1221.86,Processing
ORD000192,P0332,S006,2026-06-16,945,2254.44,Shipped
ORD000193,P0275,S047,2026-04-16,850,960.5,Shipped
ORD000194,P0345,S039,2026-06-28,618,207.34,Delivered
ORD000195,P0412,S049,2026-05-11,602,3624.28,Processing
ORD000196,P0107,S022,2026-07-24,311,4785.53,Delivered
ORD000197,P0480,S013,2026-05-17,986,3709.96,Cancelled
ORD000198,P0357,S039,2026-05-25,721,1030.52,Processing
ORD000199,P0165,S050,2026-08-12,290,1909.5,Shipped
ORD000200,P0134,S024,2026-06-10,526,4415.23,Cancelled
ORD000201,P0412,S047,2026-04-18,481,3810.53,Shipped
ORD000202,P0190,S021,2026-05-15,424,238.12,Processing
ORD000203,P0009,S017,2026-04-30,567,4674.44,Cancelled
ORD000204,P0079,S013,2026-06-07,338,1157.79,Processing
ORD000205,P0282,S042,2026-07-29,967,3427.38,Shipped
ORD000206,P0495,S047,2026-07-27,658,3700.57,Cancelled
ORD000207,P0376,S023,2026-05-06,174,708.39,Cancelled
ORD000208,P0470,S035,2026-05-10,658,4786.61,Delivered
ORD000209,P0484,S043,2026-04-12,50,3824.05,Cancelled
ORD000210,P0432,S041,2026-04-28,237,349.16,Processing
ORD000211,P0112,S033,2026-03-26,467,1872.27,Cancelled
ORD000212,P0250,S002,2026-09-08,7,2665.74,Cancelled
ORD000213,P0009,S034,2026-03-27,740,1380.96,Shipped
ORD000214,P0258,S045,2026-03-28,691,2158.56,Processing
ORD000215,P0471,S007,2026-04-20,537,753.0,Processing
ORD000216,P0270,S017,2026-08-29,835,1778.66,Cancelled
ORD000217,P0192,S026,2026-04-13,471,2829.36,Processing
ORD000218,P0351,S006,2026-06-08,670,4958.46,Delivered
ORD000219,P0208,S025,2026-04-16,387,2767.98,Delivered
ORD000220,P0005,S045,2026-09-03,176,422.6,Cancelled
ORD000221,P0402,S022,2026-09-05,580,4886.87,Delivered
ORD000222,P0471,S003,2026-08-06,236,1064.97,Cancelled
ORD000223,P0024,S005,2026-06-01,701,4628.67,Delivered
ORD000224,P0476,S021,2026-05-08,17,4807.73,Processing
ORD000225,P0476,S005,2026-07-03,307,820.63,Processing
ORD000226,P0428,S025,2026-08-16,694,4483.66,Shipped
ORD000227,P0387,S048,2026-06-30,144,3954.59,Delivered
ORD000228,P0382,S023,2026-07-30,55,497.45,Processing
ORD000229,P0175,S039,2026-04-12,788,3073.19,Cancelled
ORD000230,P0016,S041,2026-06-15,280,3919.91,Cancelled
ORD000231,P0117,S023,2026-07-27,567,4706.3,Cancelled
ORD000232,P0349,S038,2026-05-10,677,1906.56,Shipped
ORD000233,P0366,S005,2026-05-26,85,1347.18,Cancelled
ORD000234,P0079,S048,2026-09-02,399,1590.22,Delivered
ORD000235,P0003,S020,2026-04-16,456,1805.99,Shipped
ORD000236,P0068,S006,2026-04-19,192,2160.59,Cancelled
ORD000237,P0014,S006,2026-04-19,363,2775.56,Shipped
ORD000238,P0007,S019,2026-06-30,424,1945.12,Delivered
ORD000239,P0464,S016,2026-08-14,586,2610.31,Cancelled
ORD000240,P0072,S018,2026-05-06,309,1349.35,Processing
ORD000241,P0086,S028,2026-04-09,283,2111.3,Cancelled
ORD000242,P0185,S017,2026-04-12,967,1240.48,Cancelled
ORD000243,P0316,S013,2026-08-23,469,543.79,Shipped
ORD000244,P0486,S026,2026-03-25,341,4209.65,Cancelled
ORD000245,P0226,S022,2026-06-16,441,4079.22,Processing
ORD000246,P0165,S039,2026-06-08,971,3479.51,Cancelled
ORD000247,P0091,S026,2026-06-12,992,1602.5,Cancelled
ORD000248,P0401,S016,2026-08-18,334,1886.52,Cancelled
ORD000249,P0059,S037,2026-06-25,205,2965.21,Processing
ORD000250,P0394,S036,2026-09-14,28,4765.49,Cancelled
ORD000251,P0225,S019,2026-05-16,852,3467.25,Cancelled
ORD000252,P0256,S009,2026-09-12,649,1521.13,Shipped
ORD000253,P0079,S046,2026-09-08,434,3947.49,Delivered
ORD000254,P0307,S031,2026-07-16,597,2010.02,Cancelled
ORD000255,P0019,S024,2026-08-10,719,4478.55,Delivered
ORD000256,P0394,S016,2026-04-20,674,3326.82,Processing
ORD000257,P0314,S003,2026-09-05,577,4918.2,Cancelled
ORD000258,P0495,S028,2026-06-16,109,62.63,Shipped
ORD000259,P0262,S048,2026-05-19,532,2794.39,Processing
ORD000260,P0192,S026,2026-07-16,475,3863.99,Processing
ORD000261,P0013,S031,2026-06-20,108,1484.21,Delivered
ORD000262,P0426,S047,2026-04-22,146,1748.16,Shipped
ORD000263,P0402,S014,2026-07-18,534,2419.8,Cancelled
ORD000264,P0225,S047,2026-04-17,714,2267.71,Delivered
ORD000265,P0023,S046,2026-06-08,118,122.7,Shipped
ORD000266,P0056,S044,2026-09-05,820,830.13,Processing
ORD000267,P0090,S036,2026-08-03,164,1661.64,Cancelled
ORD000268,P0119,S026,2026-07-20,645,930.41,Cancelled
ORD000269,P0015,S048,2026-07-03,629,4416.66,Cancelled
ORD000270,P0220,S025,2026-08-22,5,3526.63,Processing
ORD000271,P0386,S046,2026-06-03,829,3982.08,Delivered
ORD000272,P0096,S024,2026-08-08,334,993.4,Delivered
ORD000273,P0344,S032,2026-05-30,541,4829.92,Shipped
ORD000274,P0199,S040,2026-08-23,402,2939.15,Shipped
ORD000275,P0433,S030,2026-06-22,633,870.91,Shipped
ORD000276,P0303,S006,2026-08-28,689,678.4,Delivered
ORD000277,P0157,S008,2026-05-24,188,1872.8,Processing
ORD000278,P0199,S027,2026-08-01,611,697.96,Cancelled
ORD000279,P0096,S032,2026-07-10,651,2691.52,Processing
ORD000280,P0086,S032,2026-08-13,296,710.08,Shipped
ORD000281,P0318,S004,2026-07-17,887,1801.61,Delivered
ORD000282,P0070,S013,2026-07-26,835,1925.88,Cancelled
ORD000283,P0351,S032,2026-07-06,426,3553.61,Cancelled
ORD000284,P0086,S006,2026-07-27,579,163.99,Processing
ORD000285,P0017,S018,2026-06-06,231,2692.67,Processing
ORD000286,P0290,S048,2026-07-19,792,3831.94,Delivered
ORD000287,P0059,S018,2026-08-17,794,2720.1,Shipped
ORD000288,P0422,S049,2026-08-09,43,3802.42,Cancelled
ORD000289,P0112,S028,2026-08-10,105,3682.58,Processing
ORD000290,P0448,S003,2026-06-08,461,1321.45,Delivered
ORD000291,P0444,S008,2026-07-14,795,4061.33,Processing
ORD000292,P0353,S023,2026-08-21,882,3556.66,Cancelled
ORD000293,P0316,S009,2026-05-05,804,1041.03,Processing
ORD000294,P0292,S023,2026-04-08,546,1412.61,Processing
ORD000295,P0361,S019,2026-06-14,297,2867.95,Delivered
ORD000296,P0493,S049,2026-04-27,805,2063.87,Delivered
ORD000297,P0444,S042,2026-06-02,130,3510.12,Processing
ORD000298,P0075,S046,2026-05-26,330,4144.12,Cancelled
ORD000299,P0073,S037,2026-07-27,648,1350.9,Cancelled
ORD000300,P0232,S005,2026-06-28,649,3975.05,Delivered
ORD000301,P0264,S048,2026-07-05,285,3476.57,Shipped
ORD000302,P0487,S032,2026-07-18,336,2913.96,Delivered
ORD000303,P0326,S043,2026-07-19,715,1797.53,Delivered
ORD000304,P0204,S014,2026-08-07,992,2153.92,Processing
ORD000305,P0138,S021,2026-07-28,849,1425.13,Processing
ORD000306,P0437,S032,2026-08-15,808,1725.26,Delivered
ORD000307,P0051,S041,2026-04-04,803,4185.14,Delivered
ORD000308,P0476,S011,2026-04-24,452,2288.03,Cancelled
ORD000309,P0353,S009,2026-05-14,904,3253.49,Processing
ORD000310,P0048,S042,2026-06-02,370,1259.44,Shipped
ORD000311,P0463,S042,2026-09-10,170,268.42,Shipped
ORD000312,P0387,S015,2026-09-19,440,3280.87,Delivered
ORD000313,P0110,S031,2026-03-24,80,672.17,Processing
ORD000314,P0349,S029,2026-08-03,10,50.23,Shipped
ORD000315,P0441,S028,2026-04-23,711,669.55,Delivered
ORD000316,P0197,S006,2026-05-21,749,4031.72,Delivered
ORD000317,P0189,S020,2026-06-12,141,1919.78,Processing
ORD000318,P0347,S010,2026-09-04,71,2657.24,Delivered
ORD000319,P0333,S011,2026-08-27,451,1762.43,Processing
ORD000320,P0384,S010,2026-08-31,942,2064.43,Cancelled
ORD000321,P0045,S007,2026-05-18,144,3764.7,Cancelled
ORD000322,P0494,S028,2026-06-21,323,3957.47,Processing
ORD000323,P0331,,2026-06-02,255,2771.45,Shipped
ORD000324,P0014,S043,2026-09-16,897,1515.23,Processing
ORD000325,P0152,S042,2026-07-02,56,3921.17,Processing
ORD000326,P0198,S008,2026-07-28,247,2502.92,Delivered
ORD000327,P0456,S001,2026-08-06,370,4670.28,Processing
ORD000328,P0441,S037,2026-07-01,431,1833.41,Processing
ORD000329,P0489,S050,2026-07-22,75,93.28,Delivered
ORD000330,P0135,S014,2026-03-27,41,4613.67,Cancelled
ORD000331,P0147,S041,2026-07-31,730,2510.23,Cancelled
ORD000332,P0360,S026,2026-07-10,85,3206.28,Processing
ORD000333,P0043,S020,2026-06-03,81,2561.41,Processing
ORD000334,P0275,S021,2026-05-02,401,2936.32,Delivered
ORD000335,P0358,S028,2026-06-11,748,4767.61,Processing
ORD000336,P0126,S006,2026-04-07,947,2178.07,Cancelled
ORD000337,P0312,S004,2026-08-27,317,3333.74,Processing
ORD000338,P0007,S046,2026-04-23,141,3510.48,Processing
ORD000339,P0488,S023,2026-07-29,536,2590.94,Shipped
ORD000340,P0191,S009,2026-05-05,768,3907.81,Shipped
ORD000341,P0395,S002,2026-04-23,344,4037.47,Shipped
ORD000342,P0033,S017,2026-08-05,730,4875.5,Delivered
ORD000343,P0234,S033,2026-07-29,369,286.64,Processing
ORD000344,P0081,S017,2026-06-26,792,523.5,Delivered
ORD000345,P0380,S033,2026-05-21,3,229.75,Delivered
ORD000346,P0024,S031,2026-05-25,373,1921.07,Processing
ORD000347,P0477,S003,2026-05-08,567,4017.55,Cancelled
ORD000348,P0165,S016,2026-05-20,427,4580.12,Shipped
ORD000349,P0423,S005,2026-06-01,586,1870.31,Delivered
ORD000350,P0115,S034,2026-05-08,48,4770.86,Delivered
ORD000351,P0444,S019,2026-07-21,793,4225.78,Shipped
ORD000352,P0284,S030,2026-04-15,9,1850.91,Shipped
ORD000353,P0402,S020,2026-08-15,758,3117.36,Cancelled
ORD000354,P0303,S032,2026-06-26,792,3881.67,Processing
ORD000355,P0004,S027,2026-05-01,25,1172.66,Shipped
ORD000356,P0430,S045,2026-09-02,899,57.88,Shipped
ORD000357,P0389,S043,2026-03-24,386,4246.54,Shipped
ORD000358,P0106,S034,2026-04-19,244,2104.88,Delivered
ORD000359,P0365,S018,2026-04-29,96,229.06,Processing
ORD000360,P0212,S045,2026-08-04,918,1868.73,Delivered
ORD000361,P0049,S033,2026-08-19,137,3189.71,Cancelled
ORD000362,P0304,S037,2026-04-12,64,2180.56,Processing
ORD000363,P0150,S017,2026-05-23,872,1581.89,Cancelled
ORD000364,P0426,S048,2026-09-19,335,1597.11,Shipped
ORD000365,P0039,S013,2026-05-22,140,3901.89,Delivered
ORD000366,P0055,S011,2026-05-02,461,2335.62,Cancelled
ORD000367,P0275,S023,2026-04-23,988,3853.98,Cancelled
ORD000368,P0238,S017,2026-06-10,873,608.37,Processing
ORD000369,P0156,S046,2026-09-15,714,3020.48,Processing
ORD000370,P0076,S006,2026-06-15,729,1248.61,Shipped
ORD000371,P0263,S004,2026-07-03,694,1501.22,Processing
ORD000372,P0488,S026,2026-03-31,876,2266.48,Processing
ORD000373,P0237,S007,2026-04-17,824,3971.11,Delivered
ORD000374,P0032,S050,2026-03-27,228,662.27,Cancelled
ORD000375,P0352,S041,2026-06-27,961,3226.98,Shipped
ORD000376,P0012,S005,2026-04-12,203,4513.46,Cancelled
ORD000377,P0048,S022,2026-04-25,126,223.05,Cancelled
ORD000378,P0087,S037,2026-04-05,444,4110.21,Cancelled
ORD000379,P0016,S025,2026-07-29,700,2139.05,Shipped
ORD000380,P0466,S012,2026-05-17,282,1406.47,Processing
ORD000381,P0315,S040,2026-04-01,632,1236.47,Shipped
ORD000382,P0211,S036,2026-07-29,491,314.29,Shipped
ORD000383,P0071,S027,2026-06-30,205,3216.84,Processing
ORD000384,P0411,S035,2026-09-01,814,107.45,Cancelled
ORD000385,P0246,S035,2026-06-23,801,2428.55,Shipped
ORD000386,P0139,S012,2026-07-01,27,1601.2,Processing
ORD000387,P0459,S050,2026-03-31,288,302.37,Cancelled
ORD000388,P0184,S050,2026-08-06,599,4998.03,Processing
ORD000389,P0127,S043,2026-04-18,247,1339.97,Delivered
ORD000390,P0295,S025,2026-05-19,364,4676.68,Processing
ORD000391,P0122,S038,2026-05-08,326,4032.99,Shipped
ORD000392,P0015,S046,2026-08-22,718,1764.89,Processing
ORD000393,P0486,S013,2026-08-15,857,4940.15,Cancelled
ORD000394,P0159,S012,2026-08-09,503,199.44,Delivered
ORD000395,P0309,S015,2026-05-22,21,2636.98,Delivered
ORD000396,P0470,S040,2026-06-16,207,4034.16,Shipped
ORD000397,P0471,S021,2026-05-08,61,119.35,Processing
ORD000398,P0434,S034,2026-04-21,882,1830.8,Delivered
ORD000399,P0361,S043,2026-06-27,406,2934.22,Shipped
ORD000400,P0166,S009,2026-06-09,1000,795.94,Cancelled
ORD000401,P0492,S032,2026-09-03,665,1593.24,Shipped
ORD000402,P0341,S038,2026-05-20,835,885.0,Shipped
ORD000403,P0151,S009,2026-09-16,182,3646.87,Cancelled
ORD000404,P0017,S012,2026-08-16,617,1597.9,Processing
ORD000405,P0290,S007,2026-09-03,960,2485.96,Shipped
ORD000406,P0122,S023,2026-04-12,328,847.76,Delivered
ORD000407,P0328,S047,2026-09-11,908,1685.39,Delivered
ORD000408,P0108,S016,2026-05-30,710,348.3,Shipped
ORD000409,P0369,S001,2026-04-20,50,1935.83,Cancelled
ORD000410,P0453,S027,2026-05-05,505,4410.04,Shipped
ORD000411,P0193,S007,2026-08-10,849,2402.65,Processing
ORD000412,P0232,S005,2026-05-04,819,4230.35,Shipped
ORD000413,P0164,S017,2026-03-29,975,532.58,Shipped
ORD000414,P0455,S025,2026-05-06,165,3662.61,Delivered
ORD000415,P0305,S040,2026-06-18,915,2418.86,Delivered
ORD000416,P0483,S042,2026-07-12,169,3040.51,Cancelled
ORD000417,P0028,S007,2026-05-03,340,1035.7,Processing
ORD000418,P0357,S036,2026-07-06,740,4628.61,Shipped
ORD000419,P0145,S020,2026-09-09,244,488.62,Cancelled
ORD000420,P0282,S032,2026-08-17,158,281.98,Delivered
ORD000421,P0045,S019,2026-07-11,844,3313.48,Cancelled
ORD000422,P0050,S002,2026-05-14,212,862.45,Shipped
ORD000423,P0243,S008,2026-04-13,316,3926.53,Cancelled
ORD000424,P0459,S043,2026-07-27,272,464.77,Cancelled
ORD000425,P0190,S025,2026-05-10,379,941.05,Delivered
ORD000426,P0226,S030,2026-05-30,270,1138.95,Shipped
ORD000427,P0032,S010,2026-08-15,771,3485.39,Delivered
ORD000428,P0343,S023,2026-04-14,828,2711.83,Processing
ORD000429,P0032,S025,2026-08-12,839,2617.69,Cancelled
ORD000430,P0452,S016,2026-08-17,488,1501.27,Cancelled
ORD000431,P0258,S037,2026-04-01,923,2588.92,Processing
ORD000432,P0487,S049,2026-04-23,460,872.67,Processing
ORD000433,P0414,S013,2026-05-17,130,222.95,Delivered
ORD000434,P0223,S013,2026-09-14,843,3139.86,Shipped
ORD000435,P0467,S047,2026-06-13,937,4038.64,Delivered
ORD000436,P0285,S026,2026-07-01,566,1637.37,Shipped
ORD000437,P0235,S001,2026-08-04,806,3505.06,Cancelled
ORD000438,P0213,S010,2026-04-21,152,2837.3,Delivered
ORD000439,P0289,S050,2026-04-20,104,3930.87,Shipped
ORD000440,P0136,,2026-07-07,671,2433.07,Cancelled
ORD000441,P0089,S018,2026-04-02,413,727.82,Cancelled
ORD000442,P0203,S022,2026-04-02,708,1195.52,Cancelled
ORD000443,P0460,S024,2026-05-31,21,1695.95,Shipped
ORD000444,P0144,S032,2026-06-11,879,3483.95,Delivered
ORD000445,P0069,S020,2026-05-21,998,3721.18,Shipped
ORD000446,P0374,S027,2026-05-31,620,3231.32,Processing
ORD000447,P0109,S027,2026-07-15,759,2427.46,Shipped
ORD000448,P0264,S011,2026-04-07,68,1562.5,Cancelled
ORD000449,P0400,S034,2026-04-27,901,2847.67,Processing
ORD000450,P0449,S013,2026-05-12,858,297.56,Delivered
ORD000451,P0026,S024,2026-07-18,722,1003.56,Shipped
ORD000452,P0259,S026,2026-07-20,651,4616.14,Delivered
ORD000453,P0191,S032,2026-05-24,609,2236.06,Cancelled
ORD000454,P0283,S023,2026-08-21,353,825.93,Shipped
ORD000455,P0047,S019,2026-09-16,29,1938.96,Processing
ORD000456,P0400,S014,2026-08-17,878,1114.54,Processing
ORD000457,P0106,S018,2026-09-13,668,2053.44,Delivered
ORD000458,P0005,S031,2026-09-14,934,670.25,Processing
ORD000459,P0411,S001,2026-08-24,230,1269.43,Shipped
ORD000460,P0141,S028,2026-09-04,917,1888.61,Shipped
ORD000461,P0130,S014,2026-07-19,478,1517.7,Cancelled
ORD000462,P0053,S001,2026-08-20,524,4997.15,Shipped
ORD000463,P0332,S039,2026-08-14,624,1420.56,Delivered
ORD000464,P0033,S022,2026-07-25,284,3206.57,Shipped
ORD000465,P0336,S046,2026-05-29,976,4462.95,Shipped
ORD000466,P0077,S034,2026-05-11,784,1209.11,Delivered
ORD000467,P0207,S043,2026-08-24,328,3406.97,Delivered
ORD000468,P0255,S019,2026-09-07,266,4535.49,Cancelled
ORD000469,P0378,S003,2026-07-01,598,3543.26,Processing
ORD000470,P0372,S046,2026-06-19,228,3434.73,Cancelled
ORD000471,P0184,S033,2026-09-11,308,4228.64,Processing
ORD000472,P0050,S031,2026-06-07,132,3707.19,Processing
ORD000473,P0461,S022,2026-09-14,671,455.61,Shipped
ORD000474,P0382,S020,2026-05-20,431,3942.57,Shipped
ORD000475,P0134,S038,2026-06-27,302,2324.17,Delivered
ORD000476,P0028,S041,2026-07-22,598,2905.76,Delivered
ORD000477,P0456,S013,2026-07-22,513,607.88,Cancelled
ORD000478,P0153,S027,2026-08-06,56,4355.54,Processing
ORD000479,P0103,S022,2026-04-28,420,4936.09,Cancelled
ORD000480,P0162,S046,2026-04-29,185,3896.92,Cancelled
ORD000481,P0324,S012,2026-06-17,321,3176.15,Delivered
ORD000482,P0141,S014,2026-07-17,780,3869.98,Processing
ORD000483,P0403,S049,2026-07-27,799,449.33,Cancelled
ORD000484,P0220,S026,2026-09-02,440,4826.99,Cancelled
ORD000485,P0020,S035,2026-03-25,205,3655.99,Delivered
ORD000486,P0388,S034,2026-06-14,196,99.4,Delivered
ORD000487,P0376,S016,2026-08-31,232,3470.69,Shipped
ORD000488,P0067,S007,2026-06-11,393,2521.65,Shipped
ORD000489,P0034,S003,2026-05-05,306,4742.83,Cancelled
ORD000490,P0306,,2026-08-04,346,2173.99,Processing
ORD000491,P0462,S032,2026-06-19,368,3753.08,Processing
ORD000492,P0010,S015,2026-07-05,230,3638.57,Processing
ORD000493,P0376,S002,2026-05-17,604,2528.12,Delivered
ORD000494,P0365,S042,2026-06-25,812,196.44,Shipped
ORD000495,P0320,S004,2026-08-07,609,4973.45,Delivered
ORD000496,P0429,S002,2026-09-07,50,3451.85,Cancelled
ORD000497,P0195,S008,2026-07-15,561,1271.16,Processing
ORD000498,P0356,S044,2026-05-15,646,56.43,Cancelled
ORD000499,P0052,S043,2026-09-09,533,1357.19,Processing
ORD000500,P0426,S007,2026-07-09,524,3596.64,Delivered
ORD000501,P0059,S007,2026-06-04,510,1001.25,Processing
ORD000502,P0426,S034,2026-05-30,997,1016.35,Cancelled
ORD000503,P0083,S003,2026-06-07,562,2486.81,Processing
ORD000504,P0478,S031,2026-09-16,339,1180.18,Delivered
ORD000505,P0046,S008,2026-09-11,856,2875.02,Cancelled
ORD000506,P0487,S006,2026-05-01,799,2563.41,Delivered
ORD000507,P0330,S015,2026-05-28,468,4943.44,Shipped
ORD000508,P0238,S004,2026-05-30,103,4067.76,Delivered
ORD000509,P0185,S044,2026-06-06,321,2135.72,Delivered
ORD000510,P0436,S049,2026-04-17,912,238.99,Processing
ORD000511,P0332,S011,2026-09-09,337,1794.06,Cancelled
ORD000512,P0138,S047,2026-08-30,96,1869.38,Shipped
ORD000513,P0059,S026,2026-05-09,410,4811.93,Shipped
ORD000514,P0354,S031,2026-06-30,820,2114.48,Processing
ORD000515,P0068,S045,2026-04-21,744,302.65,Processing
ORD000516,P0214,S038,2026-04-19,495,4013.3,Cancelled
ORD000517,P0313,S025,2026-05-09,798,1799.41,Delivered
ORD000518,P0451,S047,2026-09-15,997,4459.9,Cancelled
ORD000519,P0058,S027,2026-07-26,452,239.4,Shipped
ORD000520,P0161,S001,2026-09-07,722,4342.98,Processing
ORD000521,P0448,S022,2026-09-11,532,2620.28,Delivered
ORD000522,P0339,S047,2026-07-12,255,2414.83,Cancelled
ORD000523,P0430,S036,2026-05-01,914,4939.08,Delivered
ORD000524,P0330,S011,2026-03-26,518,4245.74,Cancelled
ORD000525,P0039,S049,2026-05-05,504,1609.96,Shipped
ORD000526,P0026,S033,2026-06-03,229,2756.97,Cancelled
ORD000527,P0419,S016,2026-07-05,81,2300.88,Cancelled
ORD000528,P0439,S032,2026-04-15,458,1587.15,Cancelled
ORD000529,P0010,S007,2026-09-07,414,2067.57,Delivered
ORD000530,P0406,S039,2026-04-16,987,3099.14,Shipped
ORD000531,P0288,S014,2026-08-01,671,3360.66,Shipped
ORD000532,P0423,S004,2026-06-25,837,1122.36,Cancelled
ORD000533,P0287,S050,2026-06-16,635,3003.76,Shipped
ORD000534,P0059,S007,2026-07-17,778,3297.96,Delivered
ORD000535,P0182,S041,2026-06-19,988,4001.56,Shipped
ORD000536,P0055,S003,2026-09-19,919,829.14,Processing
ORD000537,P0055,S017,2026-07-06,626,987.65,Delivered
ORD000538,P0111,S030,2026-07-02,845,3909.29,Shipped
ORD000539,P0388,S027,2026-04-20,48,4633.87,Delivered
ORD000540,P0235,S043,2026-07-17,604,4781.39,Processing
ORD000541,P0003,S034,2026-07-29,754,252.37,Cancelled
ORD000542,P0248,S033,2026-08-20,800,4606.6,Processing
ORD000543,P0297,S012,2026-09-17,749,4078.07,Delivered
ORD000544,P0337,S039,2026-07-01,621,4414.65,Cancelled
ORD000545,P0312,S045,2026-07-09,781,1248.71,Cancelled
ORD000546,P0497,S019,2026-06-19,464,4025.94,Processing
ORD000547,P0309,S045,2026-07-07,908,3744.65,Shipped
ORD000548,P0281,S021,2026-09-19,729,3686.73,Processing
ORD000549,P0108,S040,2026-05-14,732,1459.99,Shipped
ORD000550,P0068,S046,2026-09-12,666,4876.15,Processing
ORD000551,P0278,S045,2026-07-30,653,1618.68,Delivered
ORD000552,P0288,S031,2026-06-22,597,2857.48,Cancelled
ORD000553,P0383,S035,2026-09-12,293,4388.61,Cancelled
ORD000554,P0268,S007,2026-03-27,26,1910.54,Delivered
ORD000555,P0029,S013,2026-09-11,274,3753.42,Processing
ORD000556,P0350,S017,2026-06-05,150,4198.52,Shipped
ORD000557,P0386,S035,2026-05-15,34,1799.83,Cancelled
ORD000558,P0316,S044,2026-04-19,758,2813.81,Processing
ORD000559,P0288,S025,2026-09-05,244,2559.5,Shipped
ORD000560,P0341,S004,2026-09-17,949,1914.1,Cancelled
ORD000561,P0161,S036,2026-09-15,56,74.7,Shipped
ORD000562,P0318,S050,2026-05-14,882,4351.89,Processing
ORD000563,P0361,S046,2026-09-02,664,1845.03,Processing
ORD000564,P0151,S029,2026-05-12,182,4917.43,Delivered
ORD000565,P0493,S012,2026-05-10,753,2574.1,Cancelled
ORD000566,P0220,S018,2026-04-03,570,1328.56,Processing
ORD000567,P0434,S017,2026-08-20,6,1659.51,Processing
ORD000568,P0079,S021,2026-04-03,612,263.77,Shipped
ORD000569,P0405,S037,2026-07-27,564,1796.85,Shipped
ORD000570,P0113,S012,2026-08-05,534,350.2,Processing
ORD000571,P0279,S035,2026-07-08,414,468.81,Processing
ORD000572,P0340,S022,2026-05-17,340,1810.38,Processing
ORD000573,P0272,S031,2026-08-29,575,4120.21,Delivered
ORD000574,P0343,S023,2026-04-22,457,1209.34,Processing
ORD000575,P0350,S021,2026-04-03,391,4580.5,Delivered
ORD000576,P0132,S035,2026-06-30,742,1421.32,Shipped
ORD000577,P0412,S033,2026-08-02,457,2439.16,Shipped
ORD000578,P0099,S021,2026-09-06,527,420.9,Delivered
ORD000579,P0498,S050,2026-05-05,551,2670.7,Delivered
ORD000580,P0344,S041,2026-05-16,793,1073.74,Cancelled
ORD000581,P0106,S035,2026-04-19,849,3516.69,Cancelled
ORD000582,P0419,S005,2026-09-05,765,3433.36,Delivered
ORD000583,P0368,S022,2026-07-19,39,446.73,Delivered
ORD000584,P0407,S017,2026-05-08,572,361.51,Processing
ORD000585,P0209,S025,2026-05-29,462,3154.78,Cancelled
ORD000586,P0009,S025,2026-06-12,690,600.35,Delivered
ORD000587,P0369,S040,2026-09-04,65,3782.24,Delivered
ORD000588,P0435,S005,2026-09-19,367,4640.96,Delivered
ORD000589,P0403,S044,2026-06-06,309,3036.76,Shipped
ORD000590,P0196,S026,2026-07-14,842,3307.01,Cancelled
ORD000591,P0274,S015,2026-05-03,140,3736.3,Shipped
ORD000592,P0074,S020,2026-09-02,694,4436.02,Shipped
ORD000593,P0284,S036,2026-03-26,145,624.94,Delivered
ORD000594,P0306,S026,2026-08-17,551,2742.15,Delivered
ORD000595,P0108,S048,2026-06-10,760,4518.7,Shipped
ORD000596,P0212,S042,2026-05-17,872,2567.64,Processing
ORD000597,P0114,S040,2026-05-10,855,1271.18,Delivered
ORD000598,P0344,S037,2026-05-09,873,281.4,Cancelled
ORD000599,P0282,S005,2026-09-05,298,3361.71,Shipped
ORD000600,P0102,S047,2026-04-18,595,2441.08,Shipped
ORD000601,P0066,S043,2026-06-23,672,1180.32,Shipped
ORD000602,P0036,S013,2026-08-29,326,2434.45,Shipped
ORD000603,P0338,S020,2026-08-28,711,2925.01,Shipped
ORD000604,P0491,S028,2026-06-12,173,34.11,Processing
ORD000605,P0365,S048,2026-05-19,657,2186.26,Shipped
ORD000606,P0348,S047,2026-04-27,340,4390.65,Cancelled
ORD000607,P0184,S050,2026-07-16,313,2439.99,Delivered
ORD000608,P0331,S039,2026-05-07,84,4210.55,Processing
ORD000609,P0101,S017,2026-08-08,752,4432.82,Delivered
ORD000610,P0457,S002,2026-04-12,870,2540.82,Delivered
ORD000611,P0297,S026,2026-08-19,788,2954.28,Delivered
ORD000612,P0134,S035,2026-08-12,916,4993.65,Cancelled
ORD000613,P0397,S010,2026-09-07,375,1968.57,Shipped
ORD000614,P0238,S033,2026-04-27,523,461.86,Shipped
ORD000615,P0006,S043,2026-07-30,245,4241.43,Processing
ORD000616,P0072,S029,2026-08-02,164,903.93,Processing
ORD000617,P0481,S023,2026-07-25,42,1101.91,Cancelled
ORD000618,P0033,S017,2026-05-22,379,1177.75,Processing
ORD000619,P0465,S024,2026-08-03,398,2353.67,Cancelled
ORD000620,P0021,S042,2026-04-04,332,525.09,Shipped
ORD000621,P0297,S035,2026-05-30,584,877.51,Cancelled
ORD000622,P0301,S042,2026-06-25,920,4178.99,Shipped
ORD000623,P0499,S015,2026-06-28,529,2035.15,Shipped
ORD000624,P0406,S031,2026-07-26,909,3025.01,Processing
ORD000625,P0085,S015,2026-07-14,79,2577.56,Shipped
ORD000626,P0077,S012,2026-05-17,162,1817.49,Delivered
ORD000627,P0118,S027,2026-09-09,831,1657.82,Delivered
ORD000628,P0346,S031,2026-07-25,491,1061.41,Processing
ORD000629,P0427,S027,2026-09-05,23,1225.91,Processing
ORD000630,P0304,S011,2026-08-17,138,3151.41,Delivered
ORD000631,P0076,S004,2026-08-17,171,1298.72,Processing
ORD000632,P0491,S026,2026-08-03,614,4846.53,Delivered
ORD000633,P0421,S019,2026-09-09,970,437.89,Cancelled
ORD000634,P0242,S031,2026-08-26,175,1104.63,Cancelled
ORD000635,P0074,S038,2026-08-24,841,3839.78,Shipped
ORD000636,P0371,S044,2026-05-05,351,4612.54,Delivered
ORD000637,P0194,S025,2026-05-21,136,551.76,Processing
ORD000638,P0441,S033,2026-08-04,701,2104.78,Processing
ORD000639,P0050,S012,2026-08-26,488,4509.03,Delivered
ORD000640,P0258,S049,2026-08-07,121,475.02,Processing
ORD000641,P0277,S001,2026-08-25,919,4689.3,Cancelled
ORD000642,P0216,S024,2026-08-04,896,226.76,Cancelled
ORD000643,P0481,S031,2026-05-21,809,3845.67,Shipped
ORD000644,P0412,S048,2026-08-21,930,3810.08,Delivered
ORD000645,P0069,S017,2026-07-10,489,3831.64,Delivered
ORD000646,P0307,S035,2026-06-04,419,1296.45,Delivered
ORD000647,P0296,S034,2026-03-25,121,2603.61,Cancelled
ORD000648,P0106,S045,2026-09-07,824,1586.35,Shipped
ORD000649,P0080,S028,2026-04-20,668,2931.0,Shipped
ORD000650,P0217,S037,2026-08-08,375,3063.28,Cancelled
ORD000651,P0212,S036,2026-05-15,803,2792.24,Processing
ORD000652,P0287,S036,2026-06-26,496,1276.35,Shipped
ORD000653,P0177,S050,2026-08-18,723,1996.67,Processing
ORD000654,P0061,S048,2026-09-08,236,2238.51,Processing
ORD000655,P0110,S033,2026-04-18,411,3932.54,Delivered
ORD000656,P0200,S041,2026-05-04,6,4023.8,Processing
ORD000657,P0475,S039,2026-07-22,446,449.82,Shipped
ORD000658,P0190,S006,2026-05-19,624,198.4,Cancelled
ORD000659,P0315,S042,2026-07-04,534,1439.48,Delivered
ORD000660,P0328,S032,2026-05-07,450,63.44,Shipped
ORD000661,P0018,S039,2026-05-12,523,2583.91,Processing
ORD000662,P0087,S044,2026-08-28,37,1805.1,Delivered
ORD000663,P0045,S018,2026-05-03,799,2003.17,Cancelled
ORD000664,P0301,S013,2026-07-05,531,86.68,Delivered
ORD000665,P0282,S019,2026-04-16,744,4150.53,Shipped
ORD000666,P0494,S018,2026-06-20,232,3035.75,Processing
ORD000667,P0477,S026,2026-07-18,589,33.21,Processing
ORD000668,P0260,S007,2026-07-06,573,371.21,Shipped
ORD000669,P0485,S008,2026-06-19,823,2571.3,Shipped
ORD000670,P0417,S037,2026-08-08,257,3474.02,Cancelled
ORD000671,P0248,S050,2026-08-15,250,3789.79,Cancelled
ORD000672,P0236,S038,2026-09-14,883,146.48,Delivered
ORD000673,P0035,S025,2026-05-29,649,3945.39,Processing
ORD000674,P0360,S015,2026-09-13,820,1585.5,Shipped
ORD000675,P0275,S001,2026-08-03,718,4162.56,Processing
ORD000676,P0048,S026,2026-06-05,690,3746.45,Shipped
ORD000677,P0284,S012,2026-04-12,488,1576.23,Processing
ORD000678,P0138,S012,2026-08-17,970,3733.32,Processing
ORD000679,P0378,S013,2026-07-29,241,3679.79,Shipped
ORD000680,P0118,S013,2026-05-15,855,1255.98,Shipped
ORD000681,P0399,S007,2026-05-02,123,4601.74,Cancelled
ORD000682,P0004,S049,2026-08-28,878,2711.96,Delivered
ORD000683,P0191,S040,2026-07-25,323,2466.78,Shipped
ORD000684,P0094,S049,2026-07-27,938,2560.56,Cancelled
ORD000685,P0385,S037,2026-05-19,132,280.2,Cancelled
ORD000686,P0482,S035,2026-07-24,34,2517.35,Cancelled
ORD000687,P0398,S012,2026-09-15,469,4882.77,Cancelled
ORD000688,P0353,S001,2026-06-12,13,3373.77,Cancelled
ORD000689,P0052,S021,2026-08-19,371,3067.76,Shipped
ORD000690,P0281,S017,2026-05-10,243,1354.35,Shipped
ORD000691,P0095,S032,2026-06-25,435,1060.56,Shipped
ORD000692,P0438,S026,2026-06-25,287,2259.14,Processing
ORD000693,P0352,S015,2026-08-18,834,508.35,Shipped
ORD000694,P0285,S028,2026-05-23,877,1910.61,Processing
ORD000695,P0243,S001,2026-05-01,181,2113.39,Processing
ORD000696,P0265,S035,2026-09-01,738,1585.48,Cancelled
ORD000697,P0129,S036,2026-06-08,880,2843.49,Cancelled
ORD000698,P0354,S011,2026-04-18,62,1085.18,Shipped
ORD000699,P0430,S041,2026-07-23,99,2254.78,Shipped
ORD000700,P0185,S024,2026-05-29,574,2791.88,Shipped
ORD000701,P0011,S027,2026-06-20,125,1761.94,Processing
ORD000702,P0295,S042,2026-08-18,665,2696.81,Shipped
ORD000703,P0167,S044,2026-06-22,523,2442.59,Cancelled
ORD000704,P0196,S040,2026-04-13,294,2324.12,Processing
ORD000705,P0328,S022,2026-05-05,432,3160.05,Cancelled
ORD000706,P0041,S011,2026-04-11,352,1148.81,Shipped
ORD000707,P0150,S046,2026-09-07,274,3030.87,Cancelled
ORD000708,P0455,S029,2026-06-01,800,4315.4,Shipped
ORD000709,P0267,S029,2026-08-21,424,844.92,Delivered
ORD000710,P0373,S016,2026-04-25,678,1265.72,Delivered
ORD000711,P0086,S026,2026-05-16,106,486.81,Cancelled
ORD000712,P0028,S002,2026-08-11,790,1991.09,Delivered
ORD000713,P0135,S040,2026-04-19,160,430.71,Cancelled
ORD000714,P0118,S016,2026-06-11,756,1428.03,Processing
ORD000715,P0270,S011,2026-04-26,30,185.42,Shipped
ORD000716,P0443,S031,2026-06-15,479,4875.16,Shipped
ORD000717,P0228,S009,2026-08-11,993,4742.95,Processing
ORD000718,P0306,S030,2026-08-22,647,3747.07,Cancelled
ORD000719,P0328,S041,2026-08-05,547,1555.21,Shipped
ORD000720,P0277,S015,2026-07-25,825,456.87,Shipped
ORD000721,P0212,S017,2026-06-25,160,1524.83,Delivered
ORD000722,P0418,S049,2026-08-04,869,690.14,Shipped
ORD000723,P0274,S001,2026-07-22,705,4611.22,Cancelled
ORD000724,P0005,S050,2026-06-08,441,3991.84,Processing
ORD000725,P0281,S024,2026-03-25,194,2064.56,Cancelled
ORD000726,P0128,S011,2026-07-03,733,3688.22,Cancelled
ORD000727,P0113,S017,2026-06-28,82,2116.97,Processing
ORD000728,P0392,S040,2026-08-03,827,3472.68,Shipped
ORD000729,P0333,S048,2026-06-04,545,4045.96,Cancelled
ORD000730,P0437,S005,2026-05-11,187,691.75,Delivered
ORD000731,P0234,S040,2026-09-03,464,1367.95,Cancelled
ORD000732,P0165,S002,2026-05-11,156,257.66,Delivered
ORD000733,P0498,S007,2026-05-10,289,1353.28,Cancelled
ORD000734,P0120,S006,2026-03-26,155,83.48,Processing
ORD000735,P0216,S020,2026-06-19,805,3999.32,Shipped
ORD000736,P0357,S003,2026-07-20,339,410.31,Processing
ORD000737,P0137,S050,2026-04-07,402,366.21,Cancelled
ORD000738,P0099,S017,2026-05-09,837,1914.07,Delivered
ORD000739,P0499,S050,2026-04-24,732,1252.32,Cancelled
ORD000740,P0378,S003,2026-05-26,204,2309.56,Delivered
ORD000741,P0341,S014,2026-08-04,485,1951.72,Shipped
ORD000742,P0082,S041,2026-06-14,746,220.51,Delivered
ORD000743,P0247,S041,2026-05-27,306,1001.63,Delivered
ORD000744,P0112,S008,2026-09-10,242,3168.22,Shipped
ORD000745,P0086,S018,2026-03-27,599,607.05,Processing
ORD000746,P0497,S003,2026-03-26,596,3919.54,Cancelled
ORD000747,P0306,S010,2026-09-16,381,3856.28,Processing
ORD000748,P0256,S006,2026-05-03,703,3097.04,Delivered
ORD000749,P0183,S042,2026-04-08,158,3509.63,Delivered
ORD000750,P0250,S015,2026-04-25,325,4908.56,Shipped
ORD000751,P0376,S013,2026-07-14,22,3449.36,Shipped
ORD000752,P0129,S003,2026-04-27,497,3536.06,Shipped
ORD000753,P0357,S032,2026-08-09,195,2837.84,Shipped
ORD000754,P0375,S030,2026-06-14,282,4339.63,Processing
ORD000755,P0272,S010,2026-04-10,461,1485.41,Shipped
ORD000756,P0188,S030,2026-08-09,1,3881.83,Cancelled
ORD000757,P0453,S002,2026-05-10,635,4285.58,Processing
ORD000758,P0370,S005,2026-06-14,675,4836.14,Cancelled
ORD000759,P0269,S044,2026-05-11,510,3831.01,Processing
ORD000760,P0145,S021,2026-08-27,420,3208.11,Delivered
ORD000761,P0268,S043,2026-04-17,69,228.45,Processing
ORD000762,P0448,S003,2026-05-08,207,544.21,Processing
ORD000763,P0017,S037,2026-04-18,658,4183.13,Cancelled
ORD000764,P0320,S045,2026-08-05,605,1287.13,Shipped
ORD000765,P0311,S046,2026-05-19,73,75.3,Processing
ORD000766,P0252,S006,2026-09-07,480,4007.09,Delivered
ORD000767,P0286,S048,2026-06-24,961,4453.25,Shipped
ORD000768,P0422,S040,2026-04-07,273,2649.81,Delivered
ORD000769,P0040,S014,2026-06-09,984,2602.23,Delivered
ORD000770,P0273,S025,2026-05-22,195,973.67,Processing
ORD000771,P0321,S012,2026-08-16,572,3748.48,Cancelled
ORD000772,P0393,S041,2026-04-20,591,1796.24,Cancelled
ORD000773,P0341,S028,2026-09-19,905,529.47,Processing
ORD000774,P0206,S033,2026-08-11,346,3291.08,Cancelled
ORD000775,P0463,S021,2026-06-22,564,4957.4,Shipped
ORD000776,P0212,S049,2026-06-27,649,2158.63,Shipped
ORD000777,P0124,S037,2026-08-26,559,1077.5,Shipped
ORD000778,P0493,S029,2026-06-24,459,4799.52,Delivered
ORD000779,P0146,S039,2026-04-01,17,2592.87,Shipped
ORD000780,P0154,S015,2026-03-25,220,4280.04,Delivered
ORD000781,P0422,S018,2026-09-16,942,2772.78,Processing
ORD000782,P0020,S030,2026-04-17,365,788.97,Shipped
ORD000783,P0456,S038,2026-06-25,256,1172.64,Shipped
ORD000784,P0293,S026,2026-04-16,583,4590.23,Delivered
ORD000785,P0406,S031,2026-06-15,178,2446.5,Delivered
ORD000786,P0329,S020,2026-08-23,39,3656.64,Cancelled
ORD000787,P0400,S004,2026-04-13,944,3856.8,Shipped
ORD000788,P0214,S008,2026-07-13,891,3854.25,Delivered
ORD000789,P0399,S041,2026-09-02,392,280.1,Delivered
ORD000790,P0277,S037,2026-06-13,154,1640.89,Processing
ORD000791,P0026,S044,2026-05-02,750,4986.86,Cancelled
ORD000792,P0295,S033,2026-08-23,93,1118.21,Shipped
ORD000793,P0076,S009,2026-07-02,345,421.9,Delivered
ORD000794,P0205,S017,2026-08-11,88,1998.65,Cancelled
ORD000795,P0067,S049,2026-09-18,139,2409.8,Processing
ORD000796,P0203,S042,2026-07-26,586,988.54,Processing
ORD000797,P0037,S018,2026-05-25,796,2156.03,Delivered
ORD000798,P0344,S027,2026-04-21,434,1832.69,Processing
ORD000799,P0177,S039,2026-06-14,672,130.79,Shipped
ORD000800,P0180,S040,2026-05-06,842,4950.89,Cancelled
ORD000801,P0075,S029,2026-08-30,46,4621.82,Processing
ORD000802,P0351,S024,2026-05-14,160,3791.09,Delivered
ORD000803,P0379,S004,2026-04-21,249,4745.22,Processing
ORD000804,P0008,S022,2026-06-05,711,4023.36,Shipped
ORD000805,P0242,S002,2026-07-17,340,1052.96,Processing
ORD000806,P0280,S034,2026-05-15,769,1300.7,Cancelled
ORD000807,P0374,S010,2026-08-30,712,3496.79,Delivered
ORD000808,P0299,S043,2026-06-28,540,226.98,Processing
ORD000809,P0146,S013,2026-04-08,809,3485.67,Shipped
ORD000810,P0239,S042,2026-04-06,968,51.59,Cancelled
ORD000811,P0139,S043,2026-09-09,873,4565.22,Shipped
ORD000812,P0010,S019,2026-04-20,889,4418.18,Cancelled
ORD000813,P0195,S033,2026-05-22,727,507.02,Shipped
ORD000814,P0444,S039,2026-07-26,545,449.22,Processing
ORD000815,P0495,S030,2026-07-30,575,4632.49,Delivered
ORD000816,P0127,S034,2026-04-03,313,1674.51,Cancelled
ORD000817,P0010,S023,2026-05-03,701,1766.05,Shipped
ORD000818,P0257,S018,2026-05-23,832,319.43,Shipped
ORD000819,P0456,S002,2026-07-01,967,2779.15,Shipped
ORD000820,P0078,S022,2026-05-20,919,1970.3,Processing
ORD000821,P0374,S025,2026-04-15,534,4803.42,Processing
ORD000822,P0124,S037,2026-07-08,157,2138.06,Shipped
ORD000823,P0169,S029,2026-08-25,556,667.54,Processing
ORD000824,P0278,S044,2026-08-19,820,1019.53,Processing
ORD000825,P0353,S046,2026-06-11,921,2623.79,Processing
ORD000826,P0466,S050,2026-07-12,149,3284.6,Processing
ORD000827,P0035,S036,2026-06-13,546,4743.52,Delivered
ORD000828,P0163,S010,2026-05-10,745,157.12,Shipped
ORD000829,P0493,S027,2026-07-07,311,2220.59,Shipped
ORD000830,P0399,S013,2026-05-01,110,666.41,Delivered
ORD000831,P0316,S018,2026-08-27,621,2839.55,Processing
ORD000832,P0119,S015,2026-08-23,704,140.16,Delivered
ORD000833,P0400,S031,2026-09-16,138,2516.6,Cancelled
ORD000834,P0192,S012,2026-09-06,873,1943.43,Cancelled
ORD000835,P0084,S013,2026-04-28,232,170.83,Delivered
ORD000836,P0487,S027,2026-06-01,228,3714.41,Processing
ORD000837,P0034,S012,2026-05-15,950,4773.95,Cancelled
ORD000838,P0251,S045,2026-08-28,333,4335.21,Processing
ORD000839,P0208,S050,2026-07-11,43,3043.57,Cancelled
ORD000840,P0202,S040,2026-06-12,962,3714.91,Delivered
ORD000841,P0056,S029,2026-08-04,468,4136.78,Delivered
ORD000842,P0266,S035,2026-05-25,406,4919.31,Delivered
ORD000843,P0199,S034,2026-08-13,784,3156.94,Delivered
ORD000844,P0150,S029,2026-05-11,408,4423.14,Shipped
ORD000845,P0086,S028,2026-07-20,302,3069.54,Delivered
ORD000846,P0265,S010,2026-09-16,475,4151.17,Cancelled
ORD000847,P0370,S033,2026-04-16,116,907.06,Processing
ORD000848,P0212,S021,2026-07-02,462,134.31,Cancelled
ORD000849,P0460,S046,2026-08-22,918,1017.64,Cancelled
ORD000850,P0129,S021,2026-04-16,709,3246.4,Processing
ORD000851,P0047,S008,2026-04-24,724,2252.5,Shipped
ORD000852,P0269,S046,2026-04-14,394,3637.1,Processing
ORD000853,P0282,S025,2026-06-28,45,3843.62,Shipped
ORD000854,P0447,S043,2026-08-15,884,758.95,Processing
ORD000855,P0394,S046,2026-05-08,53,2103.71,Shipped
ORD000856,P0148,S041,2026-07-16,186,596.59,Processing
ORD000857,P0002,S040,2026-05-14,784,1273.02,Cancelled
ORD000858,P0438,S032,2026-07-29,557,4039.2,Cancelled
ORD000859,P0112,S038,2026-05-23,676,2383.8,Cancelled
ORD000860,P0041,S039,2026-07-15,615,42.8,Shipped
ORD000861,P0322,S036,2026-08-29,840,4128.01,Delivered
ORD000862,P0076,S004,2026-05-10,669,1751.61,Processing
ORD000863,P0342,S037,2026-04-01,859,3020.39,Shipped
ORD000864,P0026,S007,2026-04-15,427,4968.74,Processing
ORD000865,P0146,S040,2026-09-12,677,3460.65,Processing
ORD000866,P0384,S038,2026-07-18,369,4658.08,Delivered
ORD000867,P0166,S024,2026-06-08,920,1900.91,Delivered
ORD000868,P0432,S036,2026-07-11,67,1471.24,Processing
ORD000869,P0356,S018,2026-04-24,338,2639.99,Processing
ORD000870,P0108,S040,2026-09-18,60,555.42,Delivered
ORD000871,P0371,S045,2026-07-25,620,4670.12,Shipped
ORD000872,P0312,S021,2026-07-11,266,2631.7,Shipped
ORD000873,P0315,S037,2026-04-26,509,2603.33,Cancelled
ORD000874,P0414,S012,2026-07-28,905,3050.93,Shipped
ORD000875,P0001,S008,2026-05-12,25,2329.78,Delivered
ORD000876,P0410,S040,2026-05-16,425,2076.07,Shipped
ORD000877,P0287,S041,2026-06-21,218,66.37,Processing
ORD000878,P0145,S017,2026-09-16,810,348.5,Shipped
ORD000879,P0282,S021,2026-07-31,786,40.59,Shipped
ORD000880,P0203,S047,2026-06-19,583,3083.81,Delivered
ORD000881,P0100,S022,2026-05-07,854,1696.3,Cancelled
ORD000882,P0409,S003,2026-07-23,662,687.41,Processing
ORD000883,P0236,S035,2026-08-31,918,1682.2,Cancelled
ORD000884,P0428,S034,2026-04-07,307,2829.06,Shipped
ORD000885,P0275,S002,2026-08-13,214,2891.21,Shipped
ORD000886,P0034,S010,2026-06-22,288,4205.29,Shipped
ORD000887,P0321,S035,2026-06-28,863,838.19,Cancelled
ORD000888,P0305,S008,2026-05-10,886,3913.9,Shipped
ORD000889,P0440,S021,2026-09-20,727,167.82,Cancelled
ORD000890,P0255,S016,2026-04-15,381,2265.01,Shipped
ORD000891,P0269,S020,2026-05-18,180,570.03,Delivered
ORD000892,P0468,S006,2026-05-14,455,2534.91,Cancelled
ORD000893,P0079,S013,2026-07-30,349,4618.95,Shipped
ORD000894,P0074,S050,2026-06-15,893,500.28,Processing
ORD000895,P0371,S003,2026-05-15,471,1944.07,Delivered
ORD000896,P0160,S003,2026-03-25,704,4242.14,Delivered
ORD000897,P0240,S003,2026-06-17,106,2607.68,Shipped
ORD000898,P0296,S049,2026-03-29,320,3197.87,Processing
ORD000899,P0103,S013,2026-06-14,294,1390.48,Shipped
ORD000900,P0344,S008,2026-07-14,280,755.11,Shipped
ORD000901,P0008,S040,2026-04-22,574,2575.16,Processing
ORD000902,P0180,S036,2026-08-09,327,1362.55,Shipped
ORD000903,P0126,S011,2026-08-17,73,1563.77,Shipped
ORD000904,P0228,S004,2026-08-09,134,154.67,Delivered
ORD000905,P0197,S004,2026-04-20,89,2138.06,Processing
ORD000906,P0306,,2026-09-20,645,4182.51,Cancelled
ORD000907,P0183,S020,2026-08-28,341,4089.04,Delivered
ORD000908,P0291,S009,2026-07-21,96,4066.13,Cancelled
ORD000909,P0234,S020,2026-04-17,701,3225.65,Cancelled
ORD000910,P0119,S015,2026-07-22,148,4306.87,Shipped
ORD000911,P0201,S012,2026-06-25,717,4587.15,Shipped
ORD000912,P0233,S032,2026-06-15,31,336.17,Delivered
ORD000913,P0246,S030,2026-06-21,867,862.3,Shipped
ORD000914,P0295,S009,2026-08-25,521,523.63,Delivered
ORD000915,P0285,S042,2026-06-15,73,3964.23,Cancelled
ORD000916,P0303,S027,2026-07-04,245,3108.17,Processing
ORD000917,P0197,S005,2026-07-25,349,1049.11,Cancelled
ORD000918,P0291,S022,2026-07-13,558,3473.72,Processing
ORD000919,P0343,S005,2026-09-09,758,4655.01,Cancelled
ORD000920,P0304,S039,2026-04-22,475,1633.64,Delivered
ORD000921,P0091,S020,2026-07-15,979,2034.91,Delivered
ORD000922,P0417,S039,2026-09-15,790,4101.13,Shipped
ORD000923,P0331,S043,2026-07-28,63,461.76,Processing
ORD000924,P0463,S049,2026-08-19,652,4051.1,Processing
ORD000925,P0077,S029,2026-09-09,545,1464.6,Cancelled
ORD000926,P0106,S044,2026-05-13,899,1589.82,Shipped
ORD000927,P0368,S023,2026-07-13,92,2917.81,Cancelled
ORD000928,P0437,S019,2026-04-25,64,1852.42,Delivered
ORD000929,P0361,S036,2026-03-24,841,4893.69,Delivered
ORD000930,P0444,S002,2026-06-04,241,2164.26,Cancelled
ORD000931,P0163,S046,2026-08-31,392,2036.1,Cancelled
ORD000932,P0109,S043,2026-08-10,178,2379.61,Processing
ORD000933,P0197,S024,2026-08-13,861,2092.01,Shipped
ORD000934,P0065,S009,2026-09-11,12,368.01,Delivered
ORD000935,P0370,S032,2026-04-29,674,2189.31,Processing
ORD000936,P0071,S042,2026-04-14,826,2085.12,Cancelled
ORD000937,P0310,S028,2026-09-18,639,907.19,Cancelled
ORD000938,P0420,S029,2026-08-12,394,1782.98,Processing
ORD000939,P0310,S001,2026-07-10,592,2495.8,Processing
ORD000940,P0138,S027,2026-07-30,949,2735.37,Shipped
ORD000941,P0020,S037,2026-04-01,495,3527.36,Delivered
ORD000942,P0247,S045,2026-08-19,82,719.02,Shipped
ORD000943,P0265,S006,2026-07-21,536,4450.68,Delivered
ORD000944,P0242,S041,2026-05-25,760,3322.05,Delivered
ORD000945,P0325,S035,2026-09-15,818,2902.35,Delivered
ORD000946,P0274,S050,2026-06-19,12,2349.66,Cancelled
ORD000947,P0376,S022,2026-08-17,432,1771.04,Shipped
ORD000948,P0086,S003,2026-06-06,712,4615.09,Shipped
ORD000949,P0134,S004,2026-08-15,645,2371.07,Processing
ORD000950,P0027,S043,2026-08-17,299,4046.39,Delivered
ORD000951,P0249,S006,2026-06-05,130,2532.92,Shipped
ORD000952,P0068,S040,2026-05-27,288,1383.33,Shipped
ORD000953,P0380,S008,2026-03-27,619,881.32,Processing
ORD000954,P0229,S024,2026-09-08,828,885.24,Processing
ORD000955,P0093,S034,2026-07-26,883,175.12,Delivered
ORD000956,P0305,S010,2026-04-30,858,2484.78,Cancelled
ORD000957,P0122,S043,2026-06-30,451,3632.74,Processing
ORD000958,P0296,S047,2026-05-16,863,1731.93,Shipped
ORD000959,P0027,S011,2026-04-22,476,1999.74,Shipped
ORD000960,P0383,S049,2026-07-23,945,2667.28,Cancelled
ORD000961,P0362,S025,2026-09-14,486,1320.5,Cancelled
ORD000962,P0148,S029,2026-03-27,392,3395.68,Delivered
ORD000963,P0470,S035,2026-04-17,653,1775.6,Cancelled
ORD000964,P0471,S042,2026-08-27,879,1370.23,Shipped
ORD000965,P0411,S007,2026-05-31,262,3275.17,Cancelled
ORD000966,P0396,S044,2026-07-20,768,1216.57,Processing
ORD000967,P0173,S044,2026-08-04,707,4966.14,Shipped
ORD000968,P0006,S044,2026-08-11,9,4160.13,Delivered
ORD000969,P0051,S034,2026-07-07,107,3430.64,Shipped
ORD000970,P0372,S019,2026-05-19,258,973.47,Delivered
ORD000971,P0048,S004,2026-08-29,962,2974.75,Processing
ORD000972,P0327,S008,2026-08-24,726,4789.4,Delivered
ORD000973,P0067,S025,2026-08-25,673,3821.65,Processing
ORD000974,P0357,S012,2026-04-21,260,1479.9,Delivered
ORD000975,P0233,S018,2026-09-03,788,2140.65,Shipped
ORD000976,P0083,S050,2026-05-28,76,1393.66,Delivered
ORD000977,P0199,S022,2026-06-29,62,1298.61,Shipped
ORD000978,P0226,S005,2026-05-08,504,4897.32,Processing
ORD000979,P0202,S012,2026-08-27,661,2465.37,Processing
ORD000980,P0394,S028,2026-08-09,224,3073.69,Delivered
ORD000981,P0367,S017,2026-07-15,106,183.96,Delivered
ORD000982,P0373,S017,2026-08-17,796,2234.95,Cancelled
ORD000983,P0335,S041,2026-05-01,1,4665.14,Cancelled
ORD000984,P0078,S045,2026-05-31,338,4524.04,Delivered
ORD000985,P0363,S050,2026-08-02,503,2395.92,Cancelled
ORD000986,P0277,S015,2026-04-10,4,1928.28,Cancelled
ORD000987,P0291,S035,2026-04-24,958,4958.09,Shipped
ORD000988,P0156,S026,2026-09-14,57,3165.04,Delivered
ORD000989,P0274,S022,2026-06-25,83,4207.5,Shipped
ORD000990,P0104,S012,2026-09-05,568,206.26,Cancelled
ORD000991,P0098,S020,2026-09-09,713,1956.62,Delivered
ORD000992,P0353,S023,2026-09-01,499,433.46,Cancelled
ORD000993,P0072,S003,2026-05-11,198,136.57,Processing
ORD000994,P0200,S005,2026-07-27,812,2707.35,Shipped
ORD000995,P0274,S029,2026-07-29,990,4979.21,Delivered
ORD000996,P0029,S022,2026-06-18,807,3607.85,Cancelled
ORD000997,P0109,S042,2026-04-23,684,2620.37,Processing
ORD000998,P0120,S005,2026-08-19,38,3679.94,Cancelled
ORD000999,P0010,S031,2026-09-07,929,4590.92,Delivered
ORD001000,P0360,,2026-05-25,134,81.68,Delivered
ORD001001,P0421,S007,2026-06-10,468,3060.02,Delivered
ORD001002,P0059,S032,2026-04-20,610,3997.88,Processing
ORD001003,P0412,S013,2026-04-09,437,1693.34,Cancelled
ORD001004,P0062,S044,2026-06-15,590,2733.97,Shipped
ORD001005,P0392,S003,2026-05-17,608,875.5,Delivered
ORD001006,P0141,S010,2026-04-23,776,2081.62,Shipped
ORD001007,P0085,S029,2026-08-12,250,4629.12,Delivered
ORD001008,P0052,S041,2026-04-27,628,1886.89,Processing
ORD001009,P0451,S032,2026-03-28,83,41.68,Processing
ORD001010,P0362,S042,2026-04-15,608,4435.71,Cancelled
ORD001011,P0414,S050,2026-09-17,488,3464.87,Processing
ORD001012,P0328,S018,2026-04-29,536,2257.59,Processing
ORD001013,P0313,S045,2026-05-07,39,2985.4,Cancelled
ORD001014,P0487,S006,2026-08-27,643,4134.15,Shipped
ORD001015,P0215,S001,2026-06-21,572,1185.84,Delivered
ORD001016,P0049,S040,2026-08-06,371,4315.03,Processing
ORD001017,P0395,S041,2026-07-20,676,1048.46,Delivered
ORD001018,P0058,S010,2026-05-12,702,4220.47,Cancelled
ORD001019,P0091,S011,2026-07-29,687,4614.14,Delivered
ORD001020,P0187,S019,2026-09-05,215,2179.01,Shipped
ORD001021,P0413,S049,2026-08-28,465,226.15,Delivered
ORD001022,P0091,S011,2026-08-08,805,155.04,Delivered
ORD001023,P0459,S016,2026-04-11,739,2229.66,Shipped
ORD001024,P0102,S048,2026-07-09,694,4492.88,Processing
ORD001025,P0167,S015,2026-04-21,101,1193.22,Cancelled
ORD001026,P0193,S015,2026-05-14,76,2360.24,Cancelled
ORD001027,P0456,S028,2026-04-06,149,1088.66,Cancelled
ORD001028,P0199,S024,2026-05-08,140,2294.12,Processing
ORD001029,P0184,S018,2026-09-01,208,1686.1,Delivered
ORD001030,P0292,S004,2026-09-17,288,691.14,Cancelled
ORD001031,P0215,S011,2026-07-19,779,1724.44,Shipped
ORD001032,P0081,S041,2026-08-25,976,3061.53,Processing
ORD001033,P0497,S036,2026-08-18,876,1156.21,Cancelled
ORD001034,P0251,S014,2026-08-04,606,2372.71,Cancelled
ORD001035,P0008,S047,2026-06-03,439,3683.53,Processing
ORD001036,P0168,S028,2026-05-26,594,1119.81,Processing
ORD001037,P0460,S001,2026-08-17,428,4901.12,Delivered
ORD001038,P0376,S050,2026-07-22,517,177.77,Cancelled
ORD001039,P0415,S045,2026-07-24,842,499.02,Cancelled
ORD001040,P0043,S036,2026-05-24,772,71.99,Cancelled
ORD001041,P0068,S023,2026-05-18,303,1202.92,Delivered
ORD001042,P0246,S043,2026-03-28,313,817.4,Cancelled
ORD001043,P0383,S038,2026-08-17,25,4882.34,Cancelled
ORD001044,P0448,S046,2026-04-28,416,932.88,Shipped
ORD001045,P0238,S046,2026-08-31,649,16.8,Delivered
ORD001046,P0458,S045,2026-06-30,341,2659.29,Shipped
ORD001047,P0386,S018,2026-07-11,715,4731.02,Processing
ORD001048,P0042,S040,2026-09-15,902,1685.12,Delivered
ORD001049,P0485,S044,2026-08-02,373,4441.01,Delivered
ORD001050,P0188,S030,2026-06-30,634,213.96,Shipped
ORD001051,P0332,S036,2026-05-07,722,344.36,Processing
ORD001052,P0172,S016,2026-04-28,553,576.65,Cancelled
ORD001053,P0447,S045,2026-08-19,215,3768.34,Processing
ORD001054,P0181,S018,2026-06-14,516,3404.33,Shipped
ORD001055,P0033,S024,2026-04-06,354,2267.53,Delivered
ORD001056,P0364,S035,2026-07-22,695,4128.64,Shipped
ORD001057,P0318,S024,2026-07-17,820,3369.8,Delivered
ORD001058,P0457,S030,2026-05-11,90,410.05,Processing
ORD001059,P0491,S005,2026-06-05,112,832.18,Delivered
ORD001060,P0076,S032,2026-09-18,155,4376.22,Delivered
ORD001061,P0214,S044,2026-06-07,555,4659.29,Cancelled
ORD001062,P0216,S029,2026-06-20,756,3226.98,Shipped
ORD001063,P0033,S002,2026-05-11,893,4011.93,Shipped
ORD001064,P0297,S022,2026-07-07,672,3233.8,Shipped
ORD001065,P0304,S043,2026-07-26,714,2655.53,Cancelled
ORD001066,P0156,S037,2026-07-19,136,4492.43,Shipped
ORD001067,P0405,S017,2026-05-06,233,2426.37,Shipped
ORD001068,P0076,S023,2026-04-05,292,2285.07,Processing
ORD001069,P0474,S011,2026-08-29,729,2681.23,Processing
ORD001070,P0430,S046,2026-05-07,710,4524.51,Processing
ORD001071,P0122,S008,2026-05-04,43,4968.93,Processing
ORD001072,P0134,S024,2026-07-14,189,1033.73,Delivered
ORD001073,P0163,S023,2026-09-10,152,1870.85,Processing
ORD001074,P0155,S008,2026-08-07,943,134.38,Cancelled
ORD001075,P0486,S030,2026-04-30,951,1607.89,Delivered
ORD001076,P0500,S033,2026-08-10,340,3239.75,Shipped
ORD001077,P0459,S019,2026-07-23,993,4720.61,Processing
ORD001078,P0374,S029,2026-08-15,347,3448.84,Cancelled
ORD001079,P0072,S044,2026-04-03,565,593.21,Delivered
ORD001080,P0317,S015,2026-07-04,457,1793.39,Shipped
ORD001081,P0312,S042,2026-04-07,200,2921.32,Processing
ORD001082,P0101,S002,2026-06-03,86,2696.68,Cancelled
ORD001083,P0344,S006,2026-09-13,1000,2563.82,Processing
ORD001084,P0163,S039,2026-07-27,620,2562.66,Delivered
ORD001085,P0185,S026,2026-09-10,152,3582.66,Cancelled
ORD001086,P0198,S024,2026-06-26,13,1430.41,Shipped
ORD001087,P0229,S036,2026-06-10,90,1086.32,Cancelled
ORD001088,P0412,S029,2026-07-08,296,827.31,Cancelled
ORD001089,P0072,S038,2026-07-08,613,439.53,Processing
ORD001090,P0244,S034,2026-06-09,344,339.92,Cancelled
ORD001091,P0004,S027,2026-04-15,655,4572.91,Cancelled
ORD001092,P0285,S030,2026-05-07,728,2843.9,Processing
ORD001093,P0096,S025,2026-05-14,297,2773.8,Delivered
ORD001094,P0428,S038,2026-06-09,312,2475.56,Cancelled
ORD001095,P0014,S001,2026-05-20,158,1320.76,Cancelled
ORD001096,P0335,S043,2026-04-24,915,1445.57,Processing
ORD001097,P0465,S045,2026-07-27,661,1231.3,Delivered
ORD001098,P0253,S005,2026-06-02,614,3730.37,Cancelled
ORD001099,P0224,S017,2026-08-15,644,3432.71,Delivered
ORD001100,P0263,S047,2026-06-27,590,97.55,Shipped
ORD001101,P0298,S004,2026-05-04,150,1605.21,Processing
ORD001102,P0084,S004,2026-06-23,280,1812.21,Shipped
ORD001103,P0149,S019,2026-04-05,543,3198.34,Delivered
ORD001104,P0100,S050,2026-08-02,644,924.41,Delivered
ORD001105,P0386,S011,2026-08-24,557,1619.81,Shipped
ORD001106,P0410,S020,2026-09-15,278,3430.36,Shipped
ORD001107,P0274,S038,2026-04-17,361,4118.34,Delivered
ORD001108,P0266,S019,2026-04-28,382,3896.25,Cancelled
ORD001109,P0472,S011,2026-06-19,105,1097.2,Processing
ORD001110,P0408,S036,2026-05-11,629,3451.37,Delivered
ORD001111,P0236,S005,2026-07-08,120,4096.04,Delivered
ORD001112,P0179,S020,2026-07-24,708,1819.22,Cancelled
ORD001113,P0268,S049,2026-08-23,994,1716.81,Shipped
ORD001114,P0382,S008,2026-03-31,228,652.29,Processing
ORD001115,P0117,S020,2026-09-16,129,1057.11,Delivered
ORD001116,P0354,S049,2026-07-10,803,567.49,Delivered
ORD001117,P0388,S028,2026-07-25,44,989.79,Delivered
ORD001118,P0263,S038,2026-09-08,61,2350.72,Shipped
ORD001119,P0034,S020,2026-04-04,684,61.26,Delivered
ORD001120,P0472,S039,2026-04-24,211,2942.14,Processing
ORD001121,P0344,S023,2026-05-10,30,462.99,Shipped
ORD001122,P0179,S023,2026-08-19,165,4277.14,Processing
ORD001123,P0292,S005,2026-07-31,102,4099.74,Delivered
ORD001124,P0112,S046,2026-08-06,197,4821.68,Processing
ORD001125,P0003,S047,2026-08-08,102,4621.92,Cancelled
ORD001126,P0358,S038,2026-06-25,190,2203.93,Delivered
ORD001127,P0428,S023,2026-05-09,389,2126.22,Processing
ORD001128,P0058,S049,2026-07-06,322,626.84,Delivered
ORD001129,P0070,S032,2026-08-04,781,1812.64,Shipped
ORD001130,P0370,S003,2026-08-13,85,1647.3,Delivered
ORD001131,P0146,S030,2026-06-30,615,3683.51,Cancelled
ORD001132,P0284,S027,2026-05-20,298,4924.96,Cancelled
ORD001133,P0439,S005,2026-05-11,917,4206.88,Cancelled
ORD001134,P0189,S012,2026-09-13,14,4993.63,Cancelled
ORD001135,P0054,S026,2026-09-12,449,2618.09,Delivered
ORD001136,P0074,S026,2026-04-23,411,3478.24,Delivered
ORD001137,P0034,S024,2026-05-06,999,1003.44,Processing
ORD001138,P0433,S026,2026-08-23,126,1172.02,Cancelled
ORD001139,P0143,S049,2026-07-29,731,3832.2,Shipped
ORD001140,P0483,S026,2026-09-04,365,2384.37,Cancelled
ORD001141,P0262,S018,2026-07-26,151,3842.32,Delivered
ORD001142,P0129,S032,2026-04-24,510,1161.8,Processing
ORD001143,P0051,S048,2026-03-31,55,4153.26,Cancelled
ORD001144,P0014,S012,2026-09-13,392,3026.87,Shipped
ORD001145,P0156,S040,2026-05-02,639,490.7,Delivered
ORD001146,P0385,S034,2026-09-09,786,2466.02,Cancelled
ORD001147,P0151,S043,2026-05-14,510,2456.35,Shipped
ORD001148,P0176,S035,2026-08-09,560,98.18,Delivered
ORD001149,P0451,S008,2026-07-12,393,2256.08,Cancelled
ORD001150,P0236,S003,2026-07-15,34,892.58,Shipped
ORD001151,P0085,S032,2026-09-20,442,681.1,Cancelled
ORD001152,P0392,S008,2026-07-26,583,3378.37,Cancelled
ORD001153,P0288,S011,2026-07-23,519,288.13,Shipped
ORD001154,P0303,S025,2026-07-28,632,3385.67,Shipped
ORD001155,P0032,S002,2026-06-14,605,235.14,Shipped
ORD001156,P0415,S048,2026-06-21,598,144.23,Shipped
ORD001157,P0050,S028,2026-06-29,354,4959.81,Cancelled
ORD001158,P0029,S043,2026-06-21,251,1245.59,Shipped
ORD001159,P0044,S045,2026-08-22,68,4346.01,Delivered
ORD001160,P0087,S002,2026-06-18,552,1637.32,Cancelled
ORD001161,P0443,S028,2026-09-08,582,2578.65,Cancelled
ORD001162,P0011,S045,2026-05-31,481,2944.07,Shipped
ORD001163,P0293,S025,2026-06-28,331,2866.97,Cancelled
ORD001164,P0354,S044,2026-04-18,211,1686.48,Shipped
ORD001165,P0315,S020,2026-05-05,373,4847.44,Processing
ORD001166,P0326,S005,2026-07-29,861,4253.17,Processing
ORD001167,P0136,S004,2026-06-05,305,4981.18,Cancelled
ORD001168,P0320,,2026-05-20,981,468.87,Delivered
ORD001169,P0173,S018,2026-08-22,69,2836.48,Cancelled
ORD001170,P0108,S023,2026-07-11,815,392.54,Shipped
ORD001171,P0412,S020,2026-07-31,444,3320.65,Shipped
ORD001172,P0213,S026,2026-05-14,258,3128.57,Cancelled
ORD001173,P0391,S036,2026-09-11,185,4405.67,Processing
ORD001174,P0256,S014,2026-08-18,677,4810.96,Cancelled
ORD001175,P0480,S041,2026-05-31,546,4046.58,Cancelled
ORD001176,P0373,S041,2026-08-15,62,2616.13,Shipped
ORD001177,P0076,S016,2026-07-20,155,3734.7,Shipped
ORD001178,P0211,S021,2026-07-13,881,4152.77,Delivered
ORD001179,P0105,S027,2026-09-02,274,4120.32,Processing
ORD001180,P0352,S039,2026-05-28,242,2035.27,Delivered
ORD001181,P0099,S002,2026-05-01,252,3987.25,Shipped
ORD001182,P0249,S036,2026-07-20,447,2115.88,Delivered
ORD001183,P0082,S018,2026-05-14,140,155.42,Shipped
ORD001184,P0282,S012,2026-09-08,660,4264.08,Cancelled
ORD001185,P0029,S006,2026-03-29,322,3011.98,Delivered
ORD001186,P0460,S024,2026-07-06,688,3290.58,Delivered
ORD001187,P0483,S047,2026-07-03,863,711.4,Delivered
ORD001188,P0377,S033,2026-08-17,956,612.01,Shipped
ORD001189,P0453,S006,2026-07-29,244,3003.11,Shipped
ORD001190,P0427,S038,2026-06-16,755,1955.85,Processing
ORD001191,P0112,S010,2026-07-10,110,884.02,Shipped
ORD001192,P0210,S017,2026-07-14,884,2951.51,Cancelled
ORD001193,P0192,S045,2026-08-07,972,573.68,Cancelled
ORD001194,P0350,S016,2026-07-23,987,1395.89,Processing
ORD001195,P0244,S046,2026-06-24,377,4108.61,Delivered
ORD001196,P0496,S039,2026-09-05,36,4208.95,Delivered
ORD001197,P0470,S043,2026-09-16,246,1272.38,Cancelled
ORD001198,P0328,S045,2026-06-11,372,4516.75,Delivered
ORD001199,P0444,S016,2026-08-07,879,2217.59,Delivered
ORD001200,P0475,S017,2026-07-02,309,460.35,Processing
ORD001201,P0108,S011,2026-06-08,938,2199.84,Shipped
ORD001202,P0209,S003,2026-09-04,281,4333.56,Cancelled
ORD001203,P0378,S027,2026-07-22,949,4207.41,Cancelled
ORD001204,P0423,S011,2026-04-18,716,1312.24,Delivered
ORD001205,P0216,S039,2026-06-22,747,4069.01,Shipped
ORD001206,P0356,S002,2026-07-18,781,269.97,Processing
ORD001207,P0228,S042,2026-09-01,140,25.35,Processing
ORD001208,P0157,S021,2026-08-31,590,420.34,Processing
ORD001209,P0265,S046,2026-05-26,993,3840.36,Processing
ORD001210,P0352,S027,2026-08-23,812,4697.7,Cancelled
ORD001211,P0448,S048,2026-07-24,137,1310.79,Shipped
ORD001212,P0102,S006,2026-06-04,425,1844.32,Cancelled
ORD001213,P0484,S037,2026-06-28,230,113.47,Delivered
ORD001214,P0332,S040,2026-08-13,642,1151.25,Delivered
ORD001215,P0102,S017,2026-07-20,719,4260.64,Delivered
ORD001216,P0317,S028,2026-07-04,615,1308.19,Delivered
ORD001217,P0088,S037,2026-06-26,121,80.43,Cancelled
ORD001218,P0424,S044,2026-07-18,507,601.38,Processing
ORD001219,P0485,S018,2026-05-11,295,3734.75,Cancelled
ORD001220,P0221,S014,2026-04-26,615,1085.68,Shipped
ORD001221,P0097,S027,2026-09-13,185,2048.54,Processing
ORD001222,P0149,S017,2026-03-31,242,3092.22,Processing
ORD001223,P0299,S044,2026-06-26,663,2296.24,Delivered
ORD001224,P0069,S021,2026-07-22,998,3468.19,Processing
ORD001225,P0363,S028,2026-06-30,754,2990.01,Delivered
ORD001226,P0286,S004,2026-04-17,54,1670.98,Processing
ORD001227,P0466,S023,2026-07-22,621,4697.22,Delivered
ORD001228,P0130,S033,2026-03-25,635,1910.88,Cancelled
ORD001229,P0190,S009,2026-09-11,992,4462.21,Delivered
ORD001230,P0092,S017,2026-08-19,174,2523.7,Shipped
ORD001231,P0068,S006,2026-07-21,325,3554.18,Cancelled
ORD001232,P0134,S008,2026-04-29,321,230.37,Processing
ORD001233,P0447,S018,2026-07-29,766,1809.36,Cancelled
ORD001234,P0463,S017,2026-06-04,628,4149.65,Shipped
ORD001235,P0161,S028,2026-08-03,915,833.27,Cancelled
ORD001236,P0285,S043,2026-05-01,652,3993.12,Delivered
ORD001237,P0077,S004,2026-05-11,236,923.88,Cancelled
ORD001238,P0084,S046,2026-05-29,479,2187.79,Cancelled
ORD001239,P0227,S023,2026-04-03,727,2808.66,Cancelled
ORD001240,P0058,S047,2026-07-28,888,748.79,Shipped
ORD001241,P0105,S019,2026-04-16,185,4176.42,Shipped
ORD001242,P0457,S043,2026-08-15,600,1069.86,Delivered
ORD001243,P0393,S037,2026-08-05,185,2087.93,Delivered
ORD001244,P0394,S032,2026-05-26,694,480.58,Shipped
ORD001245,P0146,S044,2026-03-30,697,618.73,Shipped
ORD001246,P0476,S007,2026-08-22,858,1624.46,Delivered
ORD001247,P0236,S046,2026-04-13,676,2404.48,Shipped
ORD001248,P0337,S001,2026-08-23,338,4849.15,Cancelled
ORD001249,P0486,S047,2026-06-15,752,4535.32,Processing
ORD001250,P0442,S004,2026-05-17,821,3221.78,Shipped
ORD001251,P0381,S005,2026-04-07,561,4759.98,Cancelled
ORD001252,P0205,S017,2026-04-16,183,1208.0,Cancelled
ORD001253,P0011,S014,2026-04-15,167,1948.63,Cancelled
ORD001254,P0332,S049,2026-06-04,978,3273.78,Delivered
ORD001255,P0252,S028,2026-06-08,754,4033.7,Shipped
ORD001256,P0309,S009,2026-09-15,368,3330.95,Shipped
ORD001257,P0103,S032,2026-08-02,457,4428.21,Cancelled
ORD001258,P0289,S039,2026-05-31,434,460.21,Cancelled
ORD001259,P0315,S012,2026-06-26,445,3157.12,Delivered
ORD001260,P0263,S022,2026-04-03,997,2322.99,Processing
ORD001261,P0352,S046,2026-09-05,159,4654.03,Delivered
ORD001262,P0240,S028,2026-06-06,82,4536.97,Cancelled
ORD001263,P0077,S009,2026-06-08,701,4515.49,Processing
ORD001264,P0219,S019,2026-08-04,583,248.16,Delivered
ORD001265,P0263,S007,2026-04-04,523,2130.32,Delivered
ORD001266,P0339,S047,2026-07-20,583,4066.0,Shipped
ORD001267,P0300,S006,2026-05-28,788,2522.19,Delivered
ORD001268,P0237,S012,2026-09-09,806,919.22,Cancelled
ORD001269,P0043,S027,2026-04-04,898,3524.85,Shipped
ORD001270,P0371,S030,2026-08-21,776,3354.6,Shipped
ORD001271,P0495,S012,2026-06-19,217,933.59,Shipped
ORD001272,P0055,S028,2026-09-12,548,99.4,Cancelled
ORD001273,P0007,S011,2026-04-22,672,2390.83,Cancelled
ORD001274,P0495,S048,2026-09-08,617,3632.3,Shipped
ORD001275,P0417,S040,2026-08-29,370,3456.4,Cancelled
ORD001276,P0045,S009,2026-06-09,139,79.24,Delivered
ORD001277,P0357,S013,2026-03-28,880,143.81,Cancelled
ORD001278,P0075,S042,2026-09-06,248,2184.58,Processing
ORD001279,P0155,S050,2026-04-15,475,749.35,Cancelled
ORD001280,P0060,S011,2026-03-29,925,770.59,Cancelled
ORD001281,P0242,S002,2026-07-26,881,2253.09,Processing
ORD001282,P0151,S037,2026-05-14,850,4170.85,Delivered
ORD001283,P0005,S007,2026-06-17,646,4239.67,Cancelled
ORD001284,P0435,S032,2026-07-08,755,2897.52,Shipped
ORD001285,P0250,S026,2026-04-02,498,2571.65,Cancelled
ORD001286,P0366,S004,2026-05-22,541,104.91,Shipped
ORD001287,P0033,S018,2026-08-12,915,3245.02,Cancelled
ORD001288,P0254,S040,2026-04-22,962,3234.44,Cancelled
ORD001289,P0224,S002,2026-09-18,166,1447.17,Processing
ORD001290,P0177,S029,2026-07-22,238,2543.1,Shipped
ORD001291,P0437,S046,2026-08-25,673,2347.65,Shipped
ORD001292,P0492,S027,2026-07-01,854,4706.57,Shipped
ORD001293,P0410,S011,2026-07-22,637,1043.97,Delivered
ORD001294,P0248,S009,2026-09-10,178,1005.43,Cancelled
ORD001295,P0407,S027,2026-04-18,966,4968.9,Shipped
ORD001296,P0108,S036,2026-05-23,49,4996.31,Shipped
ORD001297,P0183,S044,2026-05-29,163,881.83,Delivered
ORD001298,P0173,S028,2026-04-09,117,3091.64,Delivered
ORD001299,P0115,S032,2026-08-14,265,4968.38,Shipped
ORD001300,P0395,S036,2026-04-04,274,4482.63,Delivered
ORD001301,P0026,S029,2026-09-20,819,2291.11,Delivered
ORD001302,P0401,S040,2026-04-20,625,3912.96,Delivered
ORD001303,P0022,S033,2026-08-14,108,843.56,Delivered
ORD001304,P0467,S024,2026-05-15,161,3644.46,Cancelled
ORD001305,P0256,S047,2026-07-31,892,505.48,Shipped
ORD001306,P0420,S009,2026-06-17,126,4244.49,Cancelled
ORD001307,P0394,S050,2026-07-08,7,1234.13,Cancelled
ORD001308,P0147,S033,2026-06-19,176,435.32,Shipped
ORD001309,P0185,S041,2026-07-08,681,1234.8,Cancelled
ORD001310,P0071,S028,2026-05-21,424,4590.92,Cancelled
ORD001311,P0407,S044,2026-08-03,371,4719.26,Cancelled
ORD001312,P0395,S001,2026-04-30,735,4033.17,Delivered
ORD001313,P0174,S021,2026-04-14,412,4909.91,Processing
ORD001314,P0032,S026,2026-07-13,778,195.1,Processing
ORD001315,P0030,S041,2026-08-18,731,3997.36,Shipped
ORD001316,P0206,S044,2026-07-09,718,2772.52,Shipped
ORD001317,P0466,S023,2026-06-12,9,4136.75,Processing
ORD001318,P0207,S029,2026-09-19,660,1033.62,Cancelled
ORD001319,P0177,S042,2026-09-18,415,3879.25,Shipped
ORD001320,P0019,S035,2026-04-14,343,1956.07,Processing
ORD001321,P0277,S019,2026-08-04,219,473.17,Shipped
ORD001322,P0175,S049,2026-08-04,651,808.54,Delivered
ORD001323,P0304,S017,2026-08-09,248,4162.82,Shipped
ORD001324,P0259,S008,2026-07-10,750,309.13,Shipped
ORD001325,P0322,S033,2026-05-29,363,627.83,Delivered
ORD001326,P0153,S037,2026-07-16,755,36.01,Shipped
ORD001327,P0413,S048,2026-05-23,596,2832.33,Processing
ORD001328,P0154,S019,2026-06-21,683,3926.1,Processing
ORD001329,P0267,S048,2026-06-28,254,535.08,Processing
ORD001330,P0233,S007,2026-06-24,151,3561.09,Cancelled
ORD001331,P0048,S004,2026-04-13,436,4443.66,Cancelled
ORD001332,P0229,S005,2026-05-17,379,3387.34,Cancelled
ORD001333,P0287,S034,2026-08-21,798,1979.96,Shipped
ORD001334,P0256,S041,2026-08-20,434,4982.59,Cancelled
ORD001335,P0422,S011,2026-07-08,148,2533.87,Cancelled
ORD001336,P0067,S046,2026-07-19,526,4317.73,Delivered
ORD001337,P0109,S030,2026-09-17,485,172.71,Processing
ORD001338,P0190,S008,2026-08-14,617,4263.07,Delivered
ORD001339,P0190,S037,2026-04-23,297,211.01,Processing
ORD001340,P0191,S020,2026-04-23,384,1523.27,Cancelled
ORD001341,P0406,S010,2026-03-31,146,3921.12,Cancelled
ORD001342,P0480,S020,2026-04-05,911,1424.58,Processing
ORD001343,P0002,S008,2026-07-27,561,1749.76,Delivered
ORD001344,P0247,S037,2026-07-08,318,2833.16,Shipped
ORD001345,P0244,S047,2026-06-28,854,3032.49,Processing
ORD001346,P0326,S030,2026-07-31,780,2255.15,Cancelled
ORD001347,P0444,S047,2026-05-01,334,455.68,Cancelled
ORD001348,P0120,S026,2026-07-01,348,2709.56,Cancelled
ORD001349,P0331,S006,2026-06-03,887,836.42,Delivered
ORD001350,P0323,S050,2026-08-17,725,1551.15,Delivered
ORD001351,P0287,S006,2026-09-04,198,4776.29,Delivered
ORD001352,P0268,S013,2026-08-16,769,2384.42,Delivered
ORD001353,P0338,S035,2026-04-23,185,4812.26,Shipped
ORD001354,P0126,S046,2026-05-15,860,4439.4,Cancelled
ORD001355,P0414,S035,2026-04-14,622,1608.95,Delivered
ORD001356,P0442,S002,2026-07-27,349,2190.72,Cancelled
ORD001357,P0441,S034,2026-03-30,325,1916.23,Delivered
ORD001358,P0051,S035,2026-04-22,173,1433.91,Processing
ORD001359,P0394,S006,2026-05-28,158,1540.9,Cancelled
ORD001360,P0087,S004,2026-09-13,630,4806.01,Processing
ORD001361,P0366,S004,2026-03-30,306,1955.8,Shipped
ORD001362,P0212,S021,2026-04-29,265,1883.81,Delivered
ORD001363,P0104,S016,2026-04-06,771,2989.05,Processing
ORD001364,P0261,S049,2026-07-28,517,1931.39,Delivered
ORD001365,P0032,S021,2026-05-31,476,2770.07,Delivered
ORD001366,P0015,S027,2026-07-25,649,1176.36,Delivered
ORD001367,P0284,S038,2026-05-31,692,516.53,Processing
ORD001368,P0291,S027,2026-06-09,457,428.7,Processing
ORD001369,P0192,S035,2026-04-29,173,3912.3,Cancelled
ORD001370,P0232,S003,2026-08-13,2,4065.09,Shipped
ORD001371,P0498,S011,2026-09-07,1,310.27,Cancelled
ORD001372,P0307,S017,2026-06-01,860,3403.19,Shipped
ORD001373,P0109,S038,2026-09-01,861,2556.54,Delivered
ORD001374,P0379,S035,2026-05-04,577,358.98,Delivered
ORD001375,P0358,S008,2026-07-03,851,706.85,Shipped
ORD001376,P0108,S040,2026-07-12,517,4787.51,Shipped
ORD001377,P0485,S022,2026-09-14,651,1314.19,Cancelled
ORD001378,P0126,S043,2026-06-01,330,1714.73,Cancelled
ORD001379,P0169,S002,2026-08-24,936,3462.31,Delivered
ORD001380,P0244,S001,2026-08-26,924,57.8,Processing
ORD001381,P0285,S045,2026-07-07,721,2449.99,Cancelled
ORD001382,P0042,S042,2026-08-08,667,396.84,Delivered
ORD001383,P0228,S044,2026-09-11,127,1771.44,Cancelled
ORD001384,P0184,S025,2026-08-24,182,4197.34,Delivered
ORD001385,P0237,S024,2026-04-24,959,973.02,Delivered
ORD001386,P0381,S002,2026-05-19,777,1412.86,Shipped
ORD001387,P0047,S040,2026-05-12,641,1522.86,Processing
ORD001388,P0253,S024,2026-05-22,38,1410.97,Processing
ORD001389,P0101,S041,2026-03-25,406,563.62,Shipped
ORD001390,P0257,S032,2026-08-16,175,2763.41,Processing
ORD001391,P0302,S009,2026-04-09,764,334.6,Shipped
ORD001392,P0439,S015,2026-08-16,903,2620.17,Shipped
ORD001393,P0435,S044,2026-05-12,24,4959.84,Shipped
ORD001394,P0287,S030,2026-09-14,3,4690.07,Delivered
ORD001395,P0222,S027,2026-06-14,281,617.37,Cancelled
ORD001396,P0186,S034,2026-07-28,778,226.89,Processing
ORD001397,P0143,S027,2026-04-05,546,2249.82,Delivered
ORD001398,P0100,S022,2026-07-02,84,4401.69,Delivered
ORD001399,P0354,S028,2026-05-20,981,381.46,Processing
ORD001400,P0085,S022,2026-05-13,319,323.59,Delivered
ORD001401,P0246,S028,2026-03-31,828,129.88,Shipped
ORD001402,P0127,S007,2026-05-27,485,1199.41,Shipped
ORD001403,P0421,S022,2026-04-06,533,3972.61,Delivered
ORD001404,P0318,S029,2026-08-24,783,487.4,Cancelled
ORD001405,P0064,S006,2026-08-19,998,312.83,Delivered
ORD001406,P0161,S045,2026-06-28,67,3915.4,Delivered
ORD001407,P0029,S020,2026-07-15,626,3134.66,Delivered
ORD001408,P0347,S004,2026-04-19,573,270.49,Cancelled
ORD001409,P0050,S040,2026-07-04,771,2061.43,Delivered
ORD001410,P0197,S030,2026-07-18,815,2146.25,Delivered
ORD001411,P0334,S044,2026-06-18,802,139.6,Shipped
ORD001412,P0099,S007,2026-08-21,106,71.32,Delivered
ORD001413,P0405,S013,2026-08-22,927,2870.33,Shipped
ORD001414,P0216,S031,2026-06-22,743,3108.05,Processing
ORD001415,P0071,S003,2026-05-25,62,647.13,Cancelled
ORD001416,P0492,S042,2026-08-02,773,1795.14,Processing
ORD001417,P0241,S020,2026-04-30,618,1721.07,Shipped
ORD001418,P0266,S038,2026-03-26,674,3394.72,Delivered
ORD001419,P0260,S036,2026-05-23,880,282.49,Shipped
ORD001420,P0500,S013,2026-05-13,656,4543.42,Delivered
ORD001421,P0097,S043,2026-06-19,488,3476.96,Cancelled
ORD001422,P0355,S022,2026-08-24,873,2896.27,Shipped
ORD001423,P0154,S027,2026-08-28,337,819.78,Cancelled
ORD001424,P0254,S015,2026-04-03,943,28.45,Processing
ORD001425,P0118,S030,2026-09-17,639,1073.56,Cancelled
ORD001426,P0414,S048,2026-06-16,385,1034.53,Processing
ORD001427,P0186,S001,2026-03-25,76,1795.85,Delivered
ORD001428,P0149,S029,2026-04-29,200,3160.36,Shipped
ORD001429,P0500,S002,2026-04-04,204,997.15,Processing
ORD001430,P0454,S017,2026-05-19,737,879.68,Processing
ORD001431,P0101,S002,2026-05-08,181,4215.98,Delivered
ORD001432,P0426,S044,2026-03-29,141,1900.82,Delivered
ORD001433,P0480,S014,2026-06-18,313,2286.46,Shipped
ORD001434,P0339,S011,2026-06-27,964,2639.36,Cancelled
ORD001435,P0061,S010,2026-04-09,904,4621.54,Processing
ORD001436,P0273,S025,2026-05-12,712,1877.53,Cancelled
ORD001437,P0126,S003,2026-09-02,782,3083.98,Processing
ORD001438,P0151,S010,2026-08-08,336,1243.39,Shipped
ORD001439,P0436,S033,2026-04-25,992,2924.57,Cancelled
ORD001440,P0373,S006,2026-05-16,804,2358.63,Delivered
ORD001441,P0261,S025,2026-05-05,770,4413.29,Shipped
ORD001442,P0266,S030,2026-07-29,184,1615.9,Shipped
ORD001443,P0356,S031,2026-08-05,733,4779.2,Cancelled
ORD001444,P0298,S026,2026-05-31,654,4606.71,Delivered
ORD001445,P0113,S013,2026-05-16,463,4317.21,Cancelled
ORD001446,P0157,S028,2026-05-18,911,1891.64,Processing
ORD001447,P0131,S036,2026-06-27,87,680.31,Delivered
ORD001448,P0228,S034,2026-06-07,361,1158.59,Delivered
ORD001449,P0263,S040,2026-07-21,345,2136.25,Cancelled
ORD001450,P0210,S024,2026-07-12,824,2492.74,Shipped
ORD001451,P0013,S012,2026-06-29,453,1176.61,Delivered
ORD001452,P0462,S006,2026-06-23,302,4214.59,Delivered
ORD001453,P0475,S015,2026-06-02,101,601.75,Shipped
ORD001454,P0280,S013,2026-04-02,342,991.27,Shipped
ORD001455,P0155,S048,2026-05-27,836,3844.73,Shipped
ORD001456,P0362,S039,2026-05-11,142,4992.04,Shipped
ORD001457,P0395,S020,2026-03-26,289,4113.32,Cancelled
ORD001458,P0421,S038,2026-07-05,776,3279.99,Cancelled
ORD001459,P0263,S049,2026-09-07,975,754.91,Cancelled
ORD001460,P0117,S047,2026-05-21,768,1057.28,Processing
ORD001461,P0301,S036,2026-08-03,776,2349.0,Cancelled
ORD001462,P0406,S006,2026-06-19,321,4230.55,Cancelled
ORD001463,P0214,S014,2026-09-18,450,2255.36,Delivered
ORD001464,P0072,S037,2026-06-27,895,650.44,Delivered
ORD001465,P0415,S043,2026-07-29,855,1779.77,Processing
ORD001466,P0218,S044,2026-07-09,771,2022.81,Shipped
ORD001467,P0301,S002,2026-06-15,582,3928.94,Processing
ORD001468,P0488,S022,2026-05-02,582,3152.9,Cancelled
ORD001469,P0105,S026,2026-06-29,66,2677.11,Processing
ORD001470,P0056,S022,2026-07-23,584,4810.07,Shipped
ORD001471,P0088,S007,2026-04-16,692,2769.0,Delivered
ORD001472,P0309,S032,2026-09-16,28,941.59,Delivered
ORD001473,P0146,S014,2026-06-30,239,1462.62,Delivered
ORD001474,P0030,S024,2026-07-18,531,65.12,Shipped
ORD001475,P0201,S011,2026-07-07,114,654.4,Cancelled
ORD001476,P0381,S005,2026-07-24,399,4775.93,Processing
ORD001477,P0446,S014,2026-04-26,318,2166.68,Cancelled
ORD001478,P0310,S037,2026-05-03,962,1558.47,Processing
ORD001479,P0367,S044,2026-07-30,470,1384.45,Delivered
ORD001480,P0229,S005,2026-04-29,845,2002.19,Processing
ORD001481,P0169,S037,2026-08-05,901,2459.88,Cancelled
ORD001482,P0021,S048,2026-08-18,94,1446.68,Cancelled
ORD001483,P0359,S046,2026-06-20,812,1494.27,Processing
ORD001484,P0128,S012,2026-07-08,922,3092.51,Cancelled
ORD001485,P0197,S043,2026-07-19,188,3495.62,Delivered
ORD001486,P0358,S003,2026-07-02,246,4428.85,Processing
ORD001487,P0452,S041,2026-06-02,551,1466.53,Delivered
ORD001488,P0372,S047,2026-09-18,924,1094.1,Cancelled
ORD001489,P0391,S036,2026-07-07,125,4976.63,Delivered
ORD001490,P0259,S050,2026-04-19,799,1636.81,Cancelled
ORD001491,P0130,S014,2026-05-05,519,232.73,Delivered
ORD001492,P0328,S045,2026-04-11,692,3751.18,Cancelled
ORD001493,P0382,S026,2026-06-19,877,980.07,Delivered
ORD001494,P0129,S008,2026-03-26,727,4586.51,Shipped
ORD001495,P0384,S030,2026-09-11,497,2312.17,Delivered
ORD001496,P0337,S016,2026-08-11,731,4750.59,Processing
ORD001497,P0421,S018,2026-07-22,862,815.22,Delivered
ORD001498,P0052,S012,2026-08-26,302,629.52,Cancelled
ORD001499,P0040,S043,2026-05-06,782,65.94,Shipped
ORD001500,P0226,S023,2026-05-02,183,1091.2,Delivered
ORD001501,P0273,S014,2026-09-12,453,3486.74,Delivered
ORD001502,P0354,S020,2026-07-01,455,271.55,Delivered
ORD001503,P0396,S025,2026-04-05,786,1016.67,Processing
ORD001504,P0466,S016,2026-06-27,205,466.02,Cancelled
ORD001505,P0008,S022,2026-03-31,841,968.84,Delivered
ORD001506,P0491,S007,2026-05-19,817,4178.57,Processing
ORD001507,P0023,S027,2026-05-05,525,547.34,Shipped
ORD001508,P0288,S041,2026-06-14,195,3127.12,Cancelled
ORD001509,P0062,S015,2026-07-11,219,538.37,Shipped
ORD001510,P0008,S026,2026-05-07,670,1588.04,Cancelled
ORD001511,P0235,S015,2026-05-17,68,3293.23,Shipped
ORD001512,P0320,S024,2026-09-06,45,345.98,Processing
ORD001513,P0155,S050,2026-07-07,614,2502.88,Delivered
ORD001514,P0406,S037,2026-08-08,176,1267.18,Delivered
ORD001515,P0167,S041,2026-08-24,714,1948.94,Processing
ORD001516,P0090,S041,2026-06-17,780,4421.0,Shipped
ORD001517,P0247,S005,2026-09-10,344,98.07,Cancelled
ORD001518,P0262,S041,2026-06-29,760,1169.8,Delivered
ORD001519,P0011,S040,2026-05-22,778,4484.93,Shipped
ORD001520,P0378,S028,2026-05-23,776,1225.29,Delivered
ORD001521,P0071,S024,2026-04-08,511,1490.11,Processing
ORD001522,P0105,S042,2026-06-28,39,1197.94,Cancelled
ORD001523,P0069,S018,2026-06-16,326,3221.57,Delivered
ORD001524,P0406,S027,2026-08-04,664,4065.43,Delivered
ORD001525,P0434,S047,2026-05-21,340,1720.21,Processing
ORD001526,P0028,S043,2026-08-09,255,4009.24,Processing
ORD001527,P0447,S025,2026-08-26,534,1614.97,Cancelled
ORD001528,P0004,S005,2026-09-01,891,2463.3,Processing
ORD001529,P0325,S010,2026-04-06,961,1029.06,Delivered
ORD001530,P0304,S036,2026-05-07,852,3978.21,Processing
ORD001531,P0260,S006,2026-05-23,437,3627.7,Shipped
ORD001532,P0370,S013,2026-05-05,251,2125.84,Processing
ORD001533,P0147,S037,2026-06-09,460,4838.95,Processing
ORD001534,P0442,S031,2026-06-01,82,4755.56,Shipped
ORD001535,P0194,S011,2026-07-03,483,2212.47,Cancelled
ORD001536,P0420,S031,2026-05-02,21,3812.03,Cancelled
ORD001537,P0389,S020,2026-04-14,610,2690.62,Processing
ORD001538,P0195,S030,2026-05-28,314,2273.48,Cancelled
ORD001539,P0311,S031,2026-08-14,74,1672.84,Cancelled
ORD001540,P0080,S013,2026-05-13,5,74.04,Shipped
ORD001541,P0208,S027,2026-07-27,963,1979.3,Shipped
ORD001542,P0251,S020,2026-06-30,657,4937.74,Delivered
ORD001543,P0454,S003,2026-07-06,944,631.14,Processing
ORD001544,P0391,S028,2026-05-12,981,1283.74,Shipped
ORD001545,P0364,S032,2026-08-01,651,3445.56,Delivered
ORD001546,P0198,S028,2026-09-06,754,1241.49,Cancelled
ORD001547,P0472,S024,2026-04-01,647,3535.73,Delivered
ORD001548,P0341,S042,2026-09-18,152,1314.04,Cancelled
ORD001549,P0076,S017,2026-09-14,254,3014.73,Processing
ORD001550,P0060,S050,2026-03-27,95,3225.54,Cancelled
ORD001551,P0362,S038,2026-07-03,998,4505.97,Processing
ORD001552,P0085,S028,2026-07-10,259,3462.27,Cancelled
ORD001553,P0158,S047,2026-08-21,422,3764.79,Delivered
ORD001554,P0326,S037,2026-04-20,796,3989.69,Processing
ORD001555,P0384,S014,2026-05-31,953,3743.97,Shipped
ORD001556,P0087,S032,2026-03-25,2,493.38,Cancelled
ORD001557,P0214,S042,2026-08-05,296,3667.88,Processing
ORD001558,P0192,S012,2026-05-08,721,680.32,Cancelled
ORD001559,P0258,S008,2026-05-09,462,2839.79,Processing
ORD001560,P0103,S004,2026-05-10,768,921.82,Processing
ORD001561,P0462,S027,2026-05-29,452,3137.92,Delivered
ORD001562,P0086,S006,2026-09-02,301,437.68,Delivered
ORD001563,P0033,S022,2026-06-02,31,2932.38,Cancelled
ORD001564,P0345,S049,2026-07-26,104,57.44,Shipped
ORD001565,P0341,S038,2026-03-25,809,4938.22,Delivered
ORD001566,P0268,S001,2026-05-17,385,3018.89,Shipped
ORD001567,P0243,S049,2026-07-26,346,3025.81,Shipped
ORD001568,P0350,S022,2026-06-26,323,4086.07,Shipped
ORD001569,P0205,S025,2026-09-10,626,295.64,Shipped
ORD001570,P0413,S007,2026-06-16,4,2290.03,Cancelled
ORD001571,P0014,S039,2026-04-28,126,4346.34,Shipped
ORD001572,P0385,S016,2026-09-19,378,2265.07,Cancelled
ORD001573,P0212,S043,2026-08-02,193,25.61,Shipped
ORD001574,P0325,S024,2026-03-28,895,238.31,Shipped
ORD001575,P0228,S015,2026-09-13,622,2427.84,Delivered
ORD001576,P0220,S031,2026-06-21,675,4286.93,Delivered
ORD001577,P0151,S039,2026-06-30,200,3562.59,Delivered
ORD001578,P0255,S006,2026-04-25,309,4163.45,Cancelled
ORD001579,P0459,S029,2026-05-06,978,587.24,Processing
ORD001580,P0109,S011,2026-05-25,772,4721.61,Delivered
ORD001581,P0223,S046,2026-04-20,30,809.57,Shipped
ORD001582,P0393,S018,2026-06-30,226,3598.68,Cancelled
ORD001583,P0064,S043,2026-09-11,140,4614.45,Cancelled
ORD001584,P0408,S045,2026-04-16,341,4360.98,Delivered
ORD001585,P0176,S025,2026-09-04,933,3590.04,Cancelled
ORD001586,P0329,S036,2026-09-07,990,4282.14,Processing
ORD001587,P0133,S008,2026-05-20,298,447.52,Delivered
ORD001588,P0380,S038,2026-06-19,960,948.9,Delivered
ORD001589,P0189,S009,2026-08-17,874,1573.73,Cancelled
ORD001590,P0378,S001,2026-08-18,319,318.81,Processing
ORD001591,P0217,S021,2026-07-01,790,1831.47,Processing
ORD001592,P0340,S039,2026-08-04,605,1118.49,Cancelled
ORD001593,P0276,S030,2026-03-26,324,732.06,Shipped
ORD001594,P0256,S044,2026-05-19,467,745.65,Shipped
ORD001595,P0383,S043,2026-04-30,870,4008.45,Delivered
ORD001596,P0164,S020,2026-08-24,515,4951.77,Delivered
ORD001597,P0435,S046,2026-06-02,588,2396.63,Processing
ORD001598,P0150,S046,2026-07-28,990,1889.78,Shipped
ORD001599,P0424,S046,2026-05-02,216,4241.87,Processing
ORD001600,P0377,S004,2026-09-19,946,4328.51,Processing
ORD001601,P0373,S026,2026-07-26,307,4922.1,Processing
ORD001602,P0281,S026,2026-03-29,346,2117.96,Cancelled
ORD001603,P0388,S026,2026-06-21,401,368.4,Shipped
ORD001604,P0357,S013,2026-06-04,718,4282.7,Cancelled
ORD001605,P0068,S021,2026-04-17,771,3958.47,Delivered
ORD001606,P0235,S042,2026-06-09,168,2890.02,Cancelled
ORD001607,P0248,S019,2026-09-18,919,732.67,Processing
ORD001608,P0377,S042,2026-05-13,10,1817.51,Delivered
ORD001609,P0403,S010,2026-09-13,386,4752.49,Cancelled
ORD001610,P0431,S011,2026-09-13,949,291.09,Shipped
ORD001611,P0092,S004,2026-07-23,121,4901.58,Shipped
ORD001612,P0223,S010,2026-08-22,643,3615.53,Processing
ORD001613,P0061,S016,2026-04-01,407,2448.24,Processing
ORD001614,P0382,S025,2026-09-07,795,3462.06,Delivered
ORD001615,P0443,S042,2026-07-20,392,1383.33,Cancelled
ORD001616,P0006,S008,2026-06-26,120,422.36,Cancelled
ORD001617,P0343,S033,2026-09-04,231,124.9,Cancelled
ORD001618,P0356,S048,2026-06-02,97,3973.78,Processing
ORD001619,P0248,S042,2026-06-30,720,2173.95,Processing
ORD001620,P0167,S005,2026-04-18,731,4545.31,Processing
ORD001621,P0417,S045,2026-07-05,21,1975.04,Cancelled
ORD001622,P0266,S038,2026-04-09,552,3571.61,Delivered
ORD001623,P0495,S043,2026-05-16,920,595.46,Processing
ORD001624,P0285,S029,2026-03-25,820,1578.34,Delivered
ORD001625,P0295,S014,2026-04-25,669,814.44,Shipped
ORD001626,P0044,S008,2026-04-01,519,1499.9,Processing
ORD001627,P0484,S043,2026-07-10,1,1249.2,Delivered
ORD001628,P0464,S019,2026-08-03,675,2675.17,Processing
ORD001629,P0252,S045,2026-08-18,321,2618.1,Shipped
ORD001630,P0276,S033,2026-08-26,215,3442.77,Delivered
ORD001631,P0019,S013,2026-05-23,146,1505.55,Processing
ORD001632,P0309,S036,2026-04-27,222,2963.0,Shipped
ORD001633,P0374,S040,2026-04-25,433,381.05,Shipped
ORD001634,P0196,S042,2026-05-29,926,824.96,Cancelled
ORD001635,P0484,S017,2026-04-14,693,2132.46,Processing
ORD001636,P0105,S005,2026-08-08,645,3666.05,Processing
ORD001637,P0289,S043,2026-06-27,664,4104.34,Processing
ORD001638,P0421,S010,2026-07-09,324,4962.32,Cancelled
ORD001639,P0014,S039,2026-06-29,254,396.85,Delivered
ORD001640,P0057,S044,2026-08-07,562,2039.84,Shipped
ORD001641,P0046,S024,2026-09-03,932,1674.25,Shipped
ORD001642,P0445,S015,2026-04-30,281,59.22,Cancelled
ORD001643,P0194,S007,2026-05-19,802,4628.92,Processing
ORD001644,P0373,S020,2026-08-05,603,4108.5,Cancelled
ORD001645,P0271,S023,2026-04-17,718,2865.07,Shipped
ORD001646,P0139,S039,2026-08-12,102,4483.89,Processing
ORD001647,P0485,S049,2026-06-13,399,911.56,Cancelled
ORD001648,P0304,S009,2026-07-24,266,57.39,Processing
ORD001649,P0065,S010,2026-09-08,388,2842.13,Shipped
ORD001650,P0471,S047,2026-04-06,655,4872.75,Processing
ORD001651,P0312,S027,2026-09-13,724,2294.36,Cancelled
ORD001652,P0409,S030,2026-06-22,515,1441.23,Cancelled
ORD001653,P0483,S046,2026-08-04,903,4619.82,Processing
ORD001654,P0326,S006,2026-06-10,971,1535.25,Shipped
ORD001655,P0325,S006,2026-04-16,79,3652.47,Delivered
ORD001656,P0295,S004,2026-05-05,87,3719.61,Cancelled
ORD001657,P0493,S028,2026-03-26,694,2548.32,Processing
ORD001658,P0255,S033,2026-07-24,702,4989.79,Delivered
ORD001659,P0008,S040,2026-07-05,195,4555.32,Delivered
ORD001660,P0360,S035,2026-07-10,768,1731.85,Delivered
ORD001661,P0230,S011,2026-08-26,691,4651.62,Processing
ORD001662,P0039,S024,2026-05-07,860,675.26,Shipped
ORD001663,P0217,S032,2026-04-06,389,860.71,Delivered
ORD001664,P0468,S044,2026-06-18,256,4160.31,Delivered
ORD001665,P0154,S031,2026-06-06,301,1331.11,Delivered
ORD001666,P0292,S026,2026-09-01,223,4616.05,Delivered
ORD001667,P0457,S040,2026-07-20,869,2446.45,Shipped
ORD001668,P0316,S030,2026-03-25,337,1498.77,Delivered
ORD001669,P0180,S047,2026-03-25,191,2016.32,Delivered
ORD001670,P0221,S032,2026-04-18,203,432.87,Processing
ORD001671,P0064,S032,2026-07-07,8,786.6,Shipped
ORD001672,P0241,S026,2026-05-20,384,1503.43,Cancelled
ORD001673,P0275,S018,2026-05-09,112,4946.95,Cancelled
ORD001674,P0072,S023,2026-05-04,766,2175.46,Shipped
ORD001675,P0057,S013,2026-05-13,292,210.88,Cancelled
ORD001676,P0381,S022,2026-07-09,923,167.72,Processing
ORD001677,P0492,S043,2026-07-24,273,602.77,Cancelled
ORD001678,P0254,S044,2026-08-11,732,645.9,Cancelled
ORD001679,P0372,S048,2026-07-30,864,4129.94,Processing
ORD001680,P0491,S007,2026-04-21,812,115.55,Processing
ORD001681,P0257,S001,2026-06-20,786,3425.34,Delivered
ORD001682,P0425,S022,2026-09-13,440,4882.43,Delivered
ORD001683,P0246,S019,2026-07-13,289,2434.79,Cancelled
ORD001684,P0317,S010,2026-05-26,747,2561.09,Processing
ORD001685,P0393,S008,2026-06-03,885,1325.02,Processing
ORD001686,P0421,S028,2026-09-10,204,2374.73,Delivered
ORD001687,P0374,S033,2026-09-19,626,914.13,Processing
ORD001688,P0062,S009,2026-05-21,411,201.45,Processing
ORD001689,P0219,S002,2026-04-30,632,1006.22,Delivered
ORD001690,P0209,S034,2026-06-29,314,3503.79,Processing
ORD001691,P0173,S028,2026-05-19,491,316.14,Cancelled
ORD001692,P0027,S020,2026-09-04,113,1353.54,Shipped
ORD001693,P0365,S027,2026-06-21,253,1606.01,Delivered
ORD001694,P0021,S001,2026-05-09,54,3305.55,Shipped
ORD001695,P0147,S031,2026-05-17,287,4543.33,Delivered
ORD001696,P0095,S017,2026-07-12,972,2461.52,Shipped
ORD001697,P0058,S007,2026-06-09,686,78.17,Processing
ORD001698,P0185,S048,2026-06-16,830,1813.31,Shipped
ORD001699,P0333,S018,2026-05-23,216,2925.79,Delivered
ORD001700,P0067,S041,2026-04-20,761,3013.16,Delivered
ORD001701,P0496,S042,2026-08-21,838,960.26,Cancelled
ORD001702,P0039,S035,2026-04-18,-50,1721.06,Cancelled
ORD001703,P0274,S047,2026-05-14,158,228.62,Processing
ORD001704,P0282,S046,2026-07-09,259,4459.02,Shipped
ORD001705,P0230,S041,2026-06-25,735,595.97,Cancelled
ORD001706,P0248,S027,2026-04-10,537,4657.35,Delivered
ORD001707,P0307,S018,2026-05-05,714,4837.76,Shipped
ORD001708,P0490,S037,2026-04-04,63,3974.01,Processing
ORD001709,P0254,S044,2026-07-03,546,4352.58,Delivered
ORD001710,P0225,S049,2026-05-05,-50,1926.91,Cancelled
ORD001711,P0311,S018,2026-07-04,212,928.49,Processing
ORD001712,P0112,S038,2026-08-17,714,54.22,Cancelled
ORD001713,P0363,S047,2026-07-30,538,1301.58,Processing
ORD001714,P0363,S018,2026-06-07,566,604.33,Processing
ORD001715,P0274,S016,2026-04-04,299,205.06,Processing
ORD001716,P0475,S009,2026-06-03,277,4368.18,Delivered
ORD001717,P0128,S014,2026-09-04,548,589.76,Shipped
ORD001718,P0310,S024,2026-09-01,333,425.4,Shipped
ORD001719,P0210,S040,2026-04-27,302,1629.93,Delivered
ORD001720,P0418,S001,2026-08-31,844,1783.86,Shipped
ORD001721,P0132,S002,2026-05-08,551,3290.01,Delivered
ORD001722,P0196,S042,2026-09-16,264,4351.43,Processing
ORD001723,P0113,S021,2026-07-15,276,1027.55,Cancelled
ORD001724,P0229,S015,2026-05-02,748,3634.17,Shipped
ORD001725,P0462,S031,2026-04-30,96,2484.85,Cancelled
ORD001726,P0418,S012,2026-05-10,194,2852.59,Processing
ORD001727,P0145,S002,2026-09-05,318,822.96,Processing
ORD001728,P0352,S039,2026-07-02,193,356.58,Delivered
ORD001729,P0126,S030,2026-07-11,931,3229.14,Cancelled
ORD001730,P0371,S034,2026-04-18,141,3636.56,Delivered
ORD001731,P0052,S025,2026-08-25,394,113.37,Delivered
ORD001732,P0479,S003,2026-09-04,136,1249.23,Delivered
ORD001733,P0074,S041,2026-05-31,615,77.35,Delivered
ORD001734,P0278,S048,2026-04-20,838,1698.57,Delivered
ORD001735,P0072,S031,2026-05-14,778,2818.63,Cancelled
ORD001736,P0158,S022,2026-05-04,491,781.02,Delivered
ORD001737,P0355,S018,2026-08-10,643,2722.63,Delivered
ORD001738,P0053,S035,2026-04-04,304,521.8,Cancelled
ORD001739,P0001,S015,2026-04-29,25,1141.11,Cancelled
ORD001740,P0181,S042,2026-04-30,294,1137.16,Cancelled
ORD001741,P0453,S046,2026-09-15,843,4509.06,Cancelled
ORD001742,P0057,S015,2026-05-06,105,4782.77,Shipped
ORD001743,P0040,S040,2026-06-23,342,600.57,Delivered
ORD001744,P0310,S010,2026-04-04,183,2148.86,Shipped
ORD001745,P0093,S044,2026-08-24,436,759.6,Shipped
ORD001746,P0419,S019,2026-08-30,357,4378.26,Shipped
ORD001747,P0339,S024,2026-07-29,956,1334.35,Delivered
ORD001748,P0442,S010,2026-03-24,797,3282.71,Shipped
ORD001749,P0200,S029,2026-04-30,739,3986.29,Cancelled
ORD001750,P0058,S037,2026-04-10,438,4798.33,Shipped
ORD001751,P0047,S021,2026-04-30,131,917.54,Cancelled
ORD001752,P0164,S032,2026-06-22,435,2411.63,Cancelled
ORD001753,P0407,S041,2026-08-25,342,699.72,Processing
ORD001754,P0215,S036,2026-06-30,510,2698.35,Cancelled
ORD001755,P0275,S015,2026-08-07,394,427.25,Cancelled
ORD001756,P0296,S050,2026-08-05,711,4058.35,Processing
ORD001757,P0045,S016,2026-09-19,371,24.3,Delivered
ORD001758,P0286,S031,2026-06-24,981,676.63,Delivered
ORD001759,P0467,S023,2026-04-08,370,4245.27,Processing
ORD001760,P0236,S010,2026-06-07,856,4268.03,Cancelled
ORD001761,P0108,S015,2026-05-25,58,3737.51,Delivered
ORD001762,P0361,S010,2026-09-18,387,3668.08,Cancelled
ORD001763,P0028,S045,2026-06-27,109,3317.11,Delivered
ORD001764,P0429,S039,2026-07-24,892,799.28,Processing
ORD001765,P0073,S006,2026-06-25,251,394.56,Cancelled
ORD001766,P0392,S012,2026-05-01,482,3720.35,Shipped
ORD001767,P0211,S047,2026-07-22,346,2225.43,Delivered
ORD001768,P0057,S010,2026-06-05,62,4406.97,Delivered
ORD001769,P0385,S012,2026-08-25,516,810.14,Cancelled
ORD001770,P0349,S030,2026-07-10,568,3559.92,Shipped
ORD001771,P0257,S020,2026-08-17,727,1144.3,Processing
ORD001772,P0499,S006,2026-06-01,535,1894.03,Processing
ORD001773,P0206,S040,2026-05-17,58,1102.34,Processing
ORD001774,P0310,S005,2026-08-14,837,3465.21,Cancelled
ORD001775,P0335,S042,2026-06-12,415,4138.0,Processing
ORD001776,P0412,S024,2026-04-06,663,2126.87,Shipped
ORD001777,P0054,S005,2026-04-20,372,3019.92,Shipped
ORD001778,P0123,S019,2026-03-31,167,2712.42,Delivered
ORD001779,P0306,S001,2026-05-17,775,4549.34,Processing
ORD001780,P0104,S041,2026-08-12,952,171.51,Shipped
ORD001781,P0292,S037,2026-04-14,46,2823.06,Cancelled
ORD001782,P0025,S021,2026-04-04,96,4718.11,Delivered
ORD001783,P0385,S019,2026-06-23,982,1996.7,Processing
ORD001784,P0385,S026,2026-06-12,744,1785.63,Processing
ORD001785,P0346,S007,2026-09-19,340,2042.36,Delivered
ORD001786,P0414,S050,2026-07-30,154,128.19,Cancelled
ORD001787,P0301,S003,2026-07-24,298,814.5,Cancelled
ORD001788,P0454,S041,2026-04-13,96,4764.56,Processing
ORD001789,P0414,S044,2026-05-18,670,712.9,Processing
ORD001790,P0265,S047,2026-07-30,624,3260.46,Shipped
ORD001791,P0403,S009,2026-07-16,348,1461.3,Cancelled
ORD001792,P0457,S046,2026-04-03,793,3417.54,Processing
ORD001793,P0313,S039,2026-05-16,77,4790.5,Cancelled
ORD001794,P0413,S001,2026-04-17,147,3833.92,Shipped
ORD001795,P0445,S006,2026-08-11,511,479.63,Shipped
ORD001796,P0479,S019,2026-05-06,166,350.13,Shipped
ORD001797,P0046,S005,2026-06-22,184,3556.17,Cancelled
ORD001798,P0243,S017,2026-05-29,782,4384.52,Processing
ORD001799,P0498,S037,2026-04-24,500,207.57,Shipped
ORD001800,P0210,S040,2026-07-04,940,3406.12,Cancelled
ORD001801,P0263,S040,2026-06-25,975,1575.09,Delivered
ORD001802,P0212,S033,2026-09-14,461,1321.51,Delivered
ORD001803,P0330,S004,2026-08-29,759,3955.05,Delivered
ORD001804,P0437,S007,2026-05-02,298,1885.35,Cancelled
ORD001805,P0115,S025,2026-04-11,896,2316.77,Delivered
ORD001806,P0239,S030,2026-06-21,658,2680.23,Cancelled
ORD001807,P0044,S012,2026-04-20,750,550.66,Cancelled
ORD001808,P0103,S026,2026-07-12,337,331.71,Shipped
ORD001809,P0249,S014,2026-08-25,720,3709.01,Delivered
ORD001810,P0233,S003,2026-06-03,559,787.15,Cancelled
ORD001811,P0328,S014,2026-04-30,328,2845.35,Cancelled
ORD001812,P0480,S024,2026-04-08,809,2156.25,Cancelled
ORD001813,P0028,S014,2026-05-17,889,124.48,Cancelled
ORD001814,P0130,S041,2026-06-01,181,427.12,Delivered
ORD001815,P0208,S006,2026-06-02,306,4370.14,Cancelled
ORD001816,P0269,S014,2026-07-09,686,4466.44,Processing
ORD001817,P0048,S028,2026-04-06,351,4817.2,Shipped
ORD001818,P0102,S023,2026-05-05,965,2101.31,Cancelled
ORD001819,P0353,S011,2026-08-08,989,3486.48,Shipped
ORD001820,P0293,S025,2026-09-17,843,59.56,Processing
ORD001821,P0371,S043,2026-04-12,593,3086.4,Shipped
ORD001822,P0422,S047,2026-09-10,761,4127.92,Shipped
ORD001823,P0078,S030,2026-03-27,957,745.96,Shipped
ORD001824,P0406,S044,2026-04-22,417,1321.39,Delivered
ORD001825,P0483,S009,2026-07-17,650,2252.15,Delivered
ORD001826,P0112,S048,2026-04-02,193,2106.68,Processing
ORD001827,P0194,S014,2026-08-24,357,1056.72,Processing
ORD001828,P0296,S001,2026-09-13,380,4070.76,Delivered
ORD001829,P0460,S020,2026-06-09,515,4097.07,Delivered
ORD001830,P0256,S042,2026-09-19,467,2076.13,Shipped
ORD001831,P0425,S035,2026-06-22,437,2620.62,Shipped
ORD001832,P0475,S012,2026-04-22,470,2147.63,Processing
ORD001833,P0305,S011,2026-08-12,556,2185.02,Shipped
ORD001834,P0353,S044,2026-09-08,448,3174.2,Delivered
ORD001835,P0413,S007,2026-04-15,92,3251.63,Cancelled
ORD001836,P0255,S048,2026-04-19,770,3122.89,Delivered
ORD001837,P0228,S033,2026-09-02,596,4031.29,Shipped
ORD001838,P0109,S015,2026-07-09,796,2278.6,Cancelled
ORD001839,P0101,S031,2026-04-22,974,630.96,Cancelled
ORD001840,P0465,S042,2026-07-07,721,3925.33,Cancelled
ORD001841,P0482,S024,2026-03-25,801,1127.44,Shipped
ORD001842,P0451,S043,2026-05-31,271,1543.91,Cancelled
ORD001843,P0124,S001,2026-09-12,922,4546.2,Delivered
ORD001844,P0014,S010,2026-03-27,810,1878.28,Shipped
ORD001845,P0088,S037,2026-06-17,441,1216.74,Cancelled
ORD001846,P0316,S042,2026-05-12,403,4144.46,Cancelled
ORD001847,P0481,S041,2026-04-25,400,4887.0,Processing
ORD001848,P0463,S021,2026-07-05,530,800.63,Processing
ORD001849,P0364,S009,2026-04-18,517,600.68,Cancelled
ORD001850,P0470,S017,2026-08-31,858,2769.0,Shipped
ORD001851,P0048,S006,2026-05-15,27,2192.73,Processing
ORD001852,P0317,S046,2026-03-31,557,4603.77,Delivered
ORD001853,P0196,S002,2026-08-17,761,3673.5,Cancelled
ORD001854,P0324,S050,2026-09-02,367,940.91,Processing
ORD001855,P0100,S035,2026-06-08,861,1233.82,Cancelled
ORD001856,P0338,S004,2026-05-29,282,423.99,Processing
ORD001857,P0012,S041,2026-08-31,594,4336.03,Delivered
ORD001858,P0475,S039,2026-07-19,126,544.31,Shipped
ORD001859,P0459,S012,2026-05-30,96,396.13,Shipped
ORD001860,P0201,S007,2026-05-16,503,3979.25,Cancelled
ORD001861,P0250,S041,2026-04-11,79,1059.38,Cancelled
ORD001862,P0456,S021,2026-06-28,649,4542.43,Processing
ORD001863,P0153,S001,2026-05-09,926,901.6,Delivered
ORD001864,P0500,S022,2026-04-23,356,2424.72,Delivered
ORD001865,P0268,S048,2026-05-03,261,4633.65,Processing
ORD001866,P0016,S035,2026-08-26,24,2594.79,Processing
ORD001867,P0444,S024,2026-05-18,118,4493.88,Delivered
ORD001868,P0071,S015,2026-06-15,86,3641.44,Processing
ORD001869,P0141,S031,2026-05-31,205,4766.61,Shipped
ORD001870,P0334,S019,2026-08-12,479,3728.52,Cancelled
ORD001871,P0263,S026,2026-07-13,945,973.34,Processing
ORD001872,P0352,S046,2026-05-13,288,4809.74,Delivered
ORD001873,P0407,S050,2026-08-20,602,1564.81,Processing
ORD001874,P0222,S029,2026-07-26,434,2985.69,Shipped
ORD001875,P0319,S007,2026-06-13,622,1921.4,Processing
ORD001876,P0181,S024,2026-08-16,920,3167.17,Delivered
ORD001877,P0086,S003,2026-07-17,982,2561.67,Cancelled
ORD001878,P0310,S042,2026-06-07,974,4826.07,Shipped
ORD001879,P0016,S008,2026-07-03,185,4047.11,Cancelled
ORD001880,P0184,S016,2026-05-10,75,1083.77,Shipped
ORD001881,P0075,S050,2026-06-27,322,620.29,Shipped
ORD001882,P0006,S046,2026-09-16,337,1076.72,Shipped
ORD001883,P0288,S005,2026-05-22,395,1425.24,Processing
ORD001884,P0112,S007,2026-08-05,575,1397.46,Delivered
ORD001885,P0458,S042,2026-08-17,432,3413.84,Cancelled
ORD001886,P0417,S021,2026-06-13,203,993.65,Cancelled
ORD001887,P0024,S018,2026-07-29,432,605.1,Cancelled
ORD001888,P0308,S021,2026-05-06,606,1920.46,Delivered
ORD001889,P0010,S042,2026-06-04,803,4281.95,Delivered
ORD001890,P0146,S009,2026-07-20,862,4834.6,Delivered
ORD001891,P0471,S034,2026-08-07,41,1693.58,Delivered
ORD001892,P0241,S007,2026-04-10,850,4014.54,Shipped
ORD001893,P0163,S049,2026-06-02,355,2007.72,Shipped
ORD001894,P0314,S004,2026-07-28,403,1499.23,Cancelled
ORD001895,P0435,S042,2026-07-28,991,4553.25,Shipped
ORD001896,P0053,S002,2026-08-29,230,248.69,Delivered
ORD001897,P0054,S021,2026-04-28,883,3441.12,Cancelled
ORD001898,P0088,S006,2026-05-20,196,3623.3,Shipped
ORD001899,P0003,S045,2026-08-08,889,271.93,Delivered
ORD001900,P0025,S020,2026-04-21,77,1326.0,Cancelled
ORD001901,P0358,S011,2026-06-01,948,697.44,Cancelled
ORD001902,P0065,S021,2026-04-23,883,748.53,Cancelled
ORD001903,P0229,S043,2026-09-03,126,2613.6,Processing
ORD001904,P0245,S043,2026-08-18,502,4881.98,Shipped
ORD001905,P0116,S006,2026-07-25,271,3833.35,Delivered
ORD001906,P0286,S016,2026-06-22,676,3239.2,Processing
ORD001907,P0040,S005,2026-09-17,996,2478.08,Processing
ORD001908,P0344,S014,2026-03-27,480,4094.37,Processing
ORD001909,P0054,S022,2026-07-26,214,4071.84,Shipped
ORD001910,P0363,S030,2026-06-11,672,778.45,Delivered
ORD001911,P0113,S024,2026-04-26,395,4875.57,Processing
ORD001912,P0097,S005,2026-07-04,285,2121.24,Shipped
ORD001913,P0332,S007,2026-08-18,151,2310.16,Delivered
ORD001914,P0124,S002,2026-04-21,916,2309.63,Shipped
ORD001915,P0244,S043,2026-03-31,544,2268.68,Shipped
ORD001916,P0475,S036,2026-04-23,87,1778.59,Processing
ORD001917,P0204,S033,2026-05-01,442,2544.55,Delivered
ORD001918,P0140,S024,2026-07-14,101,255.18,Cancelled
ORD001919,P0100,S019,2026-07-10,194,2019.43,Shipped
ORD001920,P0312,S032,2026-08-06,532,2173.49,Delivered
ORD001921,P0128,S008,2026-09-05,225,584.79,Delivered
ORD001922,P0137,S016,2026-08-18,68,2665.34,Shipped
ORD001923,P0452,S040,2026-05-20,717,3581.96,Cancelled
ORD001924,P0052,S015,2026-07-02,752,4122.1,Shipped
ORD001925,P0106,S011,2026-07-28,805,1025.84,Shipped
ORD001926,P0306,S019,2026-09-20,752,25.5,Processing
ORD001927,P0465,S045,2026-07-30,638,2389.02,Shipped
ORD001928,P0123,S011,2026-09-16,323,3410.4,Processing
ORD001929,P0171,S030,2026-05-10,146,4811.59,Cancelled
ORD001930,P0172,S002,2026-07-11,182,4872.11,Delivered
ORD001931,P0348,S049,2026-05-06,874,58.57,Shipped
ORD001932,P0299,S001,2026-07-23,501,4367.36,Cancelled
ORD001933,P0024,S002,2026-04-21,581,3403.43,Shipped
ORD001934,P0269,S033,2026-05-21,172,3777.41,Delivered
ORD001935,P0156,S048,2026-04-18,344,2268.56,Shipped
ORD001936,P0132,S043,2026-08-10,499,1275.15,Cancelled
ORD001937,P0424,S023,2026-03-27,309,3553.68,Cancelled
ORD001938,P0139,S044,2026-04-21,532,3643.8,Delivered
ORD001939,P0211,S015,2026-04-30,676,4970.49,Shipped
ORD001940,P0016,S016,2026-07-29,592,3707.65,Cancelled
ORD001941,P0106,S048,2026-06-24,92,977.27,Cancelled
ORD001942,P0056,S018,2026-09-03,899,3138.19,Cancelled
ORD001943,P0090,S017,2026-08-05,933,3398.54,Shipped
ORD001944,P0302,S027,2026-07-02,968,4969.78,Shipped
ORD001945,P0022,S038,2026-05-11,533,3512.16,Delivered
ORD001946,P0408,S030,2026-07-12,581,4841.08,Shipped
ORD001947,P0057,S001,2026-06-05,511,4636.89,Processing
ORD001948,P0349,S010,2026-07-21,536,4833.69,Processing
ORD001949,P0250,S019,2026-06-09,67,4000.93,Delivered
ORD001950,P0021,S014,2026-07-18,290,4129.1,Delivered
ORD001951,P0251,S020,2026-04-06,6,2157.31,Delivered
ORD001952,P0129,S009,2026-04-05,359,4394.82,Processing
ORD001953,P0366,S018,2026-04-15,147,4979.61,Processing
ORD001954,P0300,S006,2026-07-12,298,1102.1,Cancelled
ORD001955,P0128,S044,2026-06-22,653,1937.34,Cancelled
ORD001956,P0458,S017,2026-04-18,943,1517.09,Shipped
ORD001957,P0289,S028,2026-05-07,696,4380.9,Processing
ORD001958,P0394,S013,2026-09-14,257,687.1,Processing
ORD001959,P0157,S006,2026-06-09,305,2837.66,Cancelled
ORD001960,P0094,S025,2026-08-10,802,4380.85,Cancelled
ORD001961,P0071,S034,2026-04-17,453,3473.73,Shipped
ORD001962,P0182,S028,2026-07-21,478,2108.32,Cancelled
ORD001963,P0015,S036,2026-07-20,28,4787.88,Cancelled
ORD001964,P0387,S009,2026-04-15,630,4535.18,Processing
ORD001965,P0263,S024,2026-08-19,131,3108.24,Shipped
ORD001966,P0387,S026,2026-04-06,129,2020.68,Delivered
ORD001967,P0414,S049,2026-07-20,896,2594.86,Delivered
ORD001968,P0029,S018,2026-04-14,850,4931.01,Delivered
ORD001969,P0305,S007,2026-06-17,842,1459.98,Cancelled
ORD001970,P0170,S004,2026-09-16,125,3704.96,Delivered
ORD001971,P0105,S034,2026-09-19,148,2814.63,Cancelled
ORD001972,P0115,S044,2026-04-27,656,4262.76,Shipped
ORD001973,P0160,S047,2026-08-31,960,42.19,Cancelled
ORD001974,P0353,S013,2026-08-30,118,345.04,Processing
ORD001975,P0451,S008,2026-08-25,533,493.35,Processing
ORD001976,P0243,S002,2026-04-19,853,2533.96,Cancelled
ORD001977,P0475,S008,2026-04-07,308,2028.74,Processing
ORD001978,P0431,S035,2026-05-23,267,4110.22,Cancelled
ORD001979,P0316,S008,2026-09-08,443,739.77,Delivered
ORD001980,P0073,S048,2026-05-10,674,1211.0,Processing
ORD001981,P0246,S019,2026-07-23,297,3341.0,Cancelled
ORD001982,P0342,S018,2026-06-26,401,1935.25,Delivered
ORD001983,P0214,S028,2026-07-20,152,149.57,Cancelled
ORD001984,P0289,S025,2026-04-23,12,2906.88,Delivered
ORD001985,P0334,S043,2026-09-05,635,2227.95,Shipped
ORD001986,P0240,S047,2026-04-28,470,1391.75,Processing
ORD001987,P0257,S033,2026-06-23,216,1750.68,Cancelled
ORD001988,P0033,S012,2026-08-02,672,765.5,Shipped
ORD001989,P0367,S009,2026-07-19,286,3926.96,Shipped
ORD001990,P0035,S042,2026-07-02,496,1888.85,Cancelled
ORD001991,P0338,S012,2026-08-26,590,3545.42,Shipped
ORD001992,P0358,S021,2026-04-26,603,4776.42,Shipped
ORD001993,P0317,S026,2026-08-20,70,234.2,Processing
ORD001994,P0050,S043,2026-05-22,109,2502.18,Cancelled
ORD001995,P0390,S015,2026-06-14,791,4044.69,Processing
ORD001996,P0461,S012,2026-04-19,746,4463.44,Cancelled
ORD001997,P0032,S040,2026-04-09,257,581.22,Delivered
ORD001998,P0391,S024,2026-07-15,622,3160.16,Delivered
ORD001999,P0165,S007,2026-05-07,716,2253.05,Processing
ORD002000,P0294,S036,2026-09-03,205,986.63,Cancelled
ORD002001,P0348,S019,2026-07-14,231,1013.95,Processing
ORD002002,P0417,S034,2026-07-13,829,3952.12,Delivered
ORD002003,P0013,S041,2026-08-20,983,3346.6,Processing
ORD002004,P0415,S009,2026-04-01,915,36.13,Cancelled
ORD002005,P0280,S005,2026-08-16,349,934.67,Cancelled
ORD002006,P0427,S014,2026-05-11,585,4139.6,Shipped
ORD002007,P0317,S036,2026-06-23,874,697.99,Delivered
ORD002008,P0219,S041,2026-07-14,386,4371.14,Delivered
ORD002009,P0401,S034,2026-04-25,306,513.56,Cancelled
ORD002010,P0027,S039,2026-05-22,554,1661.29,Processing
ORD002011,P0473,S017,2026-06-06,400,3519.33,Delivered
ORD002012,P0496,S019,2026-05-03,77,2676.77,Processing
ORD002013,P0478,S040,2026-08-03,513,1568.07,Delivered
ORD002014,P0358,S008,2026-08-10,597,2360.18,Shipped
ORD002015,P0016,S003,2026-09-07,347,2112.81,Processing
ORD002016,P0455,S049,2026-06-17,61,705.05,Shipped
ORD002017,P0468,S004,2026-09-09,242,2472.84,Delivered
ORD002018,P0037,S027,2026-06-20,613,3699.05,Delivered
ORD002019,P0246,S009,2026-08-12,278,3619.42,Delivered
ORD002020,P0255,S033,2026-04-02,231,3255.18,Cancelled
ORD002021,P0156,S015,2026-07-24,22,4656.92,Delivered
ORD002022,P0274,S039,2026-05-13,881,1903.15,Delivered
ORD002023,P0247,S004,2026-08-12,397,3830.75,Processing
ORD002024,P0360,S028,2026-07-12,563,697.47,Cancelled
ORD002025,P0460,S040,2026-04-23,926,1844.87,Processing
ORD002026,P0224,S004,2026-06-19,244,1167.85,Delivered
ORD002027,P0212,S048,2026-05-21,771,4442.79,Delivered
ORD002028,P0448,S047,2026-03-27,256,4064.98,Delivered
ORD002029,P0065,S029,2026-04-07,185,1420.15,Shipped
ORD002030,P0309,S042,2026-06-21,912,1228.78,Shipped
ORD002031,P0311,S026,2026-04-26,491,3291.34,Delivered
ORD002032,P0129,S035,2026-04-12,211,2479.7,Shipped
ORD002033,P0228,S046,2026-05-19,310,4707.72,Shipped
ORD002034,P0126,S034,2026-09-07,915,1345.0,Delivered
ORD002035,P0178,S027,2026-04-06,723,4753.31,Cancelled
ORD002036,P0041,S014,2026-06-03,934,694.29,Processing
ORD002037,P0380,S036,2026-06-10,216,622.51,Processing
ORD002038,P0121,S045,2026-04-02,451,3253.04,Cancelled
ORD002039,P0011,S032,2026-04-22,857,178.44,Shipped
ORD002040,P0197,S020,2026-08-21,848,4825.83,Delivered
ORD002041,P0438,S040,2026-06-03,394,2481.83,Cancelled
ORD002042,P0228,S003,2026-06-30,230,1036.59,Processing
ORD002043,P0221,S035,2026-09-08,54,3305.41,Delivered
ORD002044,P0391,S023,2026-08-09,960,139.7,Shipped
ORD002045,P0415,S049,2026-05-30,606,1090.56,Delivered
ORD002046,P0372,S040,2026-06-19,445,4330.05,Delivered
ORD002047,P0284,S025,2026-04-20,976,3609.27,Shipped
ORD002048,P0238,S028,2026-08-07,587,3598.91,Shipped
ORD002049,P0492,S025,2026-05-04,479,3730.71,Processing
ORD002050,P0465,S001,2026-04-26,288,3999.95,Shipped
ORD002051,P0128,S050,2026-04-14,556,1486.17,Cancelled
ORD002052,P0316,S018,2026-04-02,371,1351.05,Shipped
ORD002053,P0415,S050,2026-09-07,623,71.57,Shipped
ORD002054,P0339,S021,2026-08-16,857,1329.94,Processing
ORD002055,P0237,S002,2026-07-15,451,54.26,Delivered
ORD002056,P0246,S041,2026-06-23,865,2787.48,Cancelled
ORD002057,P0297,S006,2026-04-07,284,4486.25,Shipped
ORD002058,P0226,S012,2026-04-09,265,3832.22,Shipped
ORD002059,P0445,S032,2026-05-29,131,1144.82,Processing
ORD002060,P0447,S040,2026-04-30,672,257.4,Delivered
ORD002061,P0020,S012,2026-09-07,701,2538.53,Cancelled
ORD002062,P0163,S003,2026-08-19,567,3589.61,Delivered
ORD002063,P0500,S017,2026-05-29,17,3395.16,Shipped
ORD002064,P0368,S003,2026-08-09,615,1181.14,Delivered
ORD002065,P0260,S029,2026-04-12,116,2560.07,Processing
ORD002066,P0167,S037,2026-05-15,381,4147.4,Cancelled
ORD002067,P0329,S028,2026-04-11,897,1422.59,Delivered
ORD002068,P0311,S024,2026-06-15,344,4875.74,Shipped
ORD002069,P0483,S019,2026-07-22,637,165.48,Shipped
ORD002070,P0149,S010,2026-04-04,934,2960.22,Delivered
ORD002071,P0109,S021,2026-08-26,524,3581.68,Shipped
ORD002072,P0194,S038,2026-05-18,34,3288.73,Processing
ORD002073,P0391,S042,2026-06-29,81,4776.34,Processing
ORD002074,P0258,S037,2026-08-15,646,2745.68,Cancelled
ORD002075,P0376,S008,2026-08-08,868,4393.61,Delivered
ORD002076,P0242,S043,2026-08-26,538,2606.48,Shipped
ORD002077,P0100,S037,2026-05-31,301,4556.24,Shipped
ORD002078,P0410,S050,2026-05-25,371,1162.14,Shipped
ORD002079,P0355,S016,2026-04-22,456,3666.66,Cancelled
ORD002080,P0041,S023,2026-06-24,574,2533.16,Shipped
ORD002081,P0248,S039,2026-09-07,236,2250.35,Cancelled
ORD002082,P0292,S009,2026-05-21,948,2692.7,Cancelled
ORD002083,P0300,S043,2026-09-12,142,3031.67,Shipped
ORD002084,P0161,S008,2026-06-19,84,2048.43,Processing
ORD002085,P0254,S041,2026-08-18,903,3865.5,Processing
ORD002086,P0008,S011,2026-07-18,124,2098.94,Cancelled
ORD002087,P0065,S003,2026-04-18,854,2162.79,Processing
ORD002088,P0068,S033,2026-04-11,888,2651.26,Cancelled
ORD002089,P0182,S009,2026-07-10,412,3487.67,Processing
ORD002090,P0061,S022,2026-06-07,919,4125.33,Shipped
ORD002091,P0312,S040,2026-08-22,111,4970.73,Delivered
ORD002092,P0379,S023,2026-04-11,973,2249.99,Cancelled
ORD002093,P0231,S048,2026-09-01,855,2184.09,Cancelled
ORD002094,P0069,S047,2026-09-19,188,3621.3,Delivered
ORD002095,P0459,S001,2026-05-01,608,2969.31,Cancelled
ORD002096,P0165,S029,2026-06-29,181,2548.25,Shipped
ORD002097,P0119,S020,2026-04-17,506,1712.17,Cancelled
ORD002098,P0166,S025,2026-06-05,327,3788.93,Processing
ORD002099,P0417,S048,2026-04-03,904,4946.13,Processing
ORD002100,P0266,S018,2026-07-12,589,4399.12,Shipped
ORD002101,P0178,S019,2026-04-18,170,601.57,Shipped
ORD002102,P0225,S015,2026-07-26,907,854.91,Shipped
ORD002103,P0386,S007,2026-08-26,947,1166.06,Shipped
ORD002104,P0050,S014,2026-04-29,566,4195.56,Processing
ORD002105,P0307,S003,2026-03-31,983,4454.32,Processing
ORD002106,P0251,S002,2026-03-25,379,1023.67,Cancelled
ORD002107,P0267,S009,2026-07-15,851,2274.71,Delivered
ORD002108,P0471,S008,2026-09-20,456,4445.51,Cancelled
ORD002109,P0045,S009,2026-05-30,286,3660.85,Delivered
ORD002110,P0412,S006,2026-06-22,763,3968.67,Delivered
ORD002111,P0081,S033,2026-06-15,344,1387.78,Delivered
ORD002112,P0353,S021,2026-09-20,914,4624.4,Cancelled
ORD002113,P0478,S046,2026-04-18,814,2611.27,Processing
ORD002114,P0339,S041,2026-08-13,37,4746.42,Delivered
ORD002115,P0071,S038,2026-05-25,386,4361.85,Processing
ORD002116,P0101,S017,2026-09-12,482,765.65,Processing
ORD002117,P0145,S009,2026-07-29,204,3177.52,Delivered
ORD002118,P0439,S047,2026-08-03,768,1078.8,Cancelled
ORD002119,P0252,S036,2026-04-10,626,1050.65,Processing
ORD002120,P0215,S045,2026-04-02,270,3070.76,Processing
ORD002121,P0179,S031,2026-09-03,544,3288.14,Processing
ORD002122,P0431,S015,2026-06-08,897,1467.66,Cancelled
ORD002123,P0408,S041,2026-07-27,402,2993.23,Cancelled
ORD002124,P0050,S015,2026-06-07,116,4814.97,Shipped
ORD002125,P0497,S029,2026-07-09,334,1244.51,Cancelled
ORD002126,P0091,S030,2026-04-22,980,1601.34,Delivered
ORD002127,P0357,S026,2026-06-20,722,649.01,Cancelled
ORD002128,P0308,S027,2026-07-27,704,1181.95,Shipped
ORD002129,P0260,S014,2026-05-31,912,4256.43,Cancelled
ORD002130,P0288,S050,2026-04-08,331,1315.41,Shipped
ORD002131,P0201,S029,2026-07-07,436,1999.41,Delivered
ORD002132,P0249,S047,2026-05-31,225,1705.81,Delivered
ORD002133,P0230,S027,2026-06-10,227,2866.8,Processing
ORD002134,P0106,S050,2026-08-08,641,560.47,Shipped
ORD002135,P0310,S035,2026-04-26,21,4751.89,Delivered
ORD002136,P0047,S050,2026-06-29,722,1673.11,Shipped
ORD002137,P0033,S042,2026-08-12,51,2598.06,Shipped
ORD002138,P0102,S011,2026-08-08,859,2683.14,Processing
ORD002139,P0411,S011,2026-06-06,933,1875.66,Cancelled
ORD002140,P0284,S047,2026-05-18,255,4700.67,Delivered
ORD002141,P0387,S034,2026-03-29,105,2512.48,Cancelled
ORD002142,P0081,S019,2026-04-03,309,130.98,Processing
ORD002143,P0140,S048,2026-04-01,127,4066.85,Cancelled
ORD002144,P0206,S009,2026-09-07,838,3705.22,Shipped
ORD002145,P0040,S005,2026-04-14,517,3613.34,Cancelled
ORD002146,P0008,S048,2026-03-29,851,2713.07,Processing
ORD002147,P0377,S038,2026-04-17,812,1961.71,Shipped
ORD002148,P0218,S033,2026-06-14,762,126.93,Shipped
ORD002149,P0104,S007,2026-07-19,271,4846.62,Cancelled
ORD002150,P0150,S028,2026-06-28,96,1119.04,Cancelled
ORD002151,P0143,S031,2026-08-14,292,4539.25,Processing
ORD002152,P0009,S032,2026-06-29,746,1974.29,Shipped
ORD002153,P0366,S007,2026-08-10,464,1128.06,Delivered
ORD002154,P0395,S015,2026-07-03,458,1855.41,Delivered
ORD002155,P0160,S022,2026-09-04,148,4050.31,Delivered
ORD002156,P0288,S011,2026-04-17,213,4325.49,Cancelled
ORD002157,P0128,S006,2026-08-22,145,2021.94,Cancelled
ORD002158,P0371,S037,2026-08-04,779,1169.82,Cancelled
ORD002159,P0211,S020,2026-05-27,759,1695.96,Processing
ORD002160,P0165,S045,2026-04-02,579,2997.66,Delivered
ORD002161,P0354,S014,2026-05-31,774,2816.42,Cancelled
ORD002162,P0256,S021,2026-08-10,983,3263.52,Shipped
ORD002163,P0363,S031,2026-07-20,527,2778.49,Delivered
ORD002164,P0218,S045,2026-04-19,80,1884.67,Delivered
ORD002165,P0267,S048,2026-05-04,125,839.32,Cancelled
ORD002166,P0020,S028,2026-04-22,508,861.9,Cancelled
ORD002167,P0384,S036,2026-04-28,429,2003.03,Shipped
ORD002168,P0223,S019,2026-04-23,738,4610.63,Shipped
ORD002169,P0166,S040,2026-08-04,911,1864.44,Processing
ORD002170,P0149,S034,2026-04-29,702,1030.26,Shipped
ORD002171,P0310,S017,2026-08-03,484,2319.77,Shipped
ORD002172,P0085,S034,2026-04-27,733,4148.75,Delivered
ORD002173,P0214,S012,2026-06-13,154,2357.76,Delivered
ORD002174,P0360,S013,2026-06-11,205,3473.29,Cancelled
ORD002175,P0049,S004,2026-06-16,640,2348.78,Processing
ORD002176,P0180,S041,2026-04-10,573,4417.88,Shipped
ORD002177,P0008,S013,2026-08-31,282,1428.1,Cancelled
ORD002178,P0374,S020,2026-08-20,377,3126.26,Cancelled
ORD002179,P0288,S035,2026-05-28,657,3300.24,Delivered
ORD002180,P0079,S007,2026-08-22,749,1090.04,Processing
ORD002181,P0289,S007,2026-05-30,130,3986.45,Cancelled
ORD002182,P0295,S050,2026-06-16,874,2964.93,Shipped
ORD002183,P0343,S031,2026-08-28,215,848.82,Processing
ORD002184,P0047,S040,2026-05-18,151,725.23,Cancelled
ORD002185,P0166,S005,2026-03-24,918,4849.51,Processing
ORD002186,P0414,S029,2026-08-01,436,3327.56,Shipped
ORD002187,P0257,S049,2026-06-09,121,1211.46,Cancelled
ORD002188,P0397,S025,2026-06-28,724,2377.65,Shipped
ORD002189,P0163,S034,2026-08-04,81,4417.6,Processing
ORD002190,P0485,S041,2026-05-05,854,1395.91,Processing
ORD002191,P0287,S029,2026-07-13,502,3478.55,Shipped
ORD002192,P0062,S036,2026-09-15,922,2182.71,Shipped
ORD002193,P0013,S024,2026-05-08,876,2335.72,Shipped
ORD002194,P0110,S040,2026-07-10,574,4382.71,Processing
ORD002195,P0192,S012,2026-06-29,956,3740.67,Delivered
ORD002196,P0227,S024,2026-05-13,539,982.49,Shipped
ORD002197,P0049,S024,2026-06-16,938,1276.26,Delivered
ORD002198,P0140,S003,2026-08-26,663,1382.01,Cancelled
ORD002199,P0023,S045,2026-07-03,722,1272.66,Delivered
ORD002200,P0422,S002,2026-08-17,884,3592.97,Cancelled
ORD002201,P0324,S030,2026-08-26,503,877.12,Delivered
ORD002202,P0190,S002,2026-04-02,628,4472.38,Processing
ORD002203,P0377,S012,2026-09-20,892,4256.21,Delivered
ORD002204,P0428,S008,2026-07-09,58,2222.46,Delivered
ORD002205,P0050,S035,2026-06-12,285,4917.18,Processing
ORD002206,P0315,S048,2026-09-07,18,1670.0,Shipped
ORD002207,P0464,S038,2026-05-06,740,4722.06,Delivered
ORD002208,P0207,S027,2026-09-10,858,3341.94,Delivered
ORD002209,P0099,S049,2026-04-09,514,746.09,Shipped
ORD002210,P0089,S029,2026-04-14,46,1384.87,Processing
ORD002211,P0259,S027,2026-09-16,178,3180.15,Delivered
ORD002212,P0141,S036,2026-06-11,360,597.4,Cancelled
ORD002213,P0429,S045,2026-08-16,89,2835.28,Cancelled
ORD002214,P0060,S006,2026-04-15,187,3650.46,Processing
ORD002215,P0303,S041,2026-06-13,989,110.34,Processing
ORD002216,P0112,S041,2026-03-26,384,2307.14,Processing
ORD002217,P0429,S044,2026-06-10,658,4713.86,Processing
ORD002218,P0159,S004,2026-04-26,389,3532.51,Processing
ORD002219,P0072,S037,2026-06-03,324,2075.77,Processing
ORD002220,P0453,S013,2026-06-01,182,4896.6,Shipped
ORD002221,P0226,S017,2026-09-18,95,2454.53,Shipped
ORD002222,P0396,S042,2026-06-21,536,2253.87,Processing
ORD002223,P0487,S038,2026-04-02,395,786.96,Processing
ORD002224,P0223,S023,2026-09-19,662,4056.43,Shipped
ORD002225,P0176,S045,2026-05-16,992,2523.79,Shipped
ORD002226,P0263,S050,2026-04-16,216,1298.49,Cancelled
ORD002227,P0017,S008,2026-05-29,530,3295.08,Processing
ORD002228,P0072,S030,2026-07-23,601,1621.72,Cancelled
ORD002229,P0302,S003,2026-09-08,331,3509.43,Shipped
ORD002230,P0082,S027,2026-03-26,487,1680.22,Delivered
ORD002231,P0468,S023,2026-05-10,314,822.1,Processing
ORD002232,P0225,S040,2026-03-29,468,2971.94,Cancelled
ORD002233,P0243,S016,2026-07-04,259,3619.63,Shipped
ORD002234,P0348,S026,2026-07-25,308,210.24,Processing
ORD002235,P0056,S027,2026-07-31,437,3872.62,Cancelled
ORD002236,P0015,S011,2026-08-22,525,840.26,Shipped
ORD002237,P0495,S045,2026-08-23,966,2625.19,Processing
ORD002238,P0340,S022,2026-04-26,808,4799.97,Delivered
ORD002239,P0406,S050,2026-06-11,145,4009.43,Cancelled
ORD002240,P0085,S030,2026-07-03,1,3296.46,Processing
ORD002241,P0155,S020,2026-05-07,83,931.12,Processing
ORD002242,P0047,S047,2026-07-13,251,779.15,Shipped
ORD002243,P0245,S011,2026-03-25,353,508.57,Cancelled
ORD002244,P0109,S031,2026-09-18,685,1887.69,Cancelled
ORD002245,P0125,S049,2026-09-20,939,488.17,Processing
ORD002246,P0391,S009,2026-06-13,410,3868.57,Shipped
ORD002247,P0374,S028,2026-09-12,612,1975.31,Delivered
ORD002248,P0251,S043,2026-06-20,759,4851.43,Delivered
ORD002249,P0454,S039,2026-05-19,183,3841.54,Shipped
ORD002250,P0175,S033,2026-06-24,843,17.94,Cancelled
ORD002251,P0331,S015,2026-04-12,142,2504.75,Delivered
ORD002252,P0155,S028,2026-05-17,96,1704.54,Processing
ORD002253,P0078,S019,2026-07-10,319,1940.21,Cancelled
ORD002254,P0134,S027,2026-04-01,184,826.08,Delivered
ORD002255,P0413,S006,2026-07-21,355,3433.47,Delivered
ORD002256,P0442,S026,2026-09-07,823,4036.51,Processing
ORD002257,P0066,S037,2026-06-13,520,1926.11,Cancelled
ORD002258,P0249,S042,2026-03-26,983,3354.27,Cancelled
ORD002259,P0156,S028,2026-04-06,265,3712.9,Delivered
ORD002260,P0414,S029,2026-08-25,515,1870.4,Cancelled
ORD002261,P0433,S035,2026-06-17,996,1830.66,Processing
ORD002262,P0273,S049,2026-07-10,393,4352.87,Delivered
ORD002263,P0004,S022,2026-05-01,971,4671.54,Shipped
ORD002264,P0264,S040,2026-05-13,746,4362.3,Cancelled
ORD002265,P0238,S019,2026-04-05,41,616.54,Cancelled
ORD002266,P0188,S004,2026-07-19,911,3000.65,Shipped
ORD002267,P0218,S022,2026-05-27,692,1487.76,Delivered
ORD002268,P0137,S012,2026-08-09,301,1790.86,Delivered
ORD002269,P0167,S020,2026-07-16,652,187.72,Delivered
ORD002270,P0375,S003,2026-06-23,545,3696.01,Processing
ORD002271,P0044,S035,2026-05-07,97,639.01,Processing
ORD002272,P0253,S028,2026-09-02,915,1380.73,Cancelled
ORD002273,P0317,S016,2026-09-16,941,4129.6,Cancelled
ORD002274,P0040,S021,2026-04-03,382,201.05,Delivered
ORD002275,P0263,S047,2026-06-29,81,1695.49,Shipped
ORD002276,P0206,S002,2026-07-10,189,4752.29,Shipped
ORD002277,P0381,S006,2026-09-07,857,4562.61,Delivered
ORD002278,P0293,S017,2026-05-12,311,3081.75,Processing
ORD002279,P0410,S004,2026-09-17,384,2870.95,Processing
ORD002280,P0141,S048,2026-07-13,706,3893.76,Shipped
ORD002281,P0344,S003,2026-07-30,620,1999.37,Processing
ORD002282,P0146,S018,2026-09-13,6,2041.84,Delivered
ORD002283,P0337,S009,2026-07-08,282,1342.6,Shipped
ORD002284,P0114,S015,2026-04-17,19,3547.95,Processing
ORD002285,P0314,S019,2026-04-09,746,3563.05,Cancelled
ORD002286,P0216,S041,2026-08-21,610,1650.47,Cancelled
ORD002287,P0477,S036,2026-07-23,13,1721.32,Shipped
ORD002288,P0422,S029,2026-06-20,156,2315.12,Cancelled
ORD002289,P0273,S045,2026-05-16,175,3368.2,Shipped
ORD002290,P0017,S043,2026-07-05,873,2860.85,Delivered
ORD002291,P0250,S036,2026-09-01,354,424.63,Shipped
ORD002292,P0150,S049,2026-06-09,323,2262.98,Cancelled
ORD002293,P0080,S040,2026-03-31,599,842.0,Shipped
ORD002294,P0221,S027,2026-08-15,784,126.81,Shipped
ORD002295,P0381,S032,2026-08-13,241,1882.67,Processing
ORD002296,P0311,S008,2026-06-28,100,1984.79,Processing
ORD002297,P0293,S019,2026-04-21,183,4325.82,Cancelled
ORD002298,P0210,S023,2026-08-11,770,1096.59,Shipped
ORD002299,P0395,S024,2026-06-13,646,537.14,Shipped
ORD002300,P0275,S035,2026-07-30,402,1133.25,Cancelled
ORD002301,P0388,S030,2026-07-28,294,4132.43,Cancelled
ORD002302,P0474,S012,2026-05-03,410,1449.15,Shipped
ORD002303,P0336,S012,2026-07-20,700,4537.33,Cancelled
ORD002304,P0335,S027,2026-08-19,998,2097.17,Processing
ORD002305,P0015,S040,2026-09-02,230,701.47,Delivered
ORD002306,P0293,S047,2026-08-24,419,4727.99,Shipped
ORD002307,P0128,S011,2026-08-27,583,3131.22,Delivered
ORD002308,P0012,S048,2026-06-26,616,4418.73,Cancelled
ORD002309,P0262,S013,2026-08-12,871,4566.9,Cancelled
ORD002310,P0371,S016,2026-06-26,180,2366.12,Processing
ORD002311,P0068,S019,2026-06-14,67,4473.28,Processing
ORD002312,P0237,S030,2026-08-18,251,3421.52,Cancelled
ORD002313,P0408,S012,2026-05-24,997,2312.42,Delivered
ORD002314,P0429,S022,2026-08-25,894,4601.58,Processing
ORD002315,P0237,S047,2026-05-25,986,358.51,Delivered
ORD002316,P0347,S027,2026-09-14,888,2603.64,Cancelled
ORD002317,P0037,S027,2026-06-30,981,1307.55,Delivered
ORD002318,P0332,S035,2026-08-26,732,128.36,Cancelled
ORD002319,P0150,S026,2026-04-08,849,4113.36,Delivered
ORD002320,P0205,S046,2026-06-25,950,2562.68,Cancelled
ORD002321,P0404,S008,2026-07-11,107,738.46,Shipped
ORD002322,P0386,S008,2026-08-19,740,853.08,Cancelled
ORD002323,P0174,S010,2026-09-08,935,1222.91,Cancelled
ORD002324,P0136,S007,2026-05-16,338,3213.76,Delivered
ORD002325,P0461,S046,2026-07-19,504,3764.99,Shipped
ORD002326,P0152,S045,2026-06-19,456,1660.0,Cancelled
ORD002327,P0133,S037,2026-09-19,282,2976.2,Processing
ORD002328,P0268,S019,2026-04-30,27,1112.9,Shipped
ORD002329,P0186,S046,2026-08-15,299,1540.25,Processing
ORD002330,P0325,S020,2026-08-16,487,3568.26,Shipped
ORD002331,P0381,S045,2026-05-02,132,741.17,Shipped
ORD002332,P0132,S041,2026-06-30,234,149.74,Processing
ORD002333,P0156,S010,2026-08-20,599,70.21,Shipped
ORD002334,P0382,S034,2026-08-01,416,2390.1,Processing
ORD002335,P0330,S010,2026-06-20,602,4264.53,Shipped
ORD002336,P0192,S025,2026-08-04,887,4631.15,Processing
ORD002337,P0247,S012,2026-08-05,496,4486.7,Delivered
ORD002338,P0485,S005,2026-09-11,351,1131.88,Processing
ORD002339,P0077,S018,2026-05-20,624,3892.29,Delivered
ORD002340,P0101,S023,2026-09-06,511,2302.02,Delivered
ORD002341,P0460,S015,2026-08-05,760,1020.62,Delivered
ORD002342,P0321,S007,2026-07-04,975,1654.28,Delivered
ORD002343,P0284,S035,2026-06-01,867,3708.88,Delivered
ORD002344,P0229,S037,2026-04-07,536,1247.38,Shipped
ORD002345,P0354,S042,2026-05-09,879,1232.98,Cancelled
ORD002346,P0021,S039,2026-05-08,273,2764.36,Delivered
ORD002347,P0376,S005,2026-05-11,928,4516.64,Shipped
ORD002348,P0107,S015,2026-04-08,250,2932.53,Cancelled
ORD002349,P0051,S035,2026-07-20,903,3909.25,Shipped
ORD002350,P0038,S013,2026-09-02,490,590.87,Delivered
ORD002351,P0102,S007,2026-07-23,556,2950.99,Cancelled
ORD002352,P0292,S001,2026-06-08,596,2154.48,Delivered
ORD002353,P0399,S042,2026-07-15,200,2948.8,Cancelled
ORD002354,P0129,S049,2026-03-24,417,3010.76,Cancelled
ORD002355,P0091,S022,2026-09-01,520,2421.57,Shipped
ORD002356,P0154,S017,2026-09-05,889,2665.63,Shipped
ORD002357,P0348,S036,2026-06-02,516,1550.93,Cancelled
ORD002358,P0388,S012,2026-04-21,500,42.52,Cancelled
ORD002359,P0084,S012,2026-07-28,68,3804.58,Shipped
ORD002360,P0474,S029,2026-04-17,351,3193.04,Processing
ORD002361,P0399,S007,2026-05-12,782,1166.7,Shipped
ORD002362,P0157,S021,2026-07-30,785,2656.69,Delivered
ORD002363,P0154,S040,2026-09-15,216,2859.33,Processing
ORD002364,P0081,S013,2026-06-14,785,1987.24,Processing
ORD002365,P0313,S043,2026-05-03,161,1635.15,Cancelled
ORD002366,P0305,S027,2026-09-07,799,3635.08,Processing
ORD002367,P0242,S020,2026-05-30,380,733.48,Shipped
ORD002368,P0425,S048,2026-06-22,323,2254.04,Cancelled
ORD002369,P0202,S049,2026-08-15,428,38.31,Cancelled
ORD002370,P0496,S027,2026-04-07,363,3232.51,Processing
ORD002371,P0393,S018,2026-07-18,20,4094.48,Processing
ORD002372,P0339,S046,2026-05-16,263,1481.04,Shipped
ORD002373,P0165,S028,2026-03-30,810,1918.21,Processing
ORD002374,P0317,S033,2026-05-18,451,4283.45,Delivered
ORD002375,P0125,S011,2026-04-12,334,3617.02,Cancelled
ORD002376,P0400,S043,2026-04-04,400,3442.13,Cancelled
ORD002377,P0144,S039,2026-05-26,601,1881.34,Delivered
ORD002378,P0328,S022,2026-04-07,283,2694.1,Cancelled
ORD002379,P0057,S031,2026-06-04,138,4405.44,Delivered
ORD002380,P0397,S047,2026-06-15,424,4123.31,Processing
ORD002381,P0154,S037,2026-08-21,205,2813.56,Cancelled
ORD002382,P0168,S037,2026-05-25,560,3816.31,Shipped
ORD002383,P0272,S019,2026-08-13,707,119.04,Delivered
ORD002384,P0365,S048,2026-09-19,322,4786.43,Shipped
ORD002385,P0383,S014,2026-07-16,189,1613.12,Processing
ORD002386,P0186,S022,2026-07-19,204,3391.57,Shipped
ORD002387,P0310,S048,2026-05-28,956,125.46,Delivered
ORD002388,P0211,S028,2026-09-04,406,4032.26,Delivered
ORD002389,P0031,S033,2026-08-06,383,90.84,Cancelled
ORD002390,P0492,S033,2026-04-01,895,3993.41,Cancelled
ORD002391,P0295,S022,2026-06-04,650,344.88,Delivered
ORD002392,P0048,S036,2026-08-15,800,570.55,Processing
ORD002393,P0434,S006,2026-08-02,588,4613.26,Processing
ORD002394,P0393,S044,2026-04-11,442,4090.6,Cancelled
ORD002395,P0456,S048,2026-07-17,156,3255.71,Delivered
ORD002396,P0332,S037,2026-05-09,348,2275.69,Cancelled
ORD002397,P0206,S037,2026-03-29,301,41.71,Cancelled
ORD002398,P0005,S015,2026-03-28,331,2141.48,Shipped
ORD002399,P0300,S044,2026-05-20,787,1639.83,Cancelled
ORD002400,P0341,S013,2026-09-07,789,4109.41,Shipped
ORD002401,P0079,S013,2026-08-18,792,749.94,Shipped
ORD002402,P0052,S002,2026-05-09,547,3013.59,Delivered
ORD002403,P0277,S023,2026-04-25,978,355.64,Shipped
ORD002404,P0337,S014,2026-05-21,207,1521.62,Cancelled
ORD002405,P0120,S014,2026-06-01,791,1783.17,Processing
ORD002406,P0064,S025,2026-07-14,27,2225.32,Processing
ORD002407,P0026,S029,2026-06-29,450,2001.9,Processing
ORD002408,P0303,S008,2026-06-29,96,4846.53,Delivered
ORD002409,P0388,S014,2026-05-04,124,4704.07,Shipped
ORD002410,P0213,S013,2026-06-13,216,4925.91,Shipped
ORD002411,P0131,S033,2026-07-24,115,4725.04,Delivered
ORD002412,P0195,S027,2026-03-25,410,4808.23,Delivered
ORD002413,P0185,S020,2026-06-22,857,335.87,Shipped
ORD002414,P0360,S006,2026-05-21,667,3221.47,Cancelled
ORD002415,P0009,S018,2026-07-22,748,3240.32,Shipped
ORD002416,P0073,S016,2026-04-04,182,2827.25,Processing
ORD002417,P0080,S009,2026-08-03,712,2354.37,Delivered
ORD002418,P0306,S014,2026-04-08,888,3701.85,Shipped
ORD002419,P0317,S027,2026-06-27,844,795.84,Processing
ORD002420,P0480,S034,2026-05-07,989,765.39,Processing
ORD002421,P0451,S008,2026-06-25,806,820.24,Cancelled
ORD002422,P0157,S026,2026-05-15,641,1872.19,Shipped
ORD002423,P0165,S002,2026-08-30,803,138.89,Delivered
ORD002424,P0018,S048,2026-07-22,893,730.26,Cancelled
ORD002425,P0277,S025,2026-04-04,781,2996.55,Processing
ORD002426,P0052,S001,2026-05-03,358,4486.97,Delivered
ORD002427,P0034,S008,2026-07-09,992,2383.69,Cancelled
ORD002428,P0226,S009,2026-08-08,878,3020.32,Delivered
ORD002429,P0244,S031,2026-06-11,922,4515.39,Processing
ORD002430,P0337,S035,2026-06-14,375,4784.96,Delivered
ORD002431,P0253,S048,2026-07-24,852,4261.32,Processing
ORD002432,P0113,S033,2026-04-25,133,4029.18,Processing
ORD002433,P0338,S006,2026-05-20,762,483.0,Cancelled
ORD002434,P0455,S040,2026-06-04,108,1256.4,Shipped
ORD002435,P0374,S043,2026-05-10,309,1649.84,Cancelled
ORD002436,P0303,S034,2026-09-11,530,2890.06,Shipped
ORD002437,P0168,S028,2026-04-26,384,3309.4,Delivered
ORD002438,P0324,S004,2026-06-30,814,997.5,Processing
ORD002439,P0074,S041,2026-03-27,35,4178.54,Processing
ORD002440,P0204,S021,2026-05-04,12,2864.71,Cancelled
ORD002441,P0097,S041,2026-06-20,891,4086.78,Cancelled
ORD002442,P0110,S030,2026-07-17,637,1321.4,Cancelled
ORD002443,P0382,S018,2026-04-23,672,3844.87,Shipped
ORD002444,P0457,S012,2026-06-18,262,1711.51,Cancelled
ORD002445,P0234,S043,2026-08-11,99,3343.38,Shipped
ORD002446,P0135,S005,2026-08-03,801,1833.46,Delivered
ORD002447,P0065,S007,2026-08-10,233,4875.69,Delivered
ORD002448,P0282,S046,2026-04-23,303,640.23,Shipped
ORD002449,P0232,S028,2026-06-10,567,4921.72,Delivered
ORD002450,P0094,S026,2026-07-31,840,4706.84,Processing
ORD002451,P0431,S044,2026-04-29,228,3881.8,Processing
ORD002452,P0270,S039,2026-06-22,799,767.34,Delivered
ORD002453,P0186,S035,2026-08-07,236,3471.54,Processing
ORD002454,P0082,S007,2026-06-27,697,836.52,Processing
ORD002455,P0277,S040,2026-05-01,435,4292.89,Shipped
ORD002456,P0492,S026,2026-04-05,304,1954.96,Cancelled
ORD002457,P0240,S021,2026-07-23,140,3610.52,Shipped
ORD002458,P0039,S017,2026-03-24,726,2783.23,Shipped
ORD002459,P0473,S047,2026-05-16,628,2973.98,Delivered
ORD002460,P0387,S027,2026-04-08,144,727.52,Processing
ORD002461,P0201,S011,2026-05-25,662,2100.86,Processing
ORD002462,P0428,S023,2026-05-26,73,1139.26,Shipped
ORD002463,P0458,S026,2026-04-28,127,3632.64,Processing
ORD002464,P0228,S010,2026-05-15,689,1384.6,Shipped
ORD002465,P0327,S008,2026-03-26,534,1562.69,Delivered
ORD002466,P0307,S031,2026-08-31,238,3305.5,Shipped
ORD002467,P0278,S048,2026-04-24,625,2277.29,Delivered
ORD002468,P0449,S018,2026-06-19,973,4939.92,Cancelled
ORD002469,P0058,S041,2026-05-28,478,2135.29,Processing
ORD002470,P0444,S032,2026-09-17,777,1462.62,Delivered
ORD002471,P0375,S039,2026-04-15,983,2999.24,Shipped
ORD002472,P0446,S043,2026-05-24,507,4185.18,Cancelled
ORD002473,P0030,S041,2026-07-09,108,4327.18,Shipped
ORD002474,P0464,S017,2026-06-02,656,2544.04,Cancelled
ORD002475,P0429,S017,2026-09-10,366,424.64,Delivered
ORD002476,P0125,S038,2026-07-26,507,1114.73,Cancelled
ORD002477,P0137,S007,2026-09-10,800,4133.04,Cancelled
ORD002478,P0311,S037,2026-08-14,385,3037.07,Cancelled
ORD002479,P0309,S007,2026-04-03,605,4192.65,Delivered
ORD002480,P0049,S008,2026-08-18,-50,3822.51,Shipped
ORD002481,P0345,S046,2026-08-19,926,3022.99,Cancelled
ORD002482,P0178,S042,2026-04-03,808,2206.82,Cancelled
ORD002483,P0443,S034,2026-08-17,39,4701.58,Cancelled
ORD002484,P0465,S002,2026-09-11,222,2838.98,Delivered
ORD002485,P0485,S022,2026-09-01,102,1468.46,Cancelled
ORD002486,P0374,S030,2026-03-31,870,4455.81,Shipped
ORD002487,P0177,S023,2026-09-14,997,4828.29,Shipped
ORD002488,P0402,S004,2026-07-16,333,2296.44,Shipped
ORD002489,P0108,S036,2026-05-04,790,4318.78,Shipped
ORD002490,P0386,S023,2026-07-04,800,4079.19,Cancelled
ORD002491,P0171,S023,2026-04-15,632,2695.79,Processing
ORD002492,P0425,S020,2026-06-13,104,4571.71,Delivered
ORD002493,P0208,S021,2026-09-03,637,2490.99,Processing
ORD002494,P0104,S017,2026-06-29,877,3539.91,Shipped
ORD002495,P0413,S029,2026-06-18,918,1813.7,Processing
ORD002496,P0166,S002,2026-05-06,115,957.05,Shipped
ORD002497,P0359,S042,2026-07-31,574,1488.06,Processing
ORD002498,P0317,S045,2026-07-03,78,1001.11,Delivered
ORD002499,P0469,S043,2026-08-24,415,4262.52,Processing
ORD002500,P0273,S023,2026-06-19,407,673.83,Cancelled
ORD002501,P0433,S048,2026-04-19,835,4383.56,Shipped
ORD002502,P0292,S006,2026-08-28,332,4997.2,Cancelled
ORD002503,P0126,S036,2026-04-03,159,3340.93,Shipped
ORD002504,P0254,S015,2026-03-30,854,3478.44,Processing
ORD002505,P0449,S015,2026-05-25,451,3243.0,Processing
ORD002506,P0007,S019,2026-04-30,250,4823.31,Cancelled
ORD002507,P0213,S036,2026-07-14,565,4991.88,Processing
ORD002508,P0096,S034,2026-07-07,595,2004.09,Cancelled
ORD002509,P0362,S024,2026-05-29,823,4010.61,Cancelled
ORD002510,P0187,S016,2026-06-26,328,2706.44,Delivered
ORD002511,P0069,S021,2026-09-17,881,4138.96,Processing
ORD002512,P0297,S009,2026-08-08,99,4905.25,Cancelled
ORD002513,P0161,S007,2026-08-08,827,4133.21,Processing
ORD002514,P0368,S045,2026-06-21,661,4882.7,Processing
ORD002515,P0138,S037,2026-07-21,857,275.48,Cancelled
ORD002516,P0303,S028,2026-07-29,67,4766.29,Processing
ORD002517,P0287,S029,2026-03-29,573,3254.89,Shipped
ORD002518,P0445,S046,2026-07-24,152,328.25,Shipped
ORD002519,P0489,S047,2026-04-09,283,2853.07,Delivered
ORD002520,P0252,S028,2026-08-24,722,3824.18,Processing
ORD002521,P0111,S043,2026-07-03,463,1556.03,Shipped
ORD002522,P0120,S037,2026-06-16,818,4381.08,Cancelled
ORD002523,P0393,S035,2026-04-29,698,2938.49,Delivered
ORD002524,P0028,S046,2026-08-27,773,1798.16,Delivered
ORD002525,P0315,S005,2026-04-11,543,2074.42,Processing
ORD002526,P0128,S039,2026-05-12,793,3796.52,Processing
ORD002527,P0016,S042,2026-05-09,952,2479.93,Delivered
ORD002528,P0046,S007,2026-06-16,969,2023.74,Cancelled
ORD002529,P0196,S045,2026-07-06,486,701.16,Shipped
ORD002530,P0050,S020,2026-05-09,364,895.28,Cancelled
ORD002531,P0256,S006,2026-05-27,189,1309.92,Processing
ORD002532,P0180,S042,2026-05-21,649,417.03,Cancelled
ORD002533,P0269,S017,2026-04-17,21,4397.71,Delivered
ORD002534,P0031,S044,2026-08-13,383,486.5,Delivered
ORD002535,P0007,S001,2026-08-06,335,1929.92,Delivered
ORD002536,P0289,S024,2026-08-16,880,356.25,Processing
ORD002537,P0326,S040,2026-05-11,511,917.12,Processing
ORD002538,P0050,S044,2026-06-20,935,781.81,Shipped
ORD002539,P0091,S029,2026-08-17,724,4231.41,Processing
ORD002540,P0077,S029,2026-07-31,32,3114.19,Delivered
ORD002541,P0479,S019,2026-06-11,111,1751.78,Processing
ORD002542,P0266,S011,2026-08-22,922,507.61,Processing
ORD002543,P0080,S040,2026-08-25,943,1693.61,Cancelled
ORD002544,P0281,S025,2026-09-08,803,2245.2,Delivered
ORD002545,P0284,S005,2026-09-11,347,1238.65,Processing
ORD002546,P0492,S032,2026-05-24,193,3972.33,Delivered
ORD002547,P0031,S031,2026-06-23,831,4219.57,Delivered
ORD002548,P0047,S043,2026-08-04,671,1609.56,Cancelled
ORD002549,P0330,S013,2026-08-10,290,1608.38,Cancelled
ORD002550,P0150,S041,2026-05-13,437,2027.15,Cancelled
ORD002551,P0252,S002,2026-04-14,504,530.55,Cancelled
ORD002552,P0200,S020,2026-08-27,510,4961.51,Shipped
ORD002553,P0358,S004,2026-09-15,541,4157.97,Processing
ORD002554,P0158,S038,2026-04-15,766,4502.38,Processing
ORD002555,P0161,S048,2026-09-04,50,2676.12,Delivered
ORD002556,P0198,S013,2026-06-09,361,4821.29,Delivered
ORD002557,P0448,S028,2026-09-15,757,2546.79,Processing
ORD002558,P0190,S044,2026-08-01,716,233.16,Processing
ORD002559,P0235,S012,2026-04-18,914,1115.62,Shipped
ORD002560,P0366,S014,2026-04-11,508,1041.62,Delivered
ORD002561,P0473,S025,2026-04-04,211,4502.6,Delivered
ORD002562,P0003,S016,2026-06-06,676,4070.05,Shipped
ORD002563,P0200,S015,2026-05-08,381,4588.74,Cancelled
ORD002564,P0080,S010,2026-04-04,614,1238.4,Shipped
ORD002565,P0349,S037,2026-07-10,728,4320.08,Shipped
ORD002566,P0482,S042,2026-05-15,755,4569.54,Cancelled
ORD002567,P0006,S027,2026-09-16,844,2074.06,Shipped
ORD002568,P0419,S050,2026-05-11,500,1274.59,Delivered
ORD002569,P0355,S026,2026-08-31,43,3483.05,Cancelled
ORD002570,P0340,S045,2026-04-25,229,361.92,Delivered
ORD002571,P0082,S032,2026-04-22,69,924.96,Shipped
ORD002572,P0484,S048,2026-05-05,263,4777.03,Cancelled
ORD002573,P0275,S019,2026-06-04,292,4278.99,Shipped
ORD002574,P0390,S008,2026-04-20,405,4116.16,Processing
ORD002575,P0285,S032,2026-04-15,206,644.3,Delivered
ORD002576,P0246,S007,2026-07-22,115,1150.94,Cancelled
ORD002577,P0043,S049,2026-05-10,711,4033.98,Processing
ORD002578,P0316,S024,2026-07-13,449,3694.35,Cancelled
ORD002579,P0394,S003,2026-08-23,679,4668.74,Processing
ORD002580,P0372,S021,2026-05-16,45,2848.32,Processing
ORD002581,P0441,S017,2026-06-19,944,885.89,Cancelled
ORD002582,P0462,S042,2026-05-14,58,1962.65,Processing
ORD002583,P0259,S005,2026-06-06,231,927.98,Processing
ORD002584,P0337,S047,2026-06-17,450,136.3,Cancelled
ORD002585,P0432,S016,2026-04-10,617,2647.5,Processing
ORD002586,P0281,S021,2026-04-29,59,565.72,Delivered
ORD002587,P0266,S035,2026-07-06,18,3096.75,Processing
ORD002588,P0190,S003,2026-06-14,147,4508.58,Processing
ORD002589,P0196,S001,2026-03-25,577,301.5,Cancelled
ORD002590,P0062,S015,2026-08-16,781,3145.15,Delivered
ORD002591,P0333,S031,2026-03-29,960,2861.74,Cancelled
ORD002592,P0352,S040,2026-06-04,397,2253.86,Processing
ORD002593,P0252,S040,2026-09-14,257,1732.28,Cancelled
ORD002594,P0471,S010,2026-07-24,466,2686.91,Shipped
ORD002595,P0074,S019,2026-05-20,653,3657.58,Cancelled
ORD002596,P0452,S011,2026-05-28,377,3702.63,Cancelled
ORD002597,P0074,S003,2026-06-08,471,2057.75,Processing
ORD002598,P0065,S041,2026-07-04,362,1048.42,Cancelled
ORD002599,P0453,S027,2026-07-09,472,3669.91,Cancelled
ORD002600,P0238,S024,2026-07-01,346,1636.79,Cancelled
ORD002601,P0371,S034,2026-04-27,211,1237.58,Processing
ORD002602,P0100,S047,2026-08-16,676,3922.79,Shipped
ORD002603,P0281,S049,2026-07-20,812,2046.96,Shipped
ORD002604,P0202,S010,2026-05-17,482,552.16,Cancelled
ORD002605,P0464,S050,2026-06-08,891,3121.74,Delivered
ORD002606,P0112,S022,2026-05-14,565,4450.72,Cancelled
ORD002607,P0222,S012,2026-08-03,966,2220.47,Processing
ORD002608,P0291,S043,2026-06-30,177,1373.87,Processing
ORD002609,P0206,S037,2026-09-04,801,4006.18,Processing
ORD002610,P0163,S030,2026-07-07,252,4341.47,Processing
ORD002611,P0162,S040,2026-07-26,956,3819.33,Delivered
ORD002612,P0050,S005,2026-09-13,88,117.12,Delivered
ORD002613,P0437,S006,2026-06-16,321,4658.5,Shipped
ORD002614,P0381,S010,2026-05-14,981,1072.93,Delivered
ORD002615,P0320,S021,2026-06-24,598,4523.53,Cancelled
ORD002616,P0174,S046,2026-07-23,180,1455.81,Delivered
ORD002617,P0082,S010,2026-08-14,168,2081.78,Cancelled
ORD002618,P0288,S036,2026-05-03,644,2353.14,Shipped
ORD002619,P0435,S016,2026-09-16,1000,575.67,Processing
ORD002620,P0050,S049,2026-07-15,41,686.64,Cancelled
ORD002621,P0195,S031,2026-07-23,175,3838.02,Shipped
ORD002622,P0300,S037,2026-07-14,187,2242.19,Delivered
ORD002623,P0485,S043,2026-07-27,581,1725.71,Shipped
ORD002624,P0454,S024,2026-04-14,71,894.4,Shipped
ORD002625,P0202,S010,2026-09-13,114,4964.56,Processing
ORD002626,P0165,S019,2026-09-02,729,3965.98,Delivered
ORD002627,P0309,S032,2026-06-22,17,3113.09,Cancelled
ORD002628,P0187,S017,2026-05-06,197,2571.98,Delivered
ORD002629,P0164,S011,2026-07-27,54,3250.53,Shipped
ORD002630,P0230,S028,2026-05-30,346,211.87,Cancelled
ORD002631,P0042,S022,2026-09-08,565,166.56,Delivered
ORD002632,P0010,S020,2026-08-17,390,1006.22,Cancelled
ORD002633,P0199,S003,2026-06-29,712,3362.8,Cancelled
ORD002634,P0188,S033,2026-06-17,875,4968.33,Cancelled
ORD002635,P0363,S022,2026-07-06,136,4715.1,Shipped
ORD002636,P0099,S032,2026-08-12,289,1340.7,Cancelled
ORD002637,P0044,S043,2026-09-11,936,1599.88,Delivered
ORD002638,P0416,S009,2026-03-29,826,3812.7,Processing
ORD002639,P0091,S024,2026-04-12,67,778.49,Processing
ORD002640,P0443,S005,2026-04-15,10,3618.3,Shipped
ORD002641,P0037,S010,2026-08-29,597,3134.37,Cancelled
ORD002642,P0448,S022,2026-09-01,805,3328.04,Delivered
ORD002643,P0361,S009,2026-04-07,205,4590.83,Delivered
ORD002644,P0047,S046,2026-05-10,975,467.01,Cancelled
ORD002645,P0120,S014,2026-09-15,52,3587.73,Cancelled
ORD002646,P0321,S034,2026-06-14,198,2385.46,Processing
ORD002647,P0310,S046,2026-07-28,191,2351.36,Delivered
ORD002648,P0095,S033,2026-07-15,7,407.0,Processing
ORD002649,P0074,S035,2026-05-30,590,4863.89,Delivered
ORD002650,P0390,S005,2026-09-19,193,943.37,Shipped
ORD002651,P0084,S026,2026-05-21,651,4181.84,Shipped
ORD002652,P0212,S033,2026-08-24,656,1434.16,Cancelled
ORD002653,P0423,S023,2026-05-27,754,1211.45,Delivered
ORD002654,P0456,S044,2026-09-07,258,1414.43,Processing
ORD002655,P0032,S005,2026-04-09,506,1727.67,Delivered
ORD002656,P0387,S028,2026-08-29,82,3373.43,Cancelled
ORD002657,P0382,S044,2026-03-27,91,1598.81,Shipped
ORD002658,P0349,S039,2026-09-18,695,4796.89,Shipped
ORD002659,P0231,S023,2026-06-13,761,4056.72,Shipped
ORD002660,P0154,S049,2026-07-29,501,1574.24,Processing
ORD002661,P0301,S011,2026-05-21,44,3457.41,Cancelled
ORD002662,P0451,S030,2026-07-21,333,4618.0,Cancelled
ORD002663,P0445,S030,2026-07-20,464,771.9,Cancelled
ORD002664,P0487,S002,2026-07-09,895,705.77,Shipped
ORD002665,P0446,S041,2026-06-29,153,2003.1,Delivered
ORD002666,P0406,S043,2026-07-13,928,872.17,Processing
ORD002667,P0049,S002,2026-05-18,401,2366.72,Shipped
ORD002668,P0102,S002,2026-06-18,510,1967.24,Shipped
ORD002669,P0143,S015,2026-08-11,195,2437.81,Cancelled
ORD002670,P0223,S011,2026-07-12,500,4845.81,Delivered
ORD002671,P0493,S007,2026-06-22,69,4765.22,Cancelled
ORD002672,P0149,S010,2026-08-26,241,2598.63,Cancelled
ORD002673,P0214,S032,2026-05-18,14,4784.72,Processing
ORD002674,P0323,S020,2026-06-18,701,3096.22,Delivered
ORD002675,P0067,S034,2026-08-24,289,1712.08,Shipped
ORD002676,P0443,S009,2026-09-16,379,2830.99,Cancelled
ORD002677,P0010,S029,2026-04-09,379,2090.83,Processing
ORD002678,P0353,S015,2026-06-15,932,4360.65,Shipped
ORD002679,P0469,S031,2026-09-02,806,1409.85,Shipped
ORD002680,P0407,S022,2026-08-18,716,979.95,Processing
ORD002681,P0401,S041,2026-06-14,587,4855.97,Processing
ORD002682,P0313,S016,2026-08-22,833,4100.09,Cancelled
ORD002683,P0241,S002,2026-08-15,321,2559.69,Delivered
ORD002684,P0385,S010,2026-06-30,639,1615.06,Cancelled
ORD002685,P0309,S047,2026-07-20,273,343.96,Cancelled
ORD002686,P0406,S050,2026-05-12,283,3562.42,Shipped
ORD002687,P0243,S016,2026-04-08,229,3169.02,Shipped
ORD002688,P0423,S040,2026-06-23,495,2813.77,Shipped
ORD002689,P0249,S021,2026-06-13,620,4417.24,Processing
ORD002690,P0097,S039,2026-09-05,620,610.61,Delivered
ORD002691,P0269,S033,2026-05-12,290,1248.65,Cancelled
ORD002692,P0359,S001,2026-07-10,306,1312.33,Processing
ORD002693,P0013,S002,2026-06-07,668,3223.5,Cancelled
ORD002694,P0189,S030,2026-04-13,795,4549.94,Processing
ORD002695,P0321,S025,2026-07-16,569,793.32,Cancelled
ORD002696,P0056,S018,2026-06-12,467,1386.99,Cancelled
ORD002697,P0084,S038,2026-06-04,132,1620.79,Delivered
ORD002698,P0027,S021,2026-04-24,566,2390.74,Processing
ORD002699,P0426,S047,2026-06-12,385,2755.13,Cancelled
ORD002700,P0166,S026,2026-09-05,183,1639.79,Delivered
ORD002701,P0145,S021,2026-09-04,580,3784.89,Delivered
ORD002702,P0029,S047,2026-08-01,735,3571.18,Cancelled
ORD002703,P0475,S005,2026-04-09,144,766.33,Processing
ORD002704,P0048,S049,2026-05-23,369,4861.87,Shipped
ORD002705,P0212,S022,2026-04-13,769,357.19,Cancelled
ORD002706,P0032,S034,2026-08-10,427,3212.68,Cancelled
ORD002707,P0080,S036,2026-09-17,843,456.47,Processing
ORD002708,P0082,S008,2026-07-16,782,4558.01,Shipped
ORD002709,P0123,S004,2026-05-21,661,3420.77,Delivered
ORD002710,P0330,S045,2026-04-06,231,2398.68,Delivered
ORD002711,P0389,S015,2026-05-19,973,771.63,Processing
ORD002712,P0164,S021,2026-07-30,397,3782.26,Cancelled
ORD002713,P0262,S049,2026-03-28,297,2466.21,Cancelled
ORD002714,P0035,S003,2026-08-11,205,2952.45,Processing
ORD002715,P0299,S032,2026-05-21,8,1753.41,Delivered
ORD002716,P0452,S024,2026-08-19,522,4493.91,Processing
ORD002717,P0109,S010,2026-07-03,550,46.68,Shipped
ORD002718,P0285,S024,2026-05-31,524,1948.21,Processing
ORD002719,P0132,S022,2026-08-26,201,1642.02,Shipped
ORD002720,P0062,S042,2026-07-02,293,2263.73,Cancelled
ORD002721,P0496,S042,2026-08-25,688,2563.91,Cancelled
ORD002722,P0095,S008,2026-05-15,43,1943.39,Delivered
ORD002723,P0103,S049,2026-05-15,584,3681.16,Shipped
ORD002724,P0346,S014,2026-09-16,908,2970.36,Shipped
ORD002725,P0238,S004,2026-06-24,664,3134.33,Shipped
ORD002726,P0262,S002,2026-05-18,318,71.68,Processing
ORD002727,P0106,S032,2026-06-17,970,3602.51,Shipped
ORD002728,P0201,S039,2026-07-19,772,834.63,Cancelled
ORD002729,P0288,S039,2026-07-24,293,3977.07,Processing
ORD002730,P0316,S007,2026-04-12,906,11.35,Delivered
ORD002731,P0026,S001,2026-08-29,970,1378.41,Delivered
ORD002732,P0228,S025,2026-06-09,747,2844.87,Processing
ORD002733,P0028,S024,2026-04-17,221,3232.4,Cancelled
ORD002734,P0039,S018,2026-06-27,428,3271.59,Shipped
ORD002735,P0461,S008,2026-04-01,310,717.77,Cancelled
ORD002736,P0062,S041,2026-05-15,763,4762.6,Delivered
ORD002737,P0090,S001,2026-07-23,116,439.62,Processing
ORD002738,P0446,S038,2026-07-18,712,2791.65,Shipped
ORD002739,P0360,S037,2026-03-29,492,325.79,Processing
ORD002740,P0034,S026,2026-05-18,695,1893.35,Delivered
ORD002741,P0222,S030,2026-07-29,423,883.36,Delivered
ORD002742,P0460,S003,2026-08-18,673,324.42,Shipped
ORD002743,P0369,S031,2026-06-04,208,4011.69,Delivered
ORD002744,P0140,S013,2026-09-11,241,3451.48,Delivered
ORD002745,P0023,S037,2026-09-06,856,4286.42,Cancelled
ORD002746,P0367,S048,2026-05-22,49,1439.72,Delivered
ORD002747,P0189,S030,2026-08-24,841,2367.65,Processing
ORD002748,P0338,S024,2026-06-27,744,2759.61,Processing
ORD002749,P0377,S041,2026-06-14,356,2040.94,Cancelled
ORD002750,P0240,S023,2026-06-27,786,1469.32,Cancelled
ORD002751,P0278,S027,2026-09-12,369,4807.32,Delivered
ORD002752,P0130,S009,2026-08-25,341,4624.35,Cancelled
ORD002753,P0386,S035,2026-07-17,883,3404.88,Delivered
ORD002754,P0260,S041,2026-06-19,149,2997.97,Processing
ORD002755,P0072,S014,2026-08-17,845,3469.14,Delivered
ORD002756,P0451,S008,2026-07-09,514,2724.54,Delivered
ORD002757,P0003,S017,2026-08-18,957,2756.74,Processing
ORD002758,P0351,S046,2026-05-21,807,1681.15,Delivered
ORD002759,P0375,S024,2026-06-15,562,4685.27,Cancelled
ORD002760,P0296,S023,2026-05-19,768,2045.91,Delivered
ORD002761,P0328,S042,2026-05-20,465,786.95,Processing
ORD002762,P0458,S033,2026-03-24,820,547.93,Processing
ORD002763,P0356,S020,2026-04-11,248,3781.44,Shipped
ORD002764,P0278,S041,2026-05-16,99,4758.24,Processing
ORD002765,P0009,S002,2026-03-30,303,614.17,Processing
ORD002766,P0037,S005,2026-09-14,260,2268.47,Delivered
ORD002767,P0484,S023,2026-07-10,678,2020.97,Shipped
ORD002768,P0199,S024,2026-06-19,214,1525.9,Cancelled
ORD002769,P0315,S038,2026-09-02,43,3398.8,Delivered
ORD002770,P0164,S023,2026-07-29,32,1286.35,Cancelled
ORD002771,P0386,S035,2026-06-30,789,499.05,Shipped
ORD002772,P0252,S002,2026-09-15,390,202.97,Cancelled
ORD002773,P0244,S017,2026-04-15,557,469.32,Processing
ORD002774,P0473,S007,2026-09-01,466,1905.46,Shipped
ORD002775,P0310,S031,2026-05-24,36,1621.13,Cancelled
ORD002776,P0315,S027,2026-05-18,98,61.37,Processing
ORD002777,P0442,S044,2026-08-22,800,150.9,Cancelled
ORD002778,P0258,S012,2026-04-10,475,1380.96,Cancelled
ORD002779,P0335,S047,2026-08-08,50,1273.49,Delivered
ORD002780,P0265,S032,2026-09-18,179,4512.29,Shipped
ORD002781,P0021,S019,2026-05-04,616,1663.76,Delivered
ORD002782,P0080,S005,2026-09-15,204,2415.91,Processing
ORD002783,P0199,S050,2026-03-25,763,4035.95,Processing
ORD002784,P0023,S020,2026-06-28,188,1124.88,Cancelled
ORD002785,P0366,S029,2026-05-21,828,3506.89,Delivered
ORD002786,P0085,S009,2026-04-18,136,3704.38,Delivered
ORD002787,P0255,S024,2026-07-14,814,3497.62,Delivered
ORD002788,P0460,S045,2026-08-05,378,3177.81,Delivered
ORD002789,P0243,S003,2026-07-09,286,2187.09,Cancelled
ORD002790,P0034,S006,2026-04-10,270,4390.13,Shipped
ORD002791,P0206,S033,2026-07-23,942,1223.73,Processing
ORD002792,P0013,S011,2026-04-23,89,2856.4,Processing
ORD002793,P0338,S035,2026-07-16,383,2791.27,Cancelled
ORD002794,P0498,S043,2026-04-10,190,2914.78,Delivered
ORD002795,P0021,S015,2026-08-14,208,745.46,Processing
ORD002796,P0201,S001,2026-09-19,381,309.37,Delivered
ORD002797,P0269,S043,2026-04-21,273,2932.01,Delivered
ORD002798,P0451,S009,2026-06-09,328,4604.45,Cancelled
ORD002799,P0097,S043,2026-05-17,487,2396.59,Processing
ORD002800,P0089,S025,2026-04-18,567,3170.65,Delivered
ORD002801,P0342,S009,2026-04-30,879,2554.24,Delivered
ORD002802,P0263,S005,2026-07-24,580,832.02,Cancelled
ORD002803,P0186,S015,2026-08-31,848,1319.72,Delivered
ORD002804,P0022,S021,2026-07-12,800,1979.2,Processing
ORD002805,P0372,S024,2026-09-11,401,2254.64,Processing
ORD002806,P0246,S040,2026-04-25,973,3954.43,Cancelled
ORD002807,P0447,S049,2026-09-05,651,794.85,Shipped
ORD002808,P0396,S005,2026-07-29,444,3003.11,Cancelled
ORD002809,P0288,S006,2026-04-09,722,4459.34,Processing
ORD002810,P0021,S024,2026-09-04,285,1972.4,Cancelled
ORD002811,P0414,S022,2026-09-06,311,4183.26,Shipped
ORD002812,P0438,S031,2026-06-10,524,2444.06,Processing
ORD002813,P0173,S006,2026-07-22,709,2453.48,Shipped
ORD002814,P0265,S040,2026-08-07,647,324.04,Shipped
ORD002815,P0448,S019,2026-06-01,609,2572.45,Shipped
ORD002816,P0465,S016,2026-06-14,580,964.42,Shipped
ORD002817,P0423,S022,2026-05-12,531,3383.74,Shipped
ORD002818,P0307,S028,2026-05-30,686,3298.96,Processing
ORD002819,P0152,S013,2026-09-16,704,3433.04,Shipped
ORD002820,P0409,S030,2026-05-15,-50,2605.36,Delivered
ORD002821,P0327,S016,2026-06-06,211,2994.67,Shipped
ORD002822,P0455,S042,2026-05-09,830,2489.81,Processing
ORD002823,P0248,S046,2026-07-02,278,4663.09,Cancelled
ORD002824,P0175,S010,2026-08-08,261,3033.86,Shipped
ORD002825,P0495,S025,2026-04-24,833,2757.91,Cancelled
ORD002826,P0035,S013,2026-03-24,832,4671.27,Cancelled
ORD002827,P0479,S036,2026-07-18,598,4107.58,Cancelled
ORD002828,P0137,S004,2026-05-13,438,3144.28,Cancelled
ORD002829,P0056,S031,2026-08-23,448,1940.55,Delivered
ORD002830,P0093,S008,2026-04-28,371,3803.02,Delivered
ORD002831,P0434,S005,2026-04-03,285,546.23,Shipped
ORD002832,P0402,S007,2026-04-25,948,3717.69,Cancelled
ORD002833,P0021,S043,2026-05-15,581,308.8,Delivered
ORD002834,P0320,S047,2026-06-18,284,1428.1,Processing
ORD002835,P0113,S040,2026-05-22,619,2857.38,Shipped
ORD002836,P0182,S016,2026-08-12,156,124.54,Shipped
ORD002837,P0088,S025,2026-05-19,209,2713.14,Delivered
ORD002838,P0047,S037,2026-05-04,759,3074.52,Shipped
ORD002839,P0064,S007,2026-07-26,253,4228.46,Processing
ORD002840,P0236,S040,2026-05-24,170,4460.51,Processing
ORD002841,P0055,S001,2026-06-03,245,3359.1,Cancelled
ORD002842,P0441,S039,2026-08-19,870,1939.65,Processing
ORD002843,P0052,S006,2026-05-22,419,3565.0,Cancelled
ORD002844,P0379,S025,2026-05-01,872,3079.11,Cancelled
ORD002845,P0278,S049,2026-03-29,279,1033.59,Cancelled
ORD002846,P0405,S034,2026-07-13,351,1617.18,Cancelled
ORD002847,P0316,S025,2026-07-31,859,2216.53,Processing
ORD002848,P0074,S046,2026-06-27,80,3008.76,Cancelled
ORD002849,P0404,S026,2026-05-06,213,1097.46,Shipped
ORD002850,P0141,S016,2026-07-05,733,1460.49,Processing
ORD002851,P0308,S031,2026-06-29,984,131.14,Processing
ORD002852,P0358,S005,2026-09-05,464,3568.22,Delivered
ORD002853,P0293,S023,2026-07-01,369,1911.04,Cancelled
ORD002854,P0371,S029,2026-07-13,932,2126.45,Cancelled
ORD002855,P0179,S015,2026-05-28,276,1839.31,Shipped
ORD002856,P0081,S011,2026-07-24,225,4269.7,Processing
ORD002857,P0196,S024,2026-04-02,50,3805.94,Delivered
ORD002858,P0048,S040,2026-05-03,713,2768.59,Shipped
ORD002859,P0269,S017,2026-04-13,464,753.66,Processing
ORD002860,P0143,S012,2026-07-13,235,2053.23,Processing
ORD002861,P0035,S015,2026-08-04,893,470.43,Delivered
ORD002862,P0336,S048,2026-08-17,181,1448.33,Cancelled
ORD002863,P0459,S011,2026-07-10,242,95.74,Processing
ORD002864,P0365,S005,2026-08-25,69,3866.45,Shipped
ORD002865,P0274,S008,2026-05-08,798,2318.06,Shipped
ORD002866,P0079,S035,2026-05-08,955,942.17,Delivered
ORD002867,P0438,S011,2026-06-15,785,1368.96,Delivered
ORD002868,P0259,S004,2026-07-30,404,683.4,Delivered
ORD002869,P0080,S009,2026-07-22,248,4309.82,Shipped
ORD002870,P0401,S018,2026-08-17,474,1236.49,Processing
ORD002871,P0366,S016,2026-04-21,166,3204.28,Delivered
ORD002872,P0194,S009,2026-04-10,1,1443.14,Cancelled
ORD002873,P0387,S026,2026-09-13,564,2711.93,Cancelled
ORD002874,P0239,S042,2026-08-05,966,2603.08,Cancelled
ORD002875,P0269,S027,2026-05-27,171,2520.73,Cancelled
ORD002876,P0413,S003,2026-04-25,212,376.35,Shipped
ORD002877,P0060,S039,2026-06-08,926,2067.94,Cancelled
ORD002878,P0192,S002,2026-06-08,323,2441.24,Delivered
ORD002879,P0223,S050,2026-05-18,654,3754.23,Cancelled
ORD002880,P0405,S049,2026-08-22,768,707.83,Shipped
ORD002881,P0126,S010,2026-07-03,17,4503.51,Cancelled
ORD002882,P0250,S026,2026-05-27,478,3567.32,Shipped
ORD002883,P0238,S009,2026-05-15,426,4798.5,Processing
ORD002884,P0460,S041,2026-04-30,945,515.41,Shipped
ORD002885,P0180,S030,2026-04-06,932,1938.92,Cancelled
ORD002886,P0307,S019,2026-04-12,364,4107.26,Cancelled
ORD002887,P0479,S031,2026-04-03,70,1768.89,Processing
ORD002888,P0473,S033,2026-06-11,170,65.17,Delivered
ORD002889,P0382,S046,2026-04-30,576,1355.35,Delivered
ORD002890,P0112,S041,2026-08-01,534,1862.62,Cancelled
ORD002891,P0172,S040,2026-07-05,472,1741.16,Shipped
ORD002892,P0189,S004,2026-06-04,821,2589.82,Delivered
ORD002893,P0389,S032,2026-07-14,444,3820.56,Delivered
ORD002894,P0400,S036,2026-09-10,747,3747.2,Delivered
ORD002895,P0478,S025,2026-05-02,339,3306.48,Cancelled
ORD002896,P0137,S010,2026-09-02,146,3812.92,Processing
ORD002897,P0316,S025,2026-04-16,283,1978.05,Delivered
ORD002898,P0156,S001,2026-04-04,977,673.38,Cancelled
ORD002899,P0100,S027,2026-08-16,819,4131.35,Processing
ORD002900,P0281,S037,2026-07-11,262,4952.23,Processing
ORD002901,P0034,S011,2026-03-24,880,196.93,Cancelled
ORD002902,P0113,S030,2026-04-09,938,4906.17,Cancelled
ORD002903,P0041,S043,2026-04-22,471,4060.33,Shipped
ORD002904,P0373,S024,2026-08-28,872,2349.94,Shipped
ORD002905,P0286,S036,2026-08-18,911,4507.62,Shipped
ORD002906,P0341,S021,2026-09-01,540,786.44,Shipped
ORD002907,P0399,S016,2026-08-23,232,4076.51,Cancelled
ORD002908,P0140,S022,2026-07-25,963,2549.09,Cancelled
ORD002909,P0027,S038,2026-07-05,308,4010.35,Shipped
ORD002910,P0422,S010,2026-04-20,569,1125.89,Processing
ORD002911,P0238,S010,2026-05-26,949,502.0,Shipped
ORD002912,P0381,S026,2026-07-07,430,2837.2,Shipped
ORD002913,P0125,S011,2026-04-13,639,2411.06,Delivered
ORD002914,P0475,S004,2026-06-12,447,2035.56,Cancelled
ORD002915,P0213,S031,2026-05-02,32,1675.59,Shipped
ORD002916,P0158,S016,2026-04-23,499,4396.74,Cancelled
ORD002917,P0302,S014,2026-07-03,416,2156.23,Processing
ORD002918,P0125,S040,2026-06-05,824,832.82,Processing
ORD002919,P0168,S038,2026-08-24,386,4267.46,Delivered
ORD002920,P0043,S048,2026-04-14,9,758.73,Cancelled
ORD002921,P0460,S006,2026-07-28,957,4850.6,Processing
ORD002922,P0002,S031,2026-04-06,182,173.1,Shipped
ORD002923,P0348,S044,2026-06-25,941,4135.52,Shipped
ORD002924,P0293,S006,2026-09-10,42,834.46,Shipped
ORD002925,P0052,S003,2026-06-16,597,420.91,Delivered
ORD002926,P0001,S013,2026-08-28,809,857.97,Cancelled
ORD002927,P0056,S018,2026-07-27,608,1464.23,Delivered
ORD002928,P0146,S009,2026-08-27,67,2317.06,Shipped
ORD002929,P0330,S050,2026-05-03,717,2579.31,Cancelled
ORD002930,P0115,S045,2026-08-26,291,169.85,Shipped
ORD002931,P0084,S045,2026-09-10,485,4053.25,Shipped
ORD002932,P0157,S019,2026-08-01,670,3531.23,Cancelled
ORD002933,P0414,S016,2026-07-09,814,4923.15,Shipped
ORD002934,P0168,S014,2026-09-10,247,2311.82,Processing
ORD002935,P0041,S004,2026-04-02,602,4376.96,Processing
ORD002936,P0230,S009,2026-04-20,153,3616.62,Shipped
ORD002937,P0353,S021,2026-06-17,594,1203.88,Cancelled
ORD002938,P0210,S008,2026-07-13,953,3225.11,Shipped
ORD002939,P0459,S031,2026-05-16,672,178.84,Processing
ORD002940,P0099,S023,2026-07-02,68,254.07,Shipped
ORD002941,P0096,S032,2026-07-01,475,3295.06,Cancelled
ORD002942,P0231,S009,2026-06-14,836,1641.27,Cancelled
ORD002943,P0162,S049,2026-09-08,581,4341.99,Processing
ORD002944,P0446,S011,2026-03-25,978,1260.5,Delivered
ORD002945,P0449,S022,2026-07-26,152,219.71,Processing
ORD002946,P0263,S039,2026-05-24,508,4785.74,Processing
ORD002947,P0214,S003,2026-05-09,790,56.03,Shipped
ORD002948,P0410,S040,2026-06-19,382,1692.53,Delivered
ORD002949,P0396,S033,2026-07-25,207,1063.2,Shipped
ORD002950,P0338,S048,2026-09-14,762,2529.86,Cancelled
ORD002951,P0303,S040,2026-08-06,949,3065.0,Cancelled
ORD002952,P0233,S047,2026-04-03,606,2740.14,Cancelled
ORD002953,P0146,S022,2026-04-04,19,2042.61,Delivered
ORD002954,P0425,S027,2026-07-23,952,2323.08,Processing
ORD002955,P0428,S038,2026-06-12,229,2251.86,Shipped
ORD002956,P0437,S003,2026-09-06,837,1155.07,Shipped
ORD002957,P0136,S001,2026-07-03,544,1153.81,Processing
ORD002958,P0123,S026,2026-07-17,3,2155.75,Delivered
ORD002959,P0275,S035,2026-06-02,963,2089.61,Shipped
ORD002960,P0340,S004,2026-08-24,509,4944.45,Processing
ORD002961,P0339,S036,2026-08-07,295,3900.58,Processing
ORD002962,P0288,S047,2026-07-01,337,894.41,Processing
ORD002963,P0351,S028,2026-03-27,82,1650.59,Processing
ORD002964,P0011,S007,2026-07-24,133,4656.1,Shipped
ORD002965,P0337,S019,2026-05-06,688,1292.89,Processing
ORD002966,P0105,S047,2026-07-11,168,1813.53,Shipped
ORD002967,P0278,S045,2026-06-11,562,3198.72,Delivered
ORD002968,P0448,S008,2026-05-02,874,4686.14,Processing
ORD002969,P0399,S050,2026-04-09,814,3794.65,Shipped
ORD002970,P0059,S049,2026-05-08,463,1694.27,Cancelled
ORD002971,P0063,S031,2026-08-01,685,3075.69,Delivered
ORD002972,P0404,S006,2026-06-23,362,890.23,Processing
ORD002973,P0484,S017,2026-08-10,743,100.96,Delivered
ORD002974,P0084,S010,2026-04-09,351,810.1,Processing
ORD002975,P0474,S049,2026-07-24,647,1763.4,Shipped
ORD002976,P0406,S049,2026-07-01,443,526.81,Cancelled
ORD002977,P0086,S013,2026-05-17,636,3191.07,Delivered
ORD002978,P0428,S043,2026-05-21,957,4565.28,Cancelled
ORD002979,P0395,S030,2026-08-13,397,1617.85,Shipped
ORD002980,P0461,S003,2026-05-13,38,2270.02,Delivered
ORD002981,P0182,S002,2026-08-17,681,4670.26,Shipped
ORD002982,P0384,S001,2026-07-08,993,1582.7,Cancelled
ORD002983,P0069,S007,2026-04-14,609,2607.37,Delivered
ORD002984,P0070,S031,2026-08-22,507,2772.39,Shipped
ORD002985,P0320,S003,2026-04-23,806,4177.78,Shipped
ORD002986,P0160,S035,2026-05-25,842,2133.95,Delivered
ORD002987,P0029,S020,2026-04-20,681,4820.75,Processing
ORD002988,P0133,S025,2026-09-18,157,1410.53,Cancelled
ORD002989,P0500,S034,2026-04-12,373,384.81,Shipped
ORD002990,P0209,S002,2026-06-08,27,4906.46,Shipped
ORD002991,P0365,S006,2026-05-10,891,695.75,Delivered
ORD002992,P0059,S007,2026-06-24,999,1328.36,Shipped
ORD002993,P0455,S008,2026-06-13,188,2886.29,Delivered
ORD002994,P0026,S018,2026-05-22,319,4208.92,Delivered
ORD002995,P0479,S037,2026-08-11,892,3455.51,Shipped
ORD002996,P0337,S020,2026-08-12,103,4477.68,Delivered
ORD002997,P0471,S027,2026-06-11,96,3292.91,Shipped
ORD002998,P0071,S005,2026-04-06,97,4745.43,Delivered
ORD002999,P0457,S031,2026-04-20,44,2351.42,Shipped
ORD003000,P0278,S007,2026-07-05,271,802.45,Processing
ORD003001,P0172,S011,2026-04-13,190,3245.94,Delivered
ORD003002,P0416,S002,2026-09-01,482,1099.91,Processing
ORD003003,P0378,S044,2026-05-06,522,1200.55,Cancelled
ORD003004,P0349,S034,2026-03-25,897,1373.84,Processing
ORD003005,P0281,S016,2026-07-28,61,2154.32,Cancelled
ORD003006,P0423,S034,2026-05-12,300,1727.9,Cancelled
ORD003007,P0211,S038,2026-08-22,295,1354.11,Delivered
ORD003008,P0216,S017,2026-09-20,664,3030.23,Delivered
ORD003009,P0208,S038,2026-04-22,196,3736.46,Processing
ORD003010,P0095,S042,2026-08-18,595,608.69,Processing
ORD003011,P0365,S003,2026-04-26,237,4990.74,Delivered
ORD003012,P0351,S026,2026-04-11,137,4826.45,Shipped
ORD003013,P0295,S001,2026-04-21,668,1058.92,Delivered
ORD003014,P0008,S027,2026-09-18,110,1713.37,Cancelled
ORD003015,P0076,S047,2026-04-29,664,3930.13,Shipped
ORD003016,P0211,S025,2026-06-15,676,2599.14,Shipped
ORD003017,P0340,S013,2026-07-15,879,3178.91,Processing
ORD003018,P0181,S013,2026-07-01,891,3332.63,Processing
ORD003019,P0251,S018,2026-07-27,448,254.18,Delivered
ORD003020,P0238,S011,2026-07-12,63,3909.15,Delivered
ORD003021,P0269,S019,2026-07-19,209,2072.89,Shipped
ORD003022,P0146,S018,2026-04-29,182,2136.5,Delivered
ORD003023,P0403,S049,2026-07-23,543,335.82,Cancelled
ORD003024,P0156,S042,2026-06-21,230,2252.22,Shipped
ORD003025,P0494,S025,2026-07-24,277,810.69,Processing
ORD003026,P0464,S009,2026-07-14,18,3907.23,Cancelled
ORD003027,P0113,S036,2026-06-30,522,3213.02,Processing
ORD003028,P0138,S047,2026-04-21,380,2614.92,Delivered
ORD003029,P0442,S043,2026-06-01,529,3999.31,Cancelled
ORD003030,P0033,S037,2026-03-29,981,4425.2,Processing
ORD003031,P0130,S016,2026-06-04,776,4788.82,Processing
ORD003032,P0255,S034,2026-08-31,4,753.99,Delivered
ORD003033,P0394,S045,2026-06-15,789,2773.82,Shipped
ORD003034,P0247,S013,2026-03-24,192,551.25,Shipped
ORD003035,P0129,S045,2026-07-10,824,1366.99,Processing
ORD003036,P0206,S043,2026-08-31,863,4803.66,Shipped
ORD003037,P0195,S031,2026-04-17,640,989.38,Processing
ORD003038,P0024,S022,2026-06-15,366,2362.21,Processing
ORD003039,P0171,S032,2026-08-07,234,2159.81,Delivered
ORD003040,P0040,S007,2026-09-16,579,4480.67,Processing
ORD003041,P0444,S003,2026-07-07,210,2340.74,Delivered
ORD003042,P0349,S036,2026-04-19,452,3594.97,Processing
ORD003043,P0112,S024,2026-05-17,100,192.71,Delivered
ORD003044,P0210,S008,2026-08-21,288,3218.67,Cancelled
ORD003045,P0048,S022,2026-05-16,946,1191.18,Delivered
ORD003046,P0413,S017,2026-04-16,811,2995.63,Processing
ORD003047,P0244,S045,2026-04-04,284,2709.96,Delivered
ORD003048,P0419,S014,2026-07-27,815,2064.93,Shipped
ORD003049,P0046,S033,2026-04-18,597,1154.35,Shipped
ORD003050,P0219,S045,2026-03-24,358,4673.93,Cancelled
ORD003051,P0357,S011,2026-08-13,28,3697.11,Delivered
ORD003052,P0141,S013,2026-09-10,177,4113.35,Processing
ORD003053,P0376,S012,2026-04-04,201,4138.11,Processing
ORD003054,P0152,S030,2026-04-26,63,3311.69,Processing
ORD003055,P0069,S003,2026-08-29,121,3631.46,Processing
ORD003056,P0322,S049,2026-06-25,902,3807.85,Cancelled
ORD003057,P0353,S005,2026-05-02,854,4506.77,Cancelled
ORD003058,P0004,S011,2026-06-28,384,185.3,Processing
ORD003059,P0432,S027,2026-09-15,112,433.29,Processing
ORD003060,P0038,S010,2026-05-17,426,551.11,Processing
ORD003061,P0417,S011,2026-09-19,273,3571.35,Shipped
ORD003062,P0081,S039,2026-07-17,546,3305.98,Processing
ORD003063,P0218,S012,2026-07-16,626,4185.08,Cancelled
ORD003064,P0162,S017,2026-06-03,621,1078.59,Delivered
ORD003065,P0208,S019,2026-05-13,385,3865.06,Cancelled
ORD003066,P0448,S038,2026-04-16,119,3985.04,Processing
ORD003067,P0118,S048,2026-04-06,718,2672.38,Delivered
ORD003068,P0246,S026,2026-08-14,932,3251.78,Processing
ORD003069,P0266,S012,2026-04-06,552,4380.24,Processing
ORD003070,P0465,S004,2026-05-24,521,4292.93,Delivered
ORD003071,P0276,S036,2026-05-24,86,1702.17,Delivered
ORD003072,P0134,S022,2026-05-29,563,689.54,Processing
ORD003073,P0219,S032,2026-04-04,871,4191.13,Processing
ORD003074,P0358,S041,2026-05-19,92,2594.6,Cancelled
ORD003075,P0217,S047,2026-04-11,650,2738.16,Shipped
ORD003076,P0085,S044,2026-07-19,283,4963.83,Shipped
ORD003077,P0017,S049,2026-03-31,12,3902.44,Delivered
ORD003078,P0043,S021,2026-03-31,169,3790.22,Delivered
ORD003079,P0353,S013,2026-04-14,493,4765.91,Delivered
ORD003080,P0402,S035,2026-07-14,664,1863.98,Delivered
ORD003081,P0181,S021,2026-05-01,389,3364.17,Shipped
ORD003082,P0134,S011,2026-06-06,88,2733.42,Processing
ORD003083,P0343,S037,2026-08-24,553,2389.12,Cancelled
ORD003084,P0467,S050,2026-08-04,79,761.38,Shipped
ORD003085,P0319,S003,2026-07-30,322,1903.43,Delivered
ORD003086,P0223,S030,2026-07-31,27,230.29,Delivered
ORD003087,P0339,S017,2026-03-24,908,1235.61,Shipped
ORD003088,P0175,S006,2026-09-02,371,3622.26,Shipped
ORD003089,P0077,S026,2026-08-06,387,2819.38,Processing
ORD003090,P0077,S018,2026-07-07,524,1146.95,Shipped
ORD003091,P0339,S004,2026-06-26,375,1557.53,Processing
ORD003092,P0193,S047,2026-08-18,43,2767.19,Delivered
ORD003093,P0241,S004,2026-08-31,417,1047.5,Cancelled
ORD003094,P0439,S040,2026-08-25,572,2305.52,Shipped
ORD003095,P0396,S040,2026-03-28,798,3184.86,Processing
ORD003096,P0034,S004,2026-04-25,275,4011.95,Delivered
ORD003097,P0130,S034,2026-07-02,128,4452.12,Delivered
ORD003098,P0321,S047,2026-05-29,265,4811.14,Processing
ORD003099,P0486,S031,2026-08-11,511,4403.47,Processing
ORD003100,P0100,S025,2026-08-03,736,3821.63,Delivered
ORD003101,P0138,S016,2026-07-04,159,3368.27,Processing
ORD003102,P0205,S040,2026-09-18,695,1482.8,Processing
ORD003103,P0293,S042,2026-08-04,686,3338.23,Shipped
ORD003104,P0153,S011,2026-07-06,22,1221.15,Cancelled
ORD003105,P0189,S047,2026-04-26,743,4226.75,Cancelled
ORD003106,P0054,S020,2026-05-17,984,3893.69,Delivered
ORD003107,P0448,S003,2026-07-20,842,1957.02,Cancelled
ORD003108,P0182,S049,2026-05-03,383,3790.71,Delivered
ORD003109,P0207,S015,2026-05-10,739,3382.0,Shipped
ORD003110,P0350,S012,2026-08-10,301,966.44,Delivered
ORD003111,P0044,S031,2026-09-11,387,1545.57,Shipped
ORD003112,P0263,S037,2026-06-06,984,4075.46,Delivered
ORD003113,P0375,S007,2026-05-20,378,1214.8,Processing
ORD003114,P0170,S047,2026-06-02,996,679.93,Delivered
ORD003115,P0353,S022,2026-09-12,39,1455.58,Delivered
ORD003116,P0123,S014,2026-06-06,939,1088.51,Shipped
ORD003117,P0425,S034,2026-05-12,264,2939.74,Delivered
ORD003118,P0373,S015,2026-07-03,827,715.67,Delivered
ORD003119,P0049,S046,2026-04-16,615,2279.17,Cancelled
ORD003120,P0279,S004,2026-04-24,622,4878.2,Processing
ORD003121,P0047,S041,2026-08-22,696,997.97,Processing
ORD003122,P0208,S042,2026-04-27,331,4997.22,Delivered
ORD003123,P0438,S003,2026-07-06,741,393.43,Delivered
ORD003124,P0390,S033,2026-08-27,509,3794.41,Shipped
ORD003125,P0049,S030,2026-07-01,984,2508.41,Cancelled
ORD003126,P0369,S034,2026-08-12,914,51.83,Processing
ORD003127,P0421,S002,2026-05-16,831,156.7,Delivered
ORD003128,P0399,S027,2026-06-17,115,2753.2,Delivered
ORD003129,P0353,S025,2026-05-25,342,2366.64,Cancelled
ORD003130,P0374,S019,2026-05-30,843,4895.22,Delivered
ORD003131,P0470,S001,2026-07-08,904,3109.08,Processing
ORD003132,P0189,S040,2026-07-02,812,1735.5,Delivered
ORD003133,P0160,S039,2026-04-12,73,4044.48,Shipped
ORD003134,P0277,S019,2026-04-20,232,1164.43,Cancelled
ORD003135,P0430,S002,2026-06-19,601,705.08,Cancelled
ORD003136,P0088,S047,2026-05-12,162,4708.58,Processing
ORD003137,P0123,S029,2026-04-11,282,1682.6,Cancelled
ORD003138,P0048,S017,2026-04-12,957,192.05,Shipped
ORD003139,P0267,S035,2026-04-26,418,4703.93,Delivered
ORD003140,P0323,S002,2026-06-25,797,3962.24,Processing
ORD003141,P0480,S026,2026-07-28,439,2182.5,Delivered
ORD003142,P0356,S007,2026-08-03,120,3734.25,Cancelled
ORD003143,P0481,S003,2026-03-28,967,972.76,Delivered
ORD003144,P0454,S014,2026-08-04,370,1959.04,Delivered
ORD003145,P0198,S010,2026-03-30,702,2283.59,Shipped
ORD003146,P0052,S012,2026-05-17,787,1100.83,Shipped
ORD003147,P0027,S028,2026-06-23,522,2755.95,Cancelled
ORD003148,P0056,S032,2026-08-17,642,4238.68,Cancelled
ORD003149,P0330,S010,2026-08-14,637,1062.18,Shipped
ORD003150,P0384,S003,2026-06-06,119,1218.08,Delivered
ORD003151,P0230,S050,2026-08-06,199,1719.62,Processing
ORD003152,P0442,S043,2026-07-24,935,2755.94,Processing
ORD003153,P0024,S014,2026-07-06,240,3229.23,Delivered
ORD003154,P0053,S043,2026-04-06,380,2263.15,Delivered
ORD003155,P0421,S004,2026-08-26,520,1847.53,Delivered
ORD003156,P0147,S037,2026-06-06,187,4675.46,Cancelled
ORD003157,P0299,S011,2026-05-28,413,3783.53,Cancelled
ORD003158,P0294,S025,2026-08-30,891,3904.79,Shipped
ORD003159,P0329,S039,2026-08-12,778,3005.55,Cancelled
ORD003160,P0456,S034,2026-04-15,303,734.45,Shipped
ORD003161,P0197,S041,2026-08-19,975,2848.12,Processing
ORD003162,P0290,S007,2026-06-16,302,116.15,Shipped
ORD003163,P0317,S013,2026-08-16,977,883.87,Processing
ORD003164,P0095,S050,2026-04-20,827,4098.63,Shipped
ORD003165,P0398,S028,2026-04-29,414,2823.94,Delivered
ORD003166,P0319,S045,2026-07-06,24,4950.21,Cancelled
ORD003167,P0204,S041,2026-05-02,121,2291.34,Cancelled
ORD003168,P0329,S029,2026-03-31,179,3748.89,Shipped
ORD003169,P0483,S047,2026-08-14,234,2604.77,Processing
ORD003170,P0344,S043,2026-06-15,617,4540.22,Processing
ORD003171,P0071,S043,2026-08-04,919,2810.15,Delivered
ORD003172,P0424,S001,2026-06-04,919,1729.97,Cancelled
ORD003173,P0061,S010,2026-09-09,924,3478.76,Cancelled
ORD003174,P0016,S036,2026-06-19,824,4246.37,Processing
ORD003175,P0303,S049,2026-07-05,368,2727.06,Processing
ORD003176,P0339,S018,2026-07-13,96,3920.17,Cancelled
ORD003177,P0194,S023,2026-08-17,417,3155.46,Processing
ORD003178,P0288,S031,2026-03-27,829,2135.51,Processing
ORD003179,P0414,S034,2026-05-11,322,2861.82,Delivered
ORD003180,P0432,S013,2026-05-27,796,1342.56,Processing
ORD003181,P0301,S050,2026-05-24,319,4250.32,Shipped
ORD003182,P0461,S003,2026-08-31,876,156.98,Processing
ORD003183,P0386,S015,2026-07-24,2,42.5,Cancelled
ORD003184,P0201,S025,2026-08-24,65,4992.23,Delivered
ORD003185,P0258,S013,2026-07-01,77,415.26,Processing
ORD003186,P0172,S002,2026-08-27,50,4727.26,Cancelled
ORD003187,P0029,S040,2026-08-06,664,1403.44,Shipped
ORD003188,P0311,S005,2026-09-01,879,3691.27,Delivered
ORD003189,P0209,S050,2026-07-18,182,4315.86,Processing
ORD003190,P0487,S029,2026-08-20,658,2061.56,Processing
ORD003191,P0374,S024,2026-04-05,226,3191.14,Shipped
ORD003192,P0459,S032,2026-03-28,452,2219.05,Shipped
ORD003193,P0084,S004,2026-07-02,732,4715.23,Processing
ORD003194,P0391,S027,2026-07-05,688,658.84,Processing
ORD003195,P0010,S036,2026-06-20,818,469.43,Cancelled
ORD003196,P0423,S031,2026-08-31,945,1928.52,Delivered
ORD003197,P0290,S045,2026-05-04,955,3012.97,Shipped
ORD003198,P0204,S034,2026-03-29,691,2672.34,Delivered
ORD003199,P0102,S013,2026-05-12,465,1168.24,Processing
ORD003200,P0184,S046,2026-06-12,953,864.53,Shipped
ORD003201,P0056,S030,2026-07-04,558,4636.56,Cancelled
ORD003202,P0105,S011,2026-03-26,695,517.27,Processing
ORD003203,P0195,S008,2026-03-24,225,3754.19,Processing
ORD003204,P0343,S021,2026-08-02,136,2343.96,Shipped
ORD003205,P0063,S013,2026-06-28,224,2242.97,Shipped
ORD003206,P0136,S038,2026-06-10,51,3632.67,Processing
ORD003207,P0166,S004,2026-08-19,145,4321.97,Shipped
ORD003208,P0023,S007,2026-08-01,442,1384.2,Delivered
ORD003209,P0232,S014,2026-05-23,-50,1258.13,Delivered
ORD003210,P0241,S035,2026-07-03,111,4639.14,Cancelled
ORD003211,P0342,S033,2026-07-29,175,4576.7,Delivered
ORD003212,P0427,S011,2026-03-27,655,470.42,Cancelled
ORD003213,P0275,S012,2026-08-21,105,3145.05,Shipped
ORD003214,P0477,S027,2026-08-03,176,2866.87,Shipped
ORD003215,P0402,S047,2026-07-27,704,3036.41,Processing
ORD003216,P0444,S015,2026-07-11,896,4114.5,Processing
ORD003217,P0435,S033,2026-04-22,182,2722.12,Shipped
ORD003218,P0015,S022,2026-07-06,235,2866.4,Cancelled
ORD003219,P0253,S045,2026-03-29,603,2727.55,Cancelled
ORD003220,P0349,S008,2026-07-05,465,2396.82,Delivered
ORD003221,P0441,S032,2026-07-05,242,4502.56,Processing
ORD003222,P0187,S049,2026-03-27,3,1886.82,Processing
ORD003223,P0338,S011,2026-04-14,185,1127.3,Shipped
ORD003224,P0346,S011,2026-06-15,89,4960.83,Shipped
ORD003225,P0398,S022,2026-03-27,553,4944.48,Delivered
ORD003226,P0136,S026,2026-09-15,584,760.2,Delivered
ORD003227,P0334,S050,2026-08-04,960,879.33,Processing
ORD003228,P0291,S026,2026-06-15,993,2289.06,Delivered
ORD003229,P0303,S035,2026-08-13,792,3412.49,Processing
ORD003230,P0320,S039,2026-07-12,555,1451.13,Delivered
ORD003231,P0065,S003,2026-05-03,872,1661.1,Delivered
ORD003232,P0355,S047,2026-08-25,236,3314.94,Cancelled
ORD003233,P0367,S045,2026-08-24,257,2541.73,Shipped
ORD003234,P0067,S020,2026-09-05,904,3031.93,Delivered
ORD003235,P0044,S019,2026-09-05,356,2264.8,Cancelled
ORD003236,P0356,S042,2026-04-02,452,467.41,Processing
ORD003237,P0459,S035,2026-05-23,412,2243.42,Cancelled
ORD003238,P0277,S050,2026-05-13,996,3287.07,Delivered
ORD003239,P0232,S018,2026-08-28,390,3903.44,Delivered
ORD003240,P0340,S030,2026-08-31,507,3056.06,Cancelled
ORD003241,P0278,S010,2026-06-30,878,3121.97,Cancelled
ORD003242,P0255,S046,2026-07-31,866,778.04,Processing
ORD003243,P0265,S037,2026-06-13,201,2474.6,Delivered
ORD003244,P0273,S021,2026-09-04,698,2626.69,Cancelled
ORD003245,P0096,S044,2026-09-04,641,3964.1,Shipped
ORD003246,P0357,S018,2026-04-06,905,159.19,Shipped
ORD003247,P0196,S047,2026-07-01,635,1666.07,Cancelled
ORD003248,P0020,S002,2026-08-16,690,632.88,Shipped
ORD003249,P0091,S050,2026-08-09,765,1719.73,Shipped
ORD003250,P0129,S012,2026-05-31,957,2622.69,Cancelled
ORD003251,P0202,S013,2026-08-22,144,1771.57,Shipped
ORD003252,P0327,S016,2026-05-10,650,4758.68,Shipped
ORD003253,P0426,S015,2026-07-02,888,4703.62,Delivered
ORD003254,P0208,S011,2026-06-19,267,407.24,Shipped
ORD003255,P0273,S049,2026-05-10,346,3614.88,Cancelled
ORD003256,P0468,S022,2026-05-08,399,846.72,Processing
ORD003257,P0485,S038,2026-07-05,227,4342.99,Processing
ORD003258,P0272,S039,2026-06-19,801,3435.32,Delivered
ORD003259,P0441,S033,2026-05-20,109,2804.07,Cancelled
ORD003260,P0188,S002,2026-06-26,975,3232.65,Shipped
ORD003261,P0487,S036,2026-06-30,333,88.01,Shipped
ORD003262,P0396,S044,2026-07-26,295,4126.06,Processing
ORD003263,P0100,S020,2026-03-25,644,3119.67,Delivered
ORD003264,P0468,S031,2026-04-21,614,2426.4,Delivered
ORD003265,P0268,S046,2026-05-13,342,2914.07,Shipped
ORD003266,P0045,S024,2026-04-02,216,1978.71,Delivered
ORD003267,P0151,S030,2026-06-15,111,1640.57,Shipped
ORD003268,P0055,S014,2026-05-14,747,875.81,Processing
ORD003269,P0244,S047,2026-07-09,867,4753.61,Delivered
ORD003270,P0409,S028,2026-05-23,459,4259.28,Delivered
ORD003271,P0492,S040,2026-03-28,273,4764.13,Processing
ORD003272,P0443,S042,2026-09-18,822,554.43,Delivered
ORD003273,P0398,S023,2026-04-02,182,2288.6,Delivered
ORD003274,P0303,S034,2026-09-18,485,2811.81,Processing
ORD003275,P0004,S018,2026-07-24,370,657.58,Shipped
ORD003276,P0084,S009,2026-07-04,958,1661.16,Cancelled
ORD003277,P0030,S021,2026-07-08,885,3866.9,Cancelled
ORD003278,P0276,S029,2026-07-17,287,1500.26,Processing
ORD003279,P0253,S046,2026-04-28,346,2555.94,Shipped
ORD003280,P0324,S022,2026-08-09,751,2945.72,Shipped
ORD003281,P0404,S046,2026-06-13,862,3072.1,Processing
ORD003282,P0066,S020,2026-07-30,981,3075.77,Delivered
ORD003283,P0416,S045,2026-04-14,439,4927.08,Delivered
ORD003284,P0478,S001,2026-04-27,904,206.62,Processing
ORD003285,P0191,S041,2026-06-10,236,2935.79,Processing
ORD003286,P0491,S016,2026-04-11,135,3216.83,Delivered
ORD003287,P0445,S021,2026-06-15,71,1049.64,Shipped
ORD003288,P0247,S003,2026-06-19,535,1028.42,Cancelled
ORD003289,P0378,S012,2026-08-13,699,510.84,Shipped
ORD003290,P0436,S034,2026-06-04,538,3088.37,Cancelled
ORD003291,P0318,S046,2026-08-21,503,728.92,Processing
ORD003292,P0230,S041,2026-07-10,808,2210.91,Shipped
ORD003293,P0212,S010,2026-09-04,765,41.76,Shipped
ORD003294,P0379,S046,2026-08-02,172,4597.01,Shipped
ORD003295,P0487,S005,2026-05-16,539,1100.01,Processing
ORD003296,P0414,S007,2026-08-10,755,677.29,Delivered
ORD003297,P0103,S039,2026-04-25,147,4394.53,Delivered
ORD003298,P0157,S040,2026-08-31,95,304.33,Delivered
ORD003299,P0267,S016,2026-04-16,426,1319.33,Processing
ORD003300,P0368,S036,2026-05-15,475,1731.59,Processing
ORD003301,P0207,S034,2026-07-22,724,444.59,Cancelled
ORD003302,P0403,S012,2026-05-08,922,1756.94,Cancelled
ORD003303,P0134,S048,2026-06-14,997,1822.31,Shipped
ORD003304,P0070,S025,2026-07-25,159,4315.06,Delivered
ORD003305,P0073,S040,2026-06-15,93,2559.53,Cancelled
ORD003306,P0461,S043,2026-06-29,568,1213.03,Delivered
ORD003307,P0028,S036,2026-07-02,890,916.45,Cancelled
ORD003308,P0331,S031,2026-04-23,180,325.98,Processing
ORD003309,P0227,S046,2026-05-13,746,1094.18,Processing
ORD003310,P0167,S012,2026-03-31,177,784.41,Processing
ORD003311,P0452,S011,2026-07-07,979,513.04,Cancelled
ORD003312,P0337,S038,2026-06-15,78,3205.38,Processing
ORD003313,P0282,S010,2026-08-12,243,4484.57,Shipped
ORD003314,P0187,S045,2026-09-07,988,1230.16,Processing
ORD003315,P0285,S020,2026-06-13,274,2095.2,Cancelled
ORD003316,P0238,S048,2026-09-05,762,4413.71,Processing
ORD003317,P0414,S026,2026-05-04,297,1243.21,Delivered
ORD003318,P0171,S017,2026-08-17,887,1276.94,Cancelled
ORD003319,P0367,S047,2026-08-27,120,910.5,Cancelled
ORD003320,P0423,S038,2026-08-25,450,23.41,Processing
ORD003321,P0036,S011,2026-07-14,57,1662.24,Cancelled
ORD003322,P0467,S032,2026-08-05,737,571.44,Cancelled
ORD003323,P0071,S038,2026-06-15,975,2795.98,Processing
ORD003324,P0077,S002,2026-04-26,832,3379.35,Delivered
ORD003325,P0407,S024,2026-04-27,407,3648.72,Delivered
ORD003326,P0097,S012,2026-08-11,39,4418.02,Shipped
ORD003327,P0251,S039,2026-08-12,831,4699.24,Cancelled
ORD003328,P0258,S033,2026-08-03,885,2848.92,Shipped
ORD003329,P0108,S045,2026-09-15,758,3613.0,Shipped
ORD003330,P0264,S023,2026-09-10,190,1191.61,Cancelled
ORD003331,P0409,S049,2026-04-08,810,4987.75,Delivered
ORD003332,P0009,S018,2026-05-14,310,1189.07,Cancelled
ORD003333,P0042,S037,2026-09-05,876,3973.3,Shipped
ORD003334,P0236,S005,2026-04-21,356,4177.57,Processing
ORD003335,P0447,S047,2026-05-16,585,4493.71,Delivered
ORD003336,P0399,S010,2026-03-29,659,2890.17,Shipped
ORD003337,P0013,S006,2026-09-09,311,1002.21,Shipped
ORD003338,P0445,S048,2026-09-07,524,972.33,Processing
ORD003339,P0296,S027,2026-03-25,482,422.41,Cancelled
ORD003340,P0312,S008,2026-04-16,149,1995.12,Processing
ORD003341,P0060,S014,2026-05-01,162,599.22,Cancelled
ORD003342,P0239,S049,2026-07-06,677,706.78,Delivered
ORD003343,P0395,S048,2026-08-26,690,455.29,Delivered
ORD003344,P0207,S007,2026-06-29,133,4567.29,Delivered
ORD003345,P0317,S047,2026-04-23,33,2237.99,Shipped
ORD003346,P0381,S034,2026-09-09,779,2193.81,Processing
ORD003347,P0474,S040,2026-05-13,765,3651.11,Delivered
ORD003348,P0293,S013,2026-06-07,442,1907.62,Processing
ORD003349,P0007,S043,2026-08-08,184,2282.16,Shipped
ORD003350,P0054,S010,2026-08-04,783,3927.16,Processing
ORD003351,P0047,S019,2026-04-18,24,3951.29,Cancelled
ORD003352,P0269,S009,2026-08-31,945,1692.41,Delivered
ORD003353,P0341,S021,2026-08-18,138,759.14,Shipped
ORD003354,P0066,S002,2026-06-28,861,4117.96,Processing
ORD003355,P0434,S024,2026-09-19,991,1756.38,Cancelled
ORD003356,P0415,S048,2026-04-09,754,3279.23,Processing
ORD003357,P0292,S039,2026-09-10,354,649.73,Cancelled
ORD003358,P0398,S007,2026-03-28,235,4844.74,Delivered
ORD003359,P0142,S013,2026-04-29,435,4676.49,Shipped
ORD003360,P0188,S025,2026-08-09,315,3815.23,Processing
ORD003361,P0434,S002,2026-05-17,266,4708.15,Processing
ORD003362,P0073,S031,2026-03-30,953,278.54,Delivered
ORD003363,P0315,S011,2026-06-24,491,1161.73,Cancelled
ORD003364,P0031,S011,2026-06-03,614,3100.93,Cancelled
ORD003365,P0221,S028,2026-04-14,883,2958.16,Cancelled
ORD003366,P0067,S009,2026-05-21,881,1414.18,Delivered
ORD003367,P0164,S017,2026-06-19,976,4321.64,Delivered
ORD003368,P0360,S046,2026-05-19,888,1434.42,Processing
ORD003369,P0064,S002,2026-04-08,631,1822.3,Cancelled
ORD003370,P0289,S050,2026-07-29,656,2262.85,Cancelled
ORD003371,P0319,S005,2026-06-10,380,2219.63,Shipped
ORD003372,P0146,S028,2026-06-27,864,870.69,Processing
ORD003373,P0246,S007,2026-05-27,141,4185.48,Shipped
ORD003374,P0223,S001,2026-07-20,114,230.18,Delivered
ORD003375,P0409,S033,2026-04-23,126,203.26,Delivered
ORD003376,P0284,S015,2026-07-07,103,2252.14,Shipped
ORD003377,P0251,S011,2026-04-16,434,2586.24,Delivered
ORD003378,P0050,S047,2026-08-03,687,1837.56,Delivered
ORD003379,P0304,S002,2026-04-30,890,3601.77,Shipped
ORD003380,P0032,S030,2026-09-20,87,985.47,Delivered
ORD003381,P0232,S007,2026-07-06,253,278.88,Processing
ORD003382,P0041,S004,2026-06-17,833,4352.44,Shipped
ORD003383,P0489,S018,2026-08-06,504,1508.18,Cancelled
ORD003384,P0059,S046,2026-05-07,202,133.7,Cancelled
ORD003385,P0179,S035,2026-05-09,881,2645.33,Shipped
ORD003386,P0219,S046,2026-07-16,440,2984.84,Cancelled
ORD003387,P0105,S008,2026-03-31,575,37.28,Processing
ORD003388,P0412,S050,2026-09-11,206,3038.74,Processing
ORD003389,P0473,S017,2026-07-14,859,2193.0,Cancelled
ORD003390,P0422,S010,2026-07-13,81,1772.64,Delivered
ORD003391,P0124,S009,2026-08-05,717,4270.21,Delivered
ORD003392,P0030,S018,2026-04-01,413,2079.87,Delivered
ORD003393,P0495,S022,2026-06-11,642,2950.68,Delivered
ORD003394,P0026,S029,2026-04-22,603,2433.41,Cancelled
ORD003395,P0468,S017,2026-04-24,39,108.04,Shipped
ORD003396,P0121,S035,2026-08-20,787,4707.97,Delivered
ORD003397,P0388,S045,2026-08-15,879,3540.46,Shipped
ORD003398,P0002,S021,2026-08-17,256,3341.87,Delivered
ORD003399,P0402,S012,2026-06-13,44,1285.05,Delivered
ORD003400,P0153,S042,2026-08-21,851,2993.69,Cancelled
ORD003401,P0402,S039,2026-07-03,542,4948.59,Processing
ORD003402,P0034,S013,2026-09-05,475,2955.68,Delivered
ORD003403,P0196,S039,2026-07-08,570,3752.03,Delivered
ORD003404,P0465,S025,2026-07-07,979,506.89,Processing
ORD003405,P0147,S004,2026-07-26,497,2404.66,Shipped
ORD003406,P0120,S012,2026-05-26,781,1618.37,Processing
ORD003407,P0378,S045,2026-05-16,991,2581.79,Shipped
ORD003408,P0292,S008,2026-08-20,626,2235.88,Delivered
ORD003409,P0365,S017,2026-04-10,170,4418.29,Processing
ORD003410,P0110,S030,2026-03-30,53,2582.7,Processing
ORD003411,P0046,S027,2026-04-20,57,4206.73,Delivered
ORD003412,P0412,S043,2026-09-01,643,1304.86,Delivered
ORD003413,P0190,S044,2026-05-23,719,3757.12,Cancelled
ORD003414,P0460,S008,2026-04-30,86,4880.3,Delivered
ORD003415,P0258,S041,2026-08-08,602,4823.27,Delivered
ORD003416,P0497,S035,2026-04-11,951,2001.02,Shipped
ORD003417,P0274,S009,2026-06-09,165,3791.59,Cancelled
ORD003418,P0268,S033,2026-06-23,756,4636.24,Cancelled
ORD003419,P0192,S029,2026-07-31,955,67.55,Processing
ORD003420,P0416,S002,2026-04-08,266,2705.07,Cancelled
ORD003421,P0164,S031,2026-07-23,683,477.55,Processing
ORD003422,P0195,S037,2026-05-11,88,1504.78,Cancelled
ORD003423,P0392,S042,2026-04-16,685,429.32,Processing
ORD003424,P0457,S032,2026-08-01,691,4087.54,Shipped
ORD003425,P0308,S043,2026-05-05,434,2802.85,Processing
ORD003426,P0372,S049,2026-07-20,402,2897.19,Cancelled
ORD003427,P0326,S004,2026-09-10,274,225.24,Shipped
ORD003428,P0366,S008,2026-05-21,265,4524.56,Delivered
ORD003429,P0217,S008,2026-08-19,364,2141.48,Cancelled
ORD003430,P0329,S016,2026-08-12,182,2442.66,Processing
ORD003431,P0371,S025,2026-06-17,363,543.97,Cancelled
ORD003432,P0409,S043,2026-08-19,687,3209.47,Processing
ORD003433,P0328,S003,2026-06-06,907,3027.69,Cancelled
ORD003434,P0328,S019,2026-09-19,856,3053.03,Cancelled
ORD003435,P0128,S047,2026-08-10,272,4678.43,Cancelled
ORD003436,P0137,S029,2026-03-30,524,1568.84,Delivered
ORD003437,P0006,S010,2026-07-15,575,1696.71,Cancelled
ORD003438,P0082,S023,2026-04-29,594,3802.65,Cancelled
ORD003439,P0278,S035,2026-06-02,129,11.71,Processing
ORD003440,P0274,S026,2026-05-31,546,3486.47,Processing
ORD003441,P0022,S028,2026-08-28,141,4925.21,Cancelled
ORD003442,P0078,S049,2026-07-24,540,2231.42,Delivered
ORD003443,P0012,S040,2026-07-10,854,326.42,Shipped
ORD003444,P0110,S008,2026-04-11,601,4481.34,Processing
ORD003445,P0339,S049,2026-06-23,615,3204.08,Processing
ORD003446,P0366,S027,2026-05-15,111,1170.92,Cancelled
ORD003447,P0458,S001,2026-07-06,350,941.04,Processing
ORD003448,P0471,S017,2026-04-04,329,2785.91,Delivered
ORD003449,P0171,,2026-07-04,850,3504.66,Processing
ORD003450,P0465,S018,2026-06-24,769,1517.42,Processing
ORD003451,P0064,S040,2026-05-30,100,2150.3,Delivered
ORD003452,P0357,S019,2026-05-12,281,150.99,Cancelled
ORD003453,P0433,S005,2026-07-04,482,3780.47,Cancelled
ORD003454,P0396,S034,2026-04-09,130,3503.97,Delivered
ORD003455,P0278,S047,2026-08-10,3,4332.83,Cancelled
ORD003456,P0075,S007,2026-08-12,279,407.3,Shipped
ORD003457,P0265,S007,2026-07-07,807,1140.11,Shipped
ORD003458,P0095,S026,2026-08-30,642,1888.89,Shipped
ORD003459,P0217,S040,2026-08-10,680,2696.63,Processing
ORD003460,P0500,S038,2026-09-18,406,3485.43,Cancelled
ORD003461,P0477,S033,2026-06-11,391,2840.43,Delivered
ORD003462,P0175,S038,2026-06-15,268,4894.69,Delivered
ORD003463,P0064,S040,2026-04-21,139,3614.68,Processing
ORD003464,P0433,S044,2026-04-07,800,2394.01,Shipped
ORD003465,P0357,S025,2026-05-26,911,3476.89,Shipped
ORD003466,P0037,S031,2026-04-22,81,2118.19,Delivered
ORD003467,P0427,S039,2026-05-21,551,3766.0,Cancelled
ORD003468,P0216,S021,2026-05-16,255,2059.84,Processing
ORD003469,P0264,S038,2026-04-18,267,1644.99,Delivered
ORD003470,P0249,S001,2026-06-29,51,133.62,Shipped
ORD003471,P0153,S034,2026-04-27,995,2906.02,Processing
ORD003472,P0151,S025,2026-04-05,385,3415.22,Shipped
ORD003473,P0315,S028,2026-08-13,442,2492.54,Delivered
ORD003474,P0405,S028,2026-06-15,269,817.53,Shipped
ORD003475,P0217,S024,2026-06-12,502,3783.77,Shipped
ORD003476,P0457,S002,2026-08-08,585,2258.6,Shipped
ORD003477,P0494,S015,2026-06-13,197,3908.48,Delivered
ORD003478,P0067,S016,2026-07-10,878,3913.33,Shipped
ORD003479,P0449,S025,2026-07-05,803,662.72,Processing
ORD003480,P0173,S045,2026-07-09,297,280.42,Cancelled
ORD003481,P0172,S039,2026-09-01,623,1741.65,Delivered
ORD003482,P0356,S044,2026-03-26,436,809.72,Processing
ORD003483,P0090,S010,2026-04-23,302,913.41,Cancelled
ORD003484,P0494,S031,2026-07-11,711,3286.65,Shipped
ORD003485,P0069,S049,2026-07-04,324,3070.23,Cancelled
ORD003486,P0054,S006,2026-03-31,182,1411.84,Delivered
ORD003487,P0191,S033,2026-04-16,835,4783.16,Cancelled
ORD003488,P0004,S049,2026-04-08,927,4897.35,Delivered
ORD003489,P0243,S038,2026-04-20,529,4910.07,Cancelled
ORD003490,P0287,S009,2026-07-28,201,4374.35,Processing
ORD003491,P0305,S023,2026-08-18,455,4654.32,Delivered
ORD003492,P0229,S009,2026-06-01,736,2048.66,Shipped
ORD003493,P0327,S028,2026-05-05,78,744.9,Delivered
ORD003494,P0028,S014,2026-05-05,542,1263.63,Cancelled
ORD003495,P0117,S028,2026-06-19,355,3485.21,Cancelled
ORD003496,P0025,S030,2026-08-07,568,1758.27,Processing
ORD003497,P0136,S033,2026-06-26,180,1555.72,Delivered
ORD003498,P0286,S045,2026-09-11,770,1170.48,Shipped
ORD003499,P0186,S049,2026-05-27,973,1349.09,Delivered
ORD003500,P0484,S028,2026-09-13,261,1534.46,Shipped
ORD003501,P0334,S030,2026-06-05,347,3701.44,Processing
ORD003502,P0058,S009,2026-04-12,968,975.81,Cancelled
ORD003503,P0395,S035,2026-06-05,630,3829.1,Cancelled
ORD003504,P0482,S040,2026-09-14,752,4079.84,Delivered
ORD003505,P0225,S050,2026-07-17,408,3823.14,Processing
ORD003506,P0151,S042,2026-09-10,657,3395.81,Processing
ORD003507,P0087,S002,2026-07-27,197,4339.37,Cancelled
ORD003508,P0087,S005,2026-09-15,920,2378.92,Delivered
ORD003509,P0278,S004,2026-09-07,821,4235.51,Cancelled
ORD003510,P0424,S003,2026-05-26,262,1651.47,Processing
ORD003511,P0198,S039,2026-04-01,812,4894.52,Shipped
ORD003512,P0258,S010,2026-08-10,274,3124.4,Processing
ORD003513,P0435,S015,2026-06-16,903,1534.86,Delivered
ORD003514,P0404,S041,2026-09-19,759,528.15,Delivered
ORD003515,P0226,S031,2026-07-03,518,1440.16,Delivered
ORD003516,P0177,S012,2026-07-10,286,1277.97,Shipped
ORD003517,P0135,S028,2026-05-29,55,4131.0,Processing
ORD003518,P0451,S024,2026-08-07,705,339.13,Processing
ORD003519,P0361,S036,2026-07-17,110,87.69,Shipped
ORD003520,P0330,S039,2026-05-24,127,743.95,Cancelled
ORD003521,P0263,S043,2026-07-30,262,4371.93,Cancelled
ORD003522,P0291,S038,2026-08-30,436,4940.98,Processing
ORD003523,P0307,S004,2026-09-16,314,4966.11,Shipped
ORD003524,P0297,S045,2026-07-25,137,4189.18,Delivered
ORD003525,P0430,S029,2026-06-02,698,696.28,Cancelled
ORD003526,P0019,S006,2026-05-22,883,3647.21,Cancelled
ORD003527,P0090,S018,2026-05-27,136,4523.75,Processing
ORD003528,P0231,S011,2026-08-22,534,1184.97,Delivered
ORD003529,P0500,S008,2026-05-01,662,3301.06,Cancelled
ORD003530,P0201,S011,2026-03-31,967,4409.0,Processing
ORD003531,P0265,S033,2026-05-07,947,256.39,Processing
ORD003532,P0075,S008,2026-05-05,46,4082.91,Delivered
ORD003533,P0118,S012,2026-05-10,911,20.54,Delivered
ORD003534,P0268,S025,2026-09-17,473,2175.51,Delivered
ORD003535,P0466,S002,2026-04-04,521,4207.96,Cancelled
ORD003536,P0063,S001,2026-06-30,561,427.22,Shipped
ORD003537,P0191,S025,2026-05-11,816,473.77,Delivered
ORD003538,P0460,S036,2026-05-23,297,4643.5,Processing
ORD003539,P0484,S006,2026-09-04,604,2556.57,Delivered
ORD003540,P0142,S027,2026-07-25,802,3757.86,Processing
ORD003541,P0162,S020,2026-05-12,419,4333.11,Shipped
ORD003542,P0405,S007,2026-09-13,36,28.21,Delivered
ORD003543,P0428,S049,2026-07-19,414,4580.84,Delivered
ORD003544,P0419,S018,2026-06-26,967,1653.83,Cancelled
ORD003545,P0428,S005,2026-07-14,340,107.53,Delivered
ORD003546,P0222,S043,2026-07-13,400,2116.19,Delivered
ORD003547,P0007,S042,2026-04-11,403,4581.54,Shipped
ORD003548,P0363,S006,2026-04-15,721,4205.21,Processing
ORD003549,P0001,S029,2026-06-04,555,1626.42,Cancelled
ORD003550,P0419,S038,2026-08-28,276,3864.41,Cancelled
ORD003551,P0268,S040,2026-04-03,16,1842.75,Processing
ORD003552,P0215,S036,2026-07-12,208,1478.06,Processing
ORD003553,P0274,S047,2026-06-28,582,2827.36,Cancelled
ORD003554,P0199,S039,2026-05-03,471,3926.71,Processing
ORD003555,P0222,S036,2026-08-09,569,2604.99,Delivered
ORD003556,P0271,S044,2026-07-22,677,3207.79,Delivered
ORD003557,P0016,S024,2026-06-25,823,2960.9,Processing
ORD003558,P0233,S005,2026-06-24,584,2277.81,Cancelled
ORD003559,P0355,S039,2026-03-29,243,641.26,Delivered
ORD003560,P0221,S045,2026-04-26,783,4941.37,Cancelled
ORD003561,P0268,S037,2026-09-01,573,4156.87,Processing
ORD003562,P0008,S020,2026-06-29,81,2770.95,Delivered
ORD003563,P0189,S009,2026-08-17,964,373.47,Cancelled
ORD003564,P0172,S033,2026-06-24,322,4857.86,Delivered
ORD003565,P0250,S030,2026-07-19,298,3533.27,Processing
ORD003566,P0152,S025,2026-07-26,617,932.54,Delivered
ORD003567,P0278,S044,2026-04-17,817,4175.58,Processing
ORD003568,P0048,S039,2026-06-03,730,2965.18,Processing
ORD003569,P0137,S012,2026-07-13,167,713.16,Cancelled
ORD003570,P0263,S038,2026-06-17,77,2251.9,Shipped
ORD003571,P0137,S009,2026-06-25,108,4118.3,Shipped
ORD003572,P0151,S024,2026-09-14,498,4168.86,Delivered
ORD003573,P0223,S050,2026-06-13,518,640.83,Processing
ORD003574,P0433,S024,2026-04-25,509,4154.22,Delivered
ORD003575,P0033,S041,2026-04-05,409,1105.59,Shipped
ORD003576,P0141,S004,2026-07-06,471,866.67,Processing
ORD003577,P0434,S031,2026-06-03,182,2520.46,Shipped
ORD003578,P0003,S004,2026-06-03,92,2432.52,Processing
ORD003579,P0353,S017,2026-05-04,735,2268.59,Delivered
ORD003580,P0215,S005,2026-04-27,399,4708.57,Shipped
ORD003581,P0247,S005,2026-03-25,61,3933.64,Delivered
ORD003582,P0060,S037,2026-04-16,381,4873.88,Processing
ORD003583,P0454,S007,2026-07-20,836,3288.12,Shipped
ORD003584,P0219,S006,2026-05-10,766,4401.76,Shipped
ORD003585,P0485,S029,2026-05-21,55,4105.87,Processing
ORD003586,P0023,S003,2026-05-14,474,363.69,Cancelled
ORD003587,P0161,S044,2026-08-22,16,32.97,Cancelled
ORD003588,P0464,S045,2026-05-28,850,4939.99,Delivered
ORD003589,P0294,S020,2026-07-31,576,3559.77,Shipped
ORD003590,P0416,S042,2026-05-21,145,3989.27,Cancelled
ORD003591,P0304,S036,2026-07-07,587,1074.56,Cancelled
ORD003592,P0068,S039,2026-06-20,264,1402.35,Cancelled
ORD003593,P0212,S047,2026-04-22,91,4797.09,Processing
ORD003594,P0104,S020,2026-07-23,831,2696.71,Processing
ORD003595,P0019,S017,2026-04-11,341,236.57,Shipped
ORD003596,P0340,S040,2026-08-14,413,1116.68,Processing
ORD003597,P0240,S019,2026-04-10,219,4854.39,Shipped
ORD003598,P0132,S034,2026-07-14,783,4407.73,Processing
ORD003599,P0447,S010,2026-06-18,431,2654.4,Cancelled
ORD003600,P0280,S028,2026-06-01,40,3729.21,Cancelled
ORD003601,P0302,S036,2026-05-12,225,4948.73,Shipped
ORD003602,P0477,S035,2026-06-08,516,984.21,Shipped
ORD003603,P0163,S015,2026-05-08,392,4606.48,Shipped
ORD003604,P0469,S009,2026-07-05,554,246.69,Shipped
ORD003605,P0229,S029,2026-04-06,950,1390.73,Delivered
ORD003606,P0185,S029,2026-07-02,635,1684.46,Delivered
ORD003607,P0492,S026,2026-06-25,164,1037.89,Processing
ORD003608,P0305,S003,2026-03-26,554,4685.22,Shipped
ORD003609,P0022,S032,2026-04-20,645,3502.19,Delivered
ORD003610,P0308,S007,2026-09-10,911,1175.52,Delivered
ORD003611,P0237,S050,2026-04-18,520,4707.6,Delivered
ORD003612,P0352,S002,2026-08-24,146,1649.38,Shipped
ORD003613,P0483,S029,2026-09-20,699,1951.43,Processing
ORD003614,P0325,S002,2026-05-06,416,3588.26,Shipped
ORD003615,P0162,S018,2026-05-22,716,4703.08,Processing
ORD003616,P0458,S006,2026-03-24,683,684.81,Cancelled
ORD003617,P0402,S037,2026-06-12,366,4360.9,Delivered
ORD003618,P0081,S027,2026-03-26,778,4064.16,Delivered
ORD003619,P0164,S008,2026-04-13,346,1080.85,Processing
ORD003620,P0495,S042,2026-06-20,703,3435.1,Shipped
ORD003621,P0325,S040,2026-07-14,348,169.63,Shipped
ORD003622,P0490,S032,2026-04-04,103,3827.27,Processing
ORD003623,P0238,S039,2026-04-26,564,257.09,Shipped
ORD003624,P0346,S024,2026-08-22,660,149.97,Processing
ORD003625,P0385,S005,2026-09-10,50,58.52,Cancelled
ORD003626,P0491,S044,2026-06-05,637,1089.0,Shipped
ORD003627,P0105,S045,2026-03-27,919,2899.1,Delivered
ORD003628,P0179,S009,2026-06-03,961,166.85,Processing
ORD003629,P0024,S033,2026-07-11,627,3496.66,Shipped
ORD003630,P0037,S035,2026-04-09,308,3138.04,Delivered
ORD003631,P0335,S022,2026-05-19,902,3080.71,Processing
ORD003632,P0184,S023,2026-08-10,779,3752.71,Shipped
ORD003633,P0291,S022,2026-09-15,151,238.07,Cancelled
ORD003634,P0018,S004,2026-04-11,418,4819.13,Delivered
ORD003635,P0010,S026,2026-09-04,585,2148.08,Delivered
ORD003636,P0280,S025,2026-04-11,735,2201.77,Shipped
ORD003637,P0399,S045,2026-04-04,917,1215.76,Cancelled
ORD003638,P0137,S045,2026-07-30,697,635.28,Processing
ORD003639,P0100,S037,2026-09-09,869,1451.99,Shipped
ORD003640,P0011,S001,2026-05-20,403,2458.97,Cancelled
ORD003641,P0172,S021,2026-05-03,9,1097.65,Shipped
ORD003642,P0038,S032,2026-03-26,218,4926.99,Shipped
ORD003643,P0067,S026,2026-05-28,189,1436.49,Cancelled
ORD003644,P0131,S012,2026-08-08,597,315.13,Processing
ORD003645,P0485,S037,2026-09-09,720,3897.7,Processing
ORD003646,P0158,S022,2026-05-19,877,485.29,Delivered
ORD003647,P0293,S003,2026-04-01,659,4476.2,Cancelled
ORD003648,P0024,S023,2026-09-13,251,38.04,Cancelled
ORD003649,P0130,S016,2026-08-01,15,765.82,Delivered
ORD003650,P0197,S026,2026-04-15,455,1107.52,Processing
ORD003651,P0475,S001,2026-08-28,289,4482.96,Shipped
ORD003652,P0172,S049,2026-07-18,898,4980.15,Cancelled
ORD003653,P0439,S037,2026-06-14,882,938.48,Processing
ORD003654,P0378,S038,2026-08-22,790,2123.25,Processing
ORD003655,P0024,S015,2026-07-03,977,4217.39,Cancelled
ORD003656,P0412,S012,2026-09-11,817,52.27,Processing
ORD003657,P0190,S023,2026-07-19,534,940.83,Shipped
ORD003658,P0238,S002,2026-07-20,712,2983.23,Delivered
ORD003659,P0059,S006,2026-07-15,821,1727.82,Processing
ORD003660,P0366,S049,2026-05-20,564,40.53,Processing
ORD003661,P0359,S011,2026-07-12,102,3238.7,Processing
ORD003662,P0181,S034,2026-04-10,805,631.22,Cancelled
ORD003663,P0352,S024,2026-03-25,580,481.37,Delivered
ORD003664,P0258,S028,2026-04-21,217,2682.3,Shipped
ORD003665,P0282,S006,2026-08-11,748,2946.82,Shipped
ORD003666,P0384,S030,2026-08-16,707,4864.33,Processing
ORD003667,P0354,S007,2026-09-20,391,2784.5,Delivered
ORD003668,P0385,S050,2026-04-05,348,4586.67,Cancelled
ORD003669,P0392,S045,2026-08-07,619,4291.82,Delivered
ORD003670,P0193,S039,2026-08-11,966,781.32,Cancelled
ORD003671,P0412,S033,2026-05-07,283,1665.18,Shipped
ORD003672,P0337,S007,2026-04-06,527,699.13,Cancelled
ORD003673,P0001,S004,2026-05-04,182,2760.49,Shipped
ORD003674,P0066,S041,2026-08-08,949,4195.03,Processing
ORD003675,P0340,S010,2026-04-27,61,1267.29,Shipped
ORD003676,P0250,S018,2026-06-03,671,1065.0,Processing
ORD003677,P0383,S008,2026-08-05,68,2113.09,Shipped
ORD003678,P0309,S046,2026-08-18,201,3508.49,Processing
ORD003679,P0377,S001,2026-08-31,131,190.22,Processing
ORD003680,P0142,S046,2026-04-05,713,754.85,Processing
ORD003681,P0368,S029,2026-04-26,510,1802.28,Processing
ORD003682,P0449,S007,2026-09-18,250,1870.92,Processing
ORD003683,P0461,S050,2026-04-03,778,661.91,Delivered
ORD003684,P0172,S004,2026-07-08,417,1274.79,Processing
ORD003685,P0350,S004,2026-03-24,353,3579.08,Processing
ORD003686,P0234,S030,2026-07-14,365,1995.44,Delivered
ORD003687,P0276,S015,2026-08-27,136,3841.85,Delivered
ORD003688,P0083,S039,2026-09-06,92,2084.4,Delivered
ORD003689,P0153,S025,2026-07-22,886,3044.51,Processing
ORD003690,P0384,S034,2026-08-20,224,605.46,Delivered
ORD003691,P0127,S048,2026-05-30,555,4107.68,Delivered
ORD003692,P0199,S026,2026-08-29,167,762.67,Delivered
ORD003693,P0481,S008,2026-05-14,430,2439.37,Delivered
ORD003694,P0208,S036,2026-06-25,907,1849.19,Cancelled
ORD003695,P0236,S049,2026-07-02,899,4455.71,Cancelled
ORD003696,P0359,S026,2026-05-22,953,773.33,Cancelled
ORD003697,P0186,S004,2026-06-24,311,2910.26,Shipped
ORD003698,P0336,S003,2026-06-08,452,4826.91,Cancelled
ORD003699,P0351,S020,2026-05-13,620,3853.35,Processing
ORD003700,P0214,S023,2026-08-16,9,1518.48,Cancelled
ORD003701,P0233,S013,2026-05-05,133,4234.08,Cancelled
ORD003702,P0223,S008,2026-04-27,91,1484.63,Processing
ORD003703,P0111,S027,2026-05-28,682,695.85,Shipped
ORD003704,P0285,S045,2026-09-07,329,1340.11,Processing
ORD003705,P0348,S033,2026-04-18,871,2571.06,Delivered
ORD003706,P0377,S032,2026-08-07,972,4931.78,Delivered
ORD003707,P0477,S027,2026-08-30,152,3200.96,Shipped
ORD003708,P0337,S039,2026-04-14,585,3416.66,Shipped
ORD003709,P0103,S036,2026-05-19,347,4026.94,Processing
ORD003710,P0485,S030,2026-06-04,998,4790.4,Shipped
ORD003711,P0030,S024,2026-09-10,545,1186.89,Processing
ORD003712,P0487,S013,2026-05-29,973,4078.03,Processing
ORD003713,P0041,S046,2026-04-12,855,1835.56,Cancelled
ORD003714,P0015,S024,2026-07-05,737,1342.71,Cancelled
ORD003715,P0470,S045,2026-07-01,578,3378.95,Cancelled
ORD003716,P0408,S030,2026-06-16,412,2938.26,Shipped
ORD003717,P0172,S013,2026-09-02,370,4835.6,Cancelled
ORD003718,P0289,S031,2026-06-26,878,1361.56,Cancelled
ORD003719,P0398,S033,2026-08-23,392,4811.75,Delivered
ORD003720,P0107,S018,2026-07-12,130,404.6,Shipped
ORD003721,P0190,S002,2026-06-05,549,3491.73,Delivered
ORD003722,P0171,S040,2026-08-17,940,4700.08,Delivered
ORD003723,P0095,S049,2026-06-19,409,2983.76,Shipped
ORD003724,P0295,S025,2026-06-27,407,1517.41,Cancelled
ORD003725,P0058,S016,2026-05-09,14,2271.47,Shipped
ORD003726,P0123,S024,2026-04-27,796,3589.85,Delivered
ORD003727,P0093,S025,2026-05-31,126,4666.29,Shipped
ORD003728,P0342,S017,2026-04-06,667,2726.86,Processing
ORD003729,P0406,S011,2026-05-26,964,2083.13,Delivered
ORD003730,P0398,S021,2026-06-09,908,1551.64,Delivered
ORD003731,P0291,S027,2026-07-17,226,3292.35,Cancelled
ORD003732,P0054,S044,2026-05-20,926,100.18,Delivered
ORD003733,P0482,S034,2026-07-28,842,1787.78,Processing
ORD003734,P0478,S008,2026-04-29,82,1848.12,Cancelled
ORD003735,P0470,S036,2026-04-16,288,1598.49,Processing
ORD003736,P0418,S043,2026-06-24,287,3698.23,Processing
ORD003737,P0456,S033,2026-07-12,817,2308.67,Shipped
ORD003738,P0334,S044,2026-09-14,511,252.56,Cancelled
ORD003739,P0330,S011,2026-05-12,891,3244.04,Delivered
ORD003740,P0271,S027,2026-09-17,816,1713.77,Processing
ORD003741,P0464,S029,2026-05-19,474,2270.3,Cancelled
ORD003742,P0350,S021,2026-07-04,417,949.62,Cancelled
ORD003743,P0058,S018,2026-03-24,933,319.11,Delivered
ORD003744,P0359,S023,2026-09-01,835,770.98,Cancelled
ORD003745,P0033,S002,2026-08-08,950,4680.89,Shipped
ORD003746,P0266,S043,2026-09-06,47,191.47,Processing
ORD003747,P0439,S044,2026-07-25,183,3650.15,Delivered
ORD003748,P0096,S021,2026-06-11,475,3316.21,Processing
ORD003749,P0218,S002,2026-04-23,619,1512.61,Delivered
ORD003750,P0391,S026,2026-05-18,542,4032.55,Delivered
ORD003751,P0085,S003,2026-07-28,204,616.9,Cancelled
ORD003752,P0178,S023,2026-08-30,727,779.33,Cancelled
ORD003753,P0465,S047,2026-05-08,28,3008.66,Processing
ORD003754,P0372,S041,2026-08-18,877,2428.35,Processing
ORD003755,P0066,S047,2026-06-20,383,4832.14,Shipped
ORD003756,P0350,S014,2026-09-08,932,1180.81,Processing
ORD003757,P0328,S045,2026-05-01,790,4075.26,Processing
ORD003758,P0316,S013,2026-09-19,916,2615.84,Processing
ORD003759,P0148,S024,2026-03-24,874,2373.67,Processing
ORD003760,P0116,S009,2026-06-22,233,2121.9,Delivered
ORD003761,P0180,S003,2026-07-31,481,1991.51,Delivered
ORD003762,P0500,S030,2026-08-12,47,2562.14,Cancelled
ORD003763,P0255,S008,2026-08-26,783,2533.28,Processing
ORD003764,P0196,S003,2026-05-14,102,80.66,Delivered
ORD003765,P0203,S007,2026-05-02,363,3227.58,Processing
ORD003766,P0348,S036,2026-08-13,648,4809.92,Delivered
ORD003767,P0342,S041,2026-07-28,446,4615.98,Shipped
ORD003768,P0441,S017,2026-08-07,799,2018.66,Processing
ORD003769,P0227,S049,2026-06-15,269,663.81,Processing
ORD003770,P0354,S010,2026-05-18,146,4761.9,Delivered
ORD003771,P0055,S049,2026-09-02,623,1467.26,Processing
ORD003772,P0287,S043,2026-06-20,879,3705.43,Processing
ORD003773,P0351,S041,2026-09-10,881,928.82,Shipped
ORD003774,P0030,S025,2026-07-05,188,4107.05,Shipped
ORD003775,P0191,S042,2026-05-17,51,4502.09,Processing
ORD003776,P0405,S047,2026-09-02,491,4323.82,Processing
ORD003777,P0438,S042,2026-04-10,118,2662.55,Shipped
ORD003778,P0351,S032,2026-07-03,283,531.66,Processing
ORD003779,P0249,S043,2026-03-25,323,1153.28,Shipped
ORD003780,P0335,S036,2026-04-24,332,751.0,Delivered
ORD003781,P0397,S025,2026-05-19,179,2012.45,Delivered
ORD003782,P0402,S019,2026-08-01,680,2002.49,Cancelled
ORD003783,P0188,S025,2026-09-08,65,1576.02,Shipped
ORD003784,P0024,S024,2026-07-23,327,1264.62,Delivered
ORD003785,P0480,S041,2026-05-07,676,345.79,Delivered
ORD003786,P0369,S018,2026-07-11,74,396.69,Shipped
ORD003787,P0220,S018,2026-06-16,18,2852.18,Delivered
ORD003788,P0370,S025,2026-08-18,607,4923.98,Shipped
ORD003789,P0281,S032,2026-07-17,367,4026.22,Delivered
ORD003790,P0412,S001,2026-07-24,831,694.07,Shipped
ORD003791,P0223,S011,2026-05-06,683,84.4,Cancelled
ORD003792,P0070,S047,2026-04-17,678,458.13,Shipped
ORD003793,P0482,S013,2026-04-11,586,1225.82,Cancelled
ORD003794,P0207,S030,2026-08-29,545,2836.98,Cancelled
ORD003795,P0019,S037,2026-07-05,978,2620.87,Processing
ORD003796,P0085,S028,2026-04-11,503,4467.05,Processing
ORD003797,P0409,S039,2026-04-13,789,935.02,Cancelled
ORD003798,P0200,S044,2026-09-06,783,151.31,Shipped
ORD003799,P0296,S034,2026-09-18,548,3111.97,Cancelled
ORD003800,P0122,S041,2026-06-22,959,1047.94,Shipped
ORD003801,P0060,S039,2026-05-14,94,3153.53,Cancelled
ORD003802,P0159,S013,2026-06-16,32,4769.53,Shipped
ORD003803,P0120,S008,2026-05-09,149,237.95,Delivered
ORD003804,P0036,S023,2026-08-21,863,127.36,Shipped
ORD003805,P0414,S025,2026-07-26,279,4966.0,Cancelled
ORD003806,P0246,S001,2026-06-04,729,259.21,Processing
ORD003807,P0496,S036,2026-07-09,476,1984.26,Shipped
ORD003808,P0341,S049,2026-08-10,446,2487.09,Shipped
ORD003809,P0230,S038,2026-08-17,461,4617.55,Delivered
ORD003810,P0418,S013,2026-07-09,395,4453.73,Cancelled
ORD003811,P0018,S017,2026-09-16,879,1659.82,Delivered
ORD003812,P0126,S023,2026-07-06,323,3498.17,Cancelled
ORD003813,P0020,S038,2026-05-13,757,1936.74,Shipped
ORD003814,P0219,S040,2026-08-15,191,4814.8,Cancelled
ORD003815,P0057,S041,2026-04-13,580,3253.87,Processing
ORD003816,P0357,S025,2026-08-16,229,1612.27,Delivered
ORD003817,P0190,S038,2026-09-17,478,3597.89,Processing
ORD003818,P0180,S008,2026-06-26,166,2649.79,Cancelled
ORD003819,P0346,S014,2026-07-07,437,1505.55,Delivered
ORD003820,P0315,S019,2026-06-12,939,2627.36,Shipped
ORD003821,P0202,S023,2026-08-27,945,1415.65,Cancelled
ORD003822,P0153,S022,2026-05-26,772,1316.01,Shipped
ORD003823,P0158,S046,2026-05-19,264,3929.97,Shipped
ORD003824,P0063,S026,2026-08-27,584,4640.74,Processing
ORD003825,P0125,S046,2026-08-26,968,4290.05,Shipped
ORD003826,P0231,S019,2026-08-19,232,2878.85,Shipped
ORD003827,P0136,S002,2026-07-06,539,3797.76,Processing
ORD003828,P0115,S004,2026-04-30,608,1647.66,Cancelled
ORD003829,P0310,S047,2026-04-25,489,3620.49,Processing
ORD003830,P0343,S035,2026-08-18,658,3854.98,Shipped
ORD003831,P0128,S011,2026-04-18,107,4837.02,Cancelled
ORD003832,P0032,S045,2026-04-26,178,584.57,Cancelled
ORD003833,P0246,S021,2026-04-04,309,4497.2,Shipped
ORD003834,P0147,S041,2026-05-12,727,3924.0,Shipped
ORD003835,P0242,S038,2026-06-18,136,4297.13,Processing
ORD003836,P0126,S001,2026-04-02,44,1515.84,Cancelled
ORD003837,P0196,S005,2026-06-09,152,3620.44,Processing
ORD003838,P0028,S002,2026-08-16,145,4487.22,Shipped
ORD003839,P0070,S050,2026-04-20,118,1028.16,Cancelled
ORD003840,P0440,S026,2026-06-17,886,1787.63,Cancelled
ORD003841,P0170,S038,2026-05-11,346,3143.74,Cancelled
ORD003842,P0285,S028,2026-03-24,995,4032.76,Processing
ORD003843,P0134,S046,2026-04-10,370,2767.23,Processing
ORD003844,P0357,S021,2026-05-29,407,1945.55,Delivered
ORD003845,P0115,S035,2026-04-11,564,1861.22,Processing
ORD003846,P0456,S012,2026-06-07,196,4145.78,Processing
ORD003847,P0380,S009,2026-09-11,35,4291.3,Processing
ORD003848,P0235,S019,2026-06-11,188,1332.96,Processing
ORD003849,P0056,S002,2026-09-07,309,1167.63,Cancelled
ORD003850,P0213,S033,2026-08-19,760,3468.8,Cancelled
ORD003851,P0426,S002,2026-08-09,34,2765.32,Shipped
ORD003852,P0292,S018,2026-04-29,391,3768.78,Delivered
ORD003853,P0454,S042,2026-05-02,92,3236.7,Cancelled
ORD003854,P0456,S019,2026-07-14,66,2334.42,Processing
ORD003855,P0155,S014,2026-04-02,862,1599.5,Processing
ORD003856,P0275,S024,2026-05-21,970,244.19,Processing
ORD003857,P0313,S018,2026-08-14,433,1960.31,Processing
ORD003858,P0385,S022,2026-07-16,748,4361.98,Processing
ORD003859,P0103,S009,2026-05-13,533,4970.14,Processing
ORD003860,P0070,S002,2026-03-26,138,1657.64,Delivered
ORD003861,P0105,S001,2026-05-18,236,119.61,Processing
ORD003862,P0210,S030,2026-05-27,452,347.93,Delivered
ORD003863,P0462,S028,2026-09-11,803,2286.91,Delivered
ORD003864,P0439,S028,2026-07-14,146,3881.77,Shipped
ORD003865,P0128,S048,2026-06-12,59,876.07,Shipped
ORD003866,P0029,S006,2026-05-16,965,4518.52,Processing
ORD003867,P0285,S050,2026-08-19,265,4082.16,Processing
ORD003868,P0015,S014,2026-05-23,278,3586.53,Processing
ORD003869,P0066,S035,2026-04-04,304,2297.68,Delivered
ORD003870,P0233,S046,2026-04-16,167,4788.48,Processing
ORD003871,P0027,S024,2026-06-06,60,2202.34,Cancelled
ORD003872,P0339,S035,2026-05-29,474,3650.94,Delivered
ORD003873,P0329,S041,2026-07-23,708,2481.01,Shipped
ORD003874,P0055,S040,2026-07-07,806,4163.7,Processing
ORD003875,P0026,S025,2026-05-30,369,3202.7,Processing
ORD003876,P0447,S029,2026-08-08,158,3945.21,Cancelled
ORD003877,P0076,S022,2026-09-01,518,4362.33,Delivered
ORD003878,P0080,S021,2026-05-09,614,210.12,Shipped
ORD003879,P0202,S049,2026-06-30,547,1415.92,Shipped
ORD003880,P0372,S048,2026-07-31,151,4736.3,Cancelled
ORD003881,P0322,S013,2026-05-26,463,2871.28,Delivered
ORD003882,P0052,S009,2026-05-10,87,438.9,Delivered
ORD003883,P0272,S030,2026-04-23,990,2572.43,Processing
ORD003884,P0178,S045,2026-09-18,567,2085.48,Delivered
ORD003885,P0470,S005,2026-09-11,466,4276.74,Cancelled
ORD003886,P0356,S003,2026-06-06,818,3150.1,Processing
ORD003887,P0078,S023,2026-08-24,107,2942.91,Shipped
ORD003888,P0182,S012,2026-09-17,613,1598.51,Delivered
ORD003889,P0053,S012,2026-07-28,180,719.1,Cancelled
ORD003890,P0384,S017,2026-07-01,256,1109.36,Cancelled
ORD003891,P0084,S002,2026-05-09,370,4287.2,Processing
ORD003892,P0058,S025,2026-04-29,181,1890.65,Shipped
ORD003893,P0416,S017,2026-09-15,606,4396.56,Cancelled
ORD003894,P0466,S013,2026-05-12,758,3682.34,Processing
ORD003895,P0500,S019,2026-05-14,302,1517.19,Delivered
ORD003896,P0258,S034,2026-06-10,512,2547.79,Shipped
ORD003897,P0139,S030,2026-03-27,22,4024.15,Delivered
ORD003898,P0315,S044,2026-06-27,387,3832.12,Shipped
ORD003899,P0314,S050,2026-04-11,896,1572.98,Cancelled
ORD003900,P0132,S040,2026-07-29,719,4519.83,Cancelled
ORD003901,P0325,S043,2026-07-11,215,808.19,Shipped
ORD003902,P0120,S018,2026-07-08,190,2267.23,Cancelled
ORD003903,P0164,S011,2026-07-23,164,4561.12,Processing
ORD003904,P0215,S006,2026-03-28,908,2002.84,Delivered
ORD003905,P0415,S039,2026-04-29,138,148.61,Shipped
ORD003906,P0372,S011,2026-08-17,155,2966.72,Delivered
ORD003907,P0166,S050,2026-04-11,421,1099.65,Processing
ORD003908,P0163,S021,2026-08-22,776,3327.55,Cancelled
ORD003909,P0224,S016,2026-05-22,475,3345.19,Processing
ORD003910,P0210,S012,2026-09-05,847,3115.89,Shipped
ORD003911,P0392,S012,2026-09-10,44,2163.01,Delivered
ORD003912,P0340,S017,2026-06-17,639,2576.72,Shipped
ORD003913,P0100,S014,2026-04-17,742,543.78,Delivered
ORD003914,P0140,S037,2026-04-04,548,4259.82,Processing
ORD003915,P0439,S011,2026-09-20,66,4096.42,Delivered
ORD003916,P0436,S010,2026-05-08,97,4749.29,Processing
ORD003917,P0191,S048,2026-04-12,304,2561.7,Delivered
ORD003918,P0276,S010,2026-06-27,891,2182.85,Cancelled
ORD003919,P0256,S026,2026-08-08,306,4469.21,Delivered
ORD003920,P0057,S034,2026-08-20,335,1318.1,Delivered
ORD003921,P0159,S020,2026-07-01,769,676.49,Delivered
ORD003922,P0407,S025,2026-04-03,182,2854.39,Cancelled
ORD003923,P0327,S034,2026-07-15,492,1230.31,Shipped
ORD003924,P0168,S050,2026-08-04,755,4799.22,Cancelled
ORD003925,P0485,S026,2026-06-04,767,1560.85,Delivered
ORD003926,P0223,S047,2026-08-23,133,1096.38,Processing
ORD003927,P0313,S010,2026-04-21,733,4651.51,Processing
ORD003928,P0039,S013,2026-05-08,188,95.37,Delivered
ORD003929,P0146,S011,2026-04-04,627,1272.15,Processing
ORD003930,P0145,S047,2026-04-21,498,4688.93,Delivered
ORD003931,P0242,S040,2026-04-16,458,775.59,Cancelled
ORD003932,P0313,S039,2026-08-21,628,1395.65,Delivered
ORD003933,P0083,S033,2026-09-06,716,1003.82,Delivered
ORD003934,P0113,S028,2026-04-07,433,2055.01,Processing
ORD003935,P0002,S004,2026-09-20,6,1745.7,Processing
ORD003936,P0277,S022,2026-05-04,199,2724.42,Processing
ORD003937,P0002,S021,2026-04-17,647,241.6,Processing
ORD003938,P0126,S034,2026-06-01,921,1182.37,Delivered
ORD003939,P0284,S045,2026-06-22,166,4625.28,Processing
ORD003940,P0399,S037,2026-09-08,786,3061.21,Delivered
ORD003941,P0204,S035,2026-07-17,715,2166.66,Cancelled
ORD003942,P0478,S016,2026-07-13,879,1143.42,Processing
ORD003943,P0313,S025,2026-07-30,690,3950.12,Processing
ORD003944,P0418,S031,2026-05-17,418,4501.64,Delivered
ORD003945,P0173,S041,2026-07-31,117,4417.53,Cancelled
ORD003946,P0204,S030,2026-05-08,108,1246.68,Shipped
ORD003947,P0001,S005,2026-04-20,195,783.71,Processing
ORD003948,P0461,S015,2026-05-14,735,3047.78,Delivered
ORD003949,P0277,S033,2026-09-12,749,4854.37,Shipped
ORD003950,P0237,S048,2026-05-10,615,3644.33,Delivered
ORD003951,P0245,S021,2026-08-06,726,4690.1,Delivered
ORD003952,P0488,S031,2026-07-05,505,1934.36,Delivered
ORD003953,P0387,S041,2026-07-10,741,1857.47,Processing
ORD003954,P0326,S035,2026-03-25,536,511.25,Shipped
ORD003955,P0395,S005,2026-05-26,637,645.9,Cancelled
ORD003956,P0060,S030,2026-07-06,941,2520.81,Delivered
ORD003957,P0497,S038,2026-06-22,430,2901.98,Processing
ORD003958,P0355,S020,2026-08-09,359,3307.1,Processing
ORD003959,P0009,S046,2026-09-12,842,3662.1,Cancelled
ORD003960,P0189,S045,2026-06-28,977,4111.66,Cancelled
ORD003961,P0314,S023,2026-05-06,589,4148.87,Processing
ORD003962,P0230,S014,2026-06-14,316,3087.55,Processing
ORD003963,P0167,S015,2026-06-19,617,1371.42,Cancelled
ORD003964,P0326,S001,2026-08-31,783,2227.24,Shipped
ORD003965,P0297,S039,2026-04-27,24,2230.81,Cancelled
ORD003966,P0392,S040,2026-04-29,422,2121.03,Shipped
ORD003967,P0392,S029,2026-04-09,588,3097.49,Cancelled
ORD003968,P0288,S001,2026-03-29,567,3911.42,Cancelled
ORD003969,P0352,S044,2026-06-10,510,1282.0,Shipped
ORD003970,P0317,S037,2026-09-15,292,2034.08,Delivered
ORD003971,P0100,S039,2026-08-01,822,2525.3,Shipped
ORD003972,P0211,S030,2026-04-21,249,1451.99,Cancelled
ORD003973,P0484,S041,2026-08-03,352,1039.23,Delivered
ORD003974,P0150,S050,2026-06-29,599,2673.18,Shipped
ORD003975,P0162,S001,2026-06-06,812,3028.59,Cancelled
ORD003976,P0168,S011,2026-03-26,122,4180.11,Delivered
ORD003977,P0205,S009,2026-05-04,985,2298.82,Cancelled
ORD003978,P0149,S036,2026-07-04,617,4509.64,Delivered
ORD003979,P0092,S018,2026-08-10,548,4169.48,Shipped
ORD003980,P0054,S050,2026-08-04,227,12.72,Processing
ORD003981,P0412,S003,2026-09-10,338,2417.51,Processing
ORD003982,P0305,S048,2026-08-29,486,1316.94,Delivered
ORD003983,P0178,S027,2026-08-12,887,1190.45,Processing
ORD003984,P0404,S024,2026-07-16,938,73.5,Delivered
ORD003985,P0024,S044,2026-05-17,354,3603.82,Cancelled
ORD003986,P0304,S050,2026-04-19,611,1785.9,Processing
ORD003987,P0467,S023,2026-03-28,397,1470.99,Shipped
ORD003988,P0099,S029,2026-08-15,555,3328.18,Shipped
ORD003989,P0230,S037,2026-07-12,54,2518.24,Cancelled
ORD003990,P0335,S008,2026-03-28,544,2365.8,Cancelled
ORD003991,P0412,S003,2026-09-04,32,573.86,Processing
ORD003992,P0191,S045,2026-07-11,126,247.55,Shipped
ORD003993,P0156,S017,2026-06-07,135,3011.25,Delivered
ORD003994,P0248,S018,2026-07-02,682,1721.29,Cancelled
ORD003995,P0463,S026,2026-08-14,839,4583.56,Processing
ORD003996,P0482,S003,2026-06-09,387,717.4,Processing
ORD003997,P0166,S023,2026-04-22,626,2990.81,Cancelled
ORD003998,P0162,S028,2026-04-28,787,899.52,Processing
ORD003999,P0312,S001,2026-04-24,340,1187.2,Shipped
ORD004000,P0407,S002,2026-07-14,265,2499.53,Cancelled
ORD004001,P0156,S035,2026-07-01,296,3426.82,Shipped
ORD004002,P0306,S015,2026-06-27,616,2191.0,Processing
ORD004003,P0435,S015,2026-04-17,548,1133.87,Delivered
ORD004004,P0426,S006,2026-07-27,993,694.53,Shipped
ORD004005,P0112,S007,2026-06-21,171,3510.57,Delivered
ORD004006,P0380,S016,2026-03-24,404,647.35,Processing
ORD004007,P0477,S005,2026-04-16,952,3588.48,Cancelled
ORD004008,P0473,S050,2026-05-23,656,724.5,Cancelled
ORD004009,P0081,S028,2026-07-28,791,1360.79,Processing
ORD004010,P0178,S036,2026-08-29,329,3564.7,Shipped
ORD004011,P0167,S011,2026-08-12,186,2926.44,Shipped
ORD004012,P0349,S023,2026-05-06,144,3566.89,Shipped
ORD004013,P0208,S008,2026-04-18,515,1645.18,Shipped
ORD004014,P0044,S029,2026-08-28,69,283.15,Delivered
ORD004015,P0437,S041,2026-08-06,49,1822.73,Delivered
ORD004016,P0230,S030,2026-05-29,315,1353.53,Processing
ORD004017,P0327,S014,2026-06-25,366,3864.16,Shipped
ORD004018,P0448,S034,2026-07-14,750,3719.32,Shipped
ORD004019,P0427,S030,2026-04-21,122,1788.47,Shipped
ORD004020,P0413,S037,2026-09-19,471,1005.2,Shipped
ORD004021,P0105,S003,2026-08-25,342,1164.53,Delivered
ORD004022,P0100,S008,2026-05-19,543,1096.69,Delivered
ORD004023,P0353,S013,2026-04-10,246,4129.24,Processing
ORD004024,P0480,S003,2026-07-11,526,2377.43,Processing
ORD004025,P0035,S023,2026-08-13,814,878.7,Cancelled
ORD004026,P0005,S019,2026-05-13,848,2778.71,Processing
ORD004027,P0351,S005,2026-06-12,321,915.88,Cancelled
ORD004028,P0157,S027,2026-09-17,335,4160.34,Processing
ORD004029,P0374,S015,2026-06-15,495,4062.72,Delivered
ORD004030,P0263,S037,2026-04-18,885,545.83,Cancelled
ORD004031,P0245,S013,2026-09-15,300,1403.29,Cancelled
ORD004032,P0045,S048,2026-07-29,491,2219.04,Cancelled
ORD004033,P0304,S026,2026-05-04,603,4661.39,Shipped
ORD004034,P0108,S026,2026-05-20,140,2942.43,Shipped
ORD004035,P0323,S028,2026-06-28,269,4858.63,Shipped
ORD004036,P0313,S038,2026-04-06,589,2933.33,Delivered
ORD004037,P0019,S008,2026-09-16,50,2666.01,Shipped
ORD004038,P0117,S037,2026-07-24,18,2661.15,Processing
ORD004039,P0363,S022,2026-09-15,168,485.05,Delivered
ORD004040,P0305,S027,2026-08-09,680,2615.12,Shipped
ORD004041,P0334,S019,2026-05-06,400,1391.91,Shipped
ORD004042,P0385,S043,2026-08-29,630,3623.74,Shipped
ORD004043,P0088,S036,2026-07-14,933,4385.44,Cancelled
ORD004044,P0326,S046,2026-06-16,585,1749.16,Processing
ORD004045,P0380,S008,2026-08-03,863,2965.76,Processing
ORD004046,P0037,S029,2026-04-29,764,2923.2,Delivered
ORD004047,P0154,S034,2026-04-28,554,945.78,Cancelled
ORD004048,P0237,S001,2026-04-13,949,1647.55,Shipped
ORD004049,P0474,S022,2026-05-30,831,503.42,Shipped
ORD004050,P0218,S032,2026-05-15,779,4370.5,Cancelled
ORD004051,P0054,S006,2026-08-04,187,3633.34,Delivered
ORD004052,P0271,S033,2026-05-16,350,3762.41,Delivered
ORD004053,P0296,S016,2026-04-13,625,4930.5,Cancelled
ORD004054,P0041,S018,2026-08-08,968,4583.01,Delivered
ORD004055,P0378,S040,2026-03-29,673,4585.43,Processing
ORD004056,P0228,S030,2026-04-19,591,244.5,Shipped
ORD004057,P0287,S028,2026-04-30,947,2120.56,Processing
ORD004058,P0422,S024,2026-05-19,92,3143.74,Shipped
ORD004059,P0276,S049,2026-07-31,22,3775.18,Cancelled
ORD004060,P0394,S043,2026-03-27,327,983.84,Cancelled
ORD004061,P0383,S048,2026-03-29,125,618.08,Processing
ORD004062,P0041,S001,2026-08-20,255,4793.04,Processing
ORD004063,P0243,S020,2026-08-17,138,3235.13,Shipped
ORD004064,P0063,S016,2026-06-21,741,2138.69,Delivered
ORD004065,P0272,S021,2026-09-16,847,2679.71,Delivered
ORD004066,P0368,S008,2026-07-30,44,1424.2,Delivered
ORD004067,P0154,S014,2026-04-27,732,2310.58,Cancelled
ORD004068,P0464,S022,2026-04-10,956,3488.83,Cancelled
ORD004069,P0195,S049,2026-05-15,412,707.91,Cancelled
ORD004070,P0112,S045,2026-04-13,358,2553.19,Cancelled
ORD004071,P0126,S014,2026-08-16,362,1217.55,Delivered
ORD004072,P0004,S041,2026-09-20,342,2727.32,Cancelled
ORD004073,P0188,S041,2026-04-16,979,1466.57,Processing
ORD004074,P0334,S022,2026-04-15,882,1935.31,Cancelled
ORD004075,P0300,S032,2026-05-24,582,937.83,Shipped
ORD004076,P0052,S025,2026-04-22,298,1238.04,Delivered
ORD004077,P0069,S033,2026-09-08,933,1207.52,Cancelled
ORD004078,P0234,S002,2026-05-09,876,800.46,Cancelled
ORD004079,P0194,S027,2026-09-06,5,1722.15,Processing
ORD004080,P0091,S034,2026-06-07,85,1894.78,Shipped
ORD004081,P0036,S046,2026-05-28,700,2066.92,Delivered
ORD004082,P0320,S045,2026-04-19,473,4794.91,Shipped
ORD004083,P0457,S014,2026-09-02,343,2681.71,Shipped
ORD004084,P0425,S017,2026-07-06,44,4876.81,Delivered
ORD004085,P0097,S043,2026-04-02,574,2738.85,Processing
ORD004086,P0110,S001,2026-07-27,271,722.12,Cancelled
ORD004087,P0217,S009,2026-05-16,957,4287.5,Delivered
ORD004088,P0325,S017,2026-05-30,693,1360.24,Delivered
ORD004089,P0387,S038,2026-08-06,236,2963.97,Processing
ORD004090,P0295,S027,2026-03-29,589,3988.47,Cancelled
ORD004091,P0206,S017,2026-07-28,712,3783.3,Delivered
ORD004092,P0089,S012,2026-08-16,518,2687.54,Shipped
ORD004093,P0261,S030,2026-08-28,784,1355.42,Shipped
ORD004094,P0058,S046,2026-06-21,243,4157.48,Shipped
ORD004095,P0384,S030,2026-08-08,140,4230.83,Delivered
ORD004096,P0137,S013,2026-07-18,22,3212.6,Cancelled
ORD004097,P0492,S036,2026-08-12,123,3946.29,Cancelled
ORD004098,P0398,S047,2026-06-01,785,4146.71,Processing
ORD004099,P0485,S014,2026-06-10,605,2524.35,Delivered
ORD004100,P0253,S014,2026-07-31,562,2354.77,Shipped
ORD004101,P0114,S047,2026-08-02,240,1080.1,Shipped
ORD004102,P0231,S001,2026-07-23,850,1262.83,Processing
ORD004103,P0310,S001,2026-03-26,638,4566.59,Shipped
ORD004104,P0263,S041,2026-05-12,895,2101.46,Delivered
ORD004105,P0280,S009,2026-05-10,406,674.87,Shipped
ORD004106,P0497,S003,2026-05-05,947,1317.21,Processing
ORD004107,P0458,S006,2026-05-22,626,183.9,Shipped
ORD004108,P0237,S009,2026-07-17,8,1349.97,Shipped
ORD004109,P0011,S004,2026-04-09,725,3453.8,Shipped
ORD004110,P0290,S014,2026-04-18,164,1360.91,Processing
ORD004111,P0330,S005,2026-08-12,61,3110.71,Shipped
ORD004112,P0489,S041,2026-04-18,946,730.77,Shipped
ORD004113,P0488,S030,2026-08-10,29,2941.03,Cancelled
ORD004114,P0382,S025,2026-05-01,262,4329.1,Cancelled
ORD004115,P0094,S012,2026-05-15,383,399.86,Cancelled
ORD004116,P0407,S010,2026-06-08,190,1455.17,Shipped
ORD004117,P0331,S044,2026-09-17,220,870.23,Delivered
ORD004118,P0274,S040,2026-04-20,53,186.88,Shipped
ORD004119,P0270,S028,2026-06-29,102,3440.84,Processing
ORD004120,P0244,S001,2026-04-05,153,2735.32,Cancelled
ORD004121,P0335,S011,2026-09-17,58,4671.91,Processing
ORD004122,P0017,S039,2026-04-01,344,3899.37,Processing
ORD004123,P0458,S027,2026-07-02,739,686.35,Shipped
ORD004124,P0210,S035,2026-05-13,598,165.57,Shipped
ORD004125,P0244,S039,2026-07-21,321,159.83,Delivered
ORD004126,P0125,S009,2026-07-28,342,4777.02,Delivered
ORD004127,P0409,S030,2026-03-30,222,3080.53,Delivered
ORD004128,P0386,S050,2026-05-11,36,3275.2,Processing
ORD004129,P0048,S007,2026-05-04,210,2707.27,Cancelled
ORD004130,P0022,S048,2026-08-15,522,2368.34,Delivered
ORD004131,P0200,S032,2026-09-07,146,936.33,Delivered
ORD004132,P0162,S046,2026-05-27,793,1403.85,Cancelled
ORD004133,P0254,S008,2026-04-21,584,844.25,Delivered
ORD004134,P0428,S001,2026-07-23,466,1291.61,Processing
ORD004135,P0028,S010,2026-07-06,845,1135.66,Shipped
ORD004136,P0439,S009,2026-06-07,189,1809.12,Delivered
ORD004137,P0204,S001,2026-09-05,148,1718.18,Processing
ORD004138,P0139,S049,2026-08-21,85,718.16,Delivered
ORD004139,P0140,S020,2026-08-20,760,4118.23,Cancelled
ORD004140,P0193,S040,2026-05-09,24,1049.14,Processing
ORD004141,P0329,S041,2026-07-09,362,1585.87,Processing
ORD004142,P0241,S027,2026-04-26,81,3261.21,Shipped
ORD004143,P0013,S044,2026-08-13,138,1359.04,Shipped
ORD004144,P0184,S038,2026-09-17,554,1760.27,Cancelled
ORD004145,P0068,S007,2026-04-02,109,2879.11,Delivered
ORD004146,P0490,S035,2026-06-13,596,4611.71,Delivered
ORD004147,P0413,S028,2026-05-06,554,4405.4,Shipped
ORD004148,P0411,S035,2026-08-26,907,2073.98,Cancelled
ORD004149,P0220,S033,2026-08-13,691,2112.29,Processing
ORD004150,P0195,S004,2026-07-20,930,58.26,Shipped
ORD004151,P0234,S017,2026-06-11,25,2560.75,Processing
ORD004152,P0421,S043,2026-07-14,571,4882.34,Delivered
ORD004153,P0017,S032,2026-08-17,299,3102.36,Processing
ORD004154,P0224,S020,2026-04-14,45,261.26,Processing
ORD004155,P0312,S047,2026-07-02,641,648.01,Processing
ORD004156,P0118,S018,2026-06-15,554,1352.39,Cancelled
ORD004157,P0230,S003,2026-06-01,517,797.02,Processing
ORD004158,P0495,S034,2026-08-17,421,1599.62,Cancelled
ORD004159,P0076,S046,2026-05-10,877,58.54,Delivered
ORD004160,P0103,S048,2026-05-05,745,2463.42,Processing
ORD004161,P0184,S022,2026-03-27,2,4394.46,Processing
ORD004162,P0032,S002,2026-03-24,19,2747.23,Cancelled
ORD004163,P0407,S019,2026-05-26,762,3574.44,Cancelled
ORD004164,P0123,S038,2026-07-18,114,3064.81,Delivered
ORD004165,P0267,S037,2026-08-03,787,3892.94,Delivered
ORD004166,P0130,S008,2026-04-24,416,3993.62,Delivered
ORD004167,P0489,S006,2026-08-19,394,2842.91,Processing
ORD004168,P0072,S044,2026-05-23,507,1015.69,Cancelled
ORD004169,P0345,S035,2026-08-19,968,3868.94,Cancelled
ORD004170,P0023,S025,2026-08-29,10,2713.47,Shipped
ORD004171,P0279,S006,2026-06-08,966,4274.3,Cancelled
ORD004172,P0133,S025,2026-07-24,251,212.75,Delivered
ORD004173,P0418,S038,2026-08-23,528,1393.88,Processing
ORD004174,P0223,S008,2026-05-26,912,492.94,Processing
ORD004175,P0043,S007,2026-07-16,536,4413.08,Shipped
ORD004176,P0340,S039,2026-04-16,569,3232.35,Shipped
ORD004177,P0257,S010,2026-06-16,778,2870.92,Shipped
ORD004178,P0499,S002,2026-05-01,194,3183.25,Delivered
ORD004179,P0186,S014,2026-04-10,332,3815.57,Shipped
ORD004180,P0211,S002,2026-07-07,458,1615.04,Shipped
ORD004181,P0298,S046,2026-06-04,280,4317.52,Cancelled
ORD004182,P0076,S046,2026-07-15,55,486.5,Processing
ORD004183,P0452,S042,2026-05-31,739,90.0,Processing
ORD004184,P0395,S035,2026-09-20,933,467.09,Processing
ORD004185,P0335,S015,2026-04-28,526,2239.22,Shipped
ORD004186,P0077,S026,2026-03-24,145,178.07,Shipped
ORD004187,P0455,S005,2026-07-30,509,1317.78,Shipped
ORD004188,P0240,S015,2026-04-27,809,4564.59,Processing
ORD004189,P0160,S011,2026-07-07,974,4653.46,Shipped
ORD004190,P0009,S001,2026-07-18,302,445.08,Delivered
ORD004191,P0487,S009,2026-08-14,565,3509.09,Delivered
ORD004192,P0060,S044,2026-08-11,429,4691.96,Processing
ORD004193,P0499,S021,2026-09-01,355,2826.66,Shipped
ORD004194,P0444,S026,2026-09-10,118,4418.01,Delivered
ORD004195,P0309,S012,2026-07-20,225,286.35,Cancelled
ORD004196,P0013,S004,2026-07-06,88,647.66,Processing
ORD004197,P0074,S030,2026-08-04,89,157.83,Processing
ORD004198,P0463,S009,2026-05-14,582,3677.69,Cancelled
ORD004199,P0180,S006,2026-04-10,129,156.53,Shipped
ORD004200,P0367,S024,2026-08-07,12,2493.81,Cancelled
ORD004201,P0385,S021,2026-07-13,230,4779.04,Shipped
ORD004202,P0196,S047,2026-06-11,48,4853.52,Shipped
ORD004203,P0091,S010,2026-09-07,451,2100.62,Processing
ORD004204,P0154,S025,2026-09-02,846,4832.3,Delivered
ORD004205,P0046,S022,2026-08-30,243,44.15,Cancelled
ORD004206,P0105,S047,2026-08-31,317,2464.17,Processing
ORD004207,P0121,S023,2026-05-29,572,4805.9,Delivered
ORD004208,P0210,S035,2026-07-27,174,824.28,Shipped
ORD004209,P0384,S044,2026-04-18,130,4131.99,Processing
ORD004210,P0232,S001,2026-07-02,522,1966.0,Cancelled
ORD004211,P0415,S025,2026-09-20,958,1761.9,Cancelled
ORD004212,P0439,S009,2026-05-02,283,4917.99,Cancelled
ORD004213,P0437,S035,2026-07-06,453,2558.08,Shipped
ORD004214,P0151,S031,2026-08-30,479,4151.05,Processing
ORD004215,P0031,S041,2026-08-19,213,1814.41,Delivered
ORD004216,P0500,S007,2026-07-07,826,2556.2,Cancelled
ORD004217,P0499,S010,2026-06-09,129,1184.11,Shipped
ORD004218,P0158,S004,2026-05-16,315,3633.03,Cancelled
ORD004219,P0079,S008,2026-08-11,155,443.53,Cancelled
ORD004220,P0310,S048,2026-05-27,770,1787.84,Shipped
ORD004221,P0295,S012,2026-05-28,18,4849.78,Shipped
ORD004222,P0330,S006,2026-06-04,785,627.39,Cancelled
ORD004223,P0280,S036,2026-05-13,83,2660.67,Cancelled
ORD004224,P0002,S043,2026-05-26,440,1175.17,Processing
ORD004225,P0347,S038,2026-06-18,808,1444.63,Processing
ORD004226,P0271,S034,2026-04-09,284,2937.57,Cancelled
ORD004227,P0012,S026,2026-08-08,415,1305.76,Delivered
ORD004228,P0434,S007,2026-06-20,837,512.77,Delivered
ORD004229,P0047,S011,2026-05-09,835,4392.03,Shipped
ORD004230,P0337,S048,2026-05-13,286,420.49,Processing
ORD004231,P0442,S002,2026-05-26,122,3544.08,Delivered
ORD004232,P0313,S048,2026-06-11,974,2644.18,Delivered
ORD004233,P0255,S010,2026-05-24,103,3570.51,Cancelled
ORD004234,P0030,S013,2026-04-06,168,321.79,Processing
ORD004235,P0305,S029,2026-04-19,564,4142.08,Delivered
ORD004236,P0046,S018,2026-04-13,34,4692.41,Processing
ORD004237,P0471,S031,2026-06-08,833,592.71,Delivered
ORD004238,P0255,S048,2026-09-16,102,2952.57,Cancelled
ORD004239,P0285,S027,2026-09-06,47,3905.56,Delivered
ORD004240,P0388,S025,2026-09-01,906,4637.29,Shipped
ORD004241,P0367,S040,2026-09-15,770,4953.22,Shipped
ORD004242,P0298,S042,2026-04-18,292,4228.55,Cancelled
ORD004243,P0169,S024,2026-08-05,944,57.03,Delivered
ORD004244,P0106,S029,2026-04-12,349,1125.05,Processing
ORD004245,P0062,S002,2026-09-20,484,4613.89,Cancelled
ORD004246,P0382,S001,2026-08-04,483,696.63,Cancelled
ORD004247,P0390,S004,2026-08-24,733,1141.22,Delivered
ORD004248,P0055,S028,2026-07-08,29,2767.1,Delivered
ORD004249,P0241,S010,2026-08-28,133,4469.85,Cancelled
ORD004250,P0247,S032,2026-05-27,794,611.87,Processing
ORD004251,P0174,S015,2026-07-26,42,2242.57,Cancelled
ORD004252,P0443,S007,2026-08-14,922,4515.66,Processing
ORD004253,P0281,S001,2026-06-05,690,3616.75,Shipped
ORD004254,P0239,S033,2026-06-22,33,83.51,Shipped
ORD004255,P0445,S019,2026-09-11,199,3994.03,Processing
ORD004256,P0449,S026,2026-05-17,988,939.25,Delivered
ORD004257,P0300,S003,2026-07-02,809,4966.64,Cancelled
ORD004258,P0181,S030,2026-08-12,266,1998.07,Cancelled
ORD004259,P0200,S029,2026-03-29,699,3416.37,Delivered
ORD004260,P0318,S045,2026-07-13,122,1237.08,Shipped
ORD004261,P0384,S010,2026-09-18,92,1616.05,Delivered
ORD004262,P0459,S020,2026-07-06,844,734.51,Delivered
ORD004263,P0246,S001,2026-03-25,223,996.15,Delivered
ORD004264,P0268,S050,2026-09-06,265,4465.01,Processing
ORD004265,P0435,S014,2026-06-04,720,3742.81,Delivered
ORD004266,P0276,S015,2026-08-29,592,693.4,Shipped
ORD004267,P0034,S015,2026-07-30,25,60.99,Delivered
ORD004268,P0308,S005,2026-07-10,834,87.2,Processing
ORD004269,P0076,S007,2026-04-04,378,4558.84,Cancelled
ORD004270,P0369,S024,2026-07-23,782,4039.64,Cancelled
ORD004271,P0149,S026,2026-09-18,731,3973.0,Processing
ORD004272,P0445,S040,2026-09-10,884,1656.67,Shipped
ORD004273,P0047,S006,2026-08-11,4,1636.0,Delivered
ORD004274,P0467,S032,2026-06-02,431,1305.29,Processing
ORD004275,P0259,S038,2026-07-27,807,2128.19,Delivered
ORD004276,P0242,S016,2026-06-13,566,1691.43,Delivered
ORD004277,P0280,S050,2026-04-28,79,4530.11,Cancelled
ORD004278,P0414,S007,2026-06-16,138,1178.71,Shipped
ORD004279,P0255,S033,2026-08-15,101,1713.42,Shipped
ORD004280,P0193,S041,2026-05-02,47,3814.51,Cancelled
ORD004281,P0117,S047,2026-05-04,393,104.12,Shipped
ORD004282,P0223,S049,2026-06-06,756,4214.45,Shipped
ORD004283,P0217,S050,2026-06-03,474,2348.13,Delivered
ORD004284,P0034,S029,2026-06-23,105,146.31,Processing
ORD004285,P0424,S033,2026-04-08,475,621.29,Cancelled
ORD004286,P0387,S042,2026-05-30,493,2662.48,Processing
ORD004287,P0341,S047,2026-07-25,63,1090.4,Cancelled
ORD004288,P0158,S015,2026-06-13,543,89.57,Processing
ORD004289,P0152,S005,2026-07-15,861,1515.55,Shipped
ORD004290,P0236,S043,2026-09-20,186,1922.78,Processing
ORD004291,P0089,S022,2026-08-15,266,3855.18,Cancelled
ORD004292,P0271,S026,2026-09-15,152,4468.58,Processing
ORD004293,P0265,S020,2026-08-13,47,2248.99,Cancelled
ORD004294,P0070,S001,2026-05-27,457,3266.99,Cancelled
ORD004295,P0106,S010,2026-09-14,490,4728.52,Processing
ORD004296,P0107,S047,2026-06-18,-50,4834.81,Cancelled
ORD004297,P0214,S045,2026-07-23,142,1797.09,Processing
ORD004298,P0458,S034,2026-05-18,442,3612.96,Cancelled
ORD004299,P0027,S027,2026-08-26,918,3362.39,Delivered
ORD004300,P0265,S034,2026-05-30,403,2960.7,Processing
ORD004301,P0030,S045,2026-05-08,343,3903.06,Processing
ORD004302,P0004,S023,2026-05-29,808,136.74,Processing
ORD004303,P0103,S037,2026-07-23,429,3713.6,Shipped
ORD004304,P0438,S029,2026-08-23,440,4758.21,Delivered
ORD004305,P0099,S044,2026-06-12,672,3691.95,Cancelled
ORD004306,P0030,S048,2026-07-17,486,2505.96,Cancelled
ORD004307,P0364,S022,2026-07-29,353,1280.91,Cancelled
ORD004308,P0301,S046,2026-04-12,884,147.83,Shipped
ORD004309,P0433,S012,2026-04-30,489,1058.19,Cancelled
ORD004310,P0234,S047,2026-04-26,212,909.51,Processing
ORD004311,P0484,S042,2026-05-07,151,2415.91,Delivered
ORD004312,P0428,S030,2026-04-12,851,1861.25,Cancelled
ORD004313,P0311,S008,2026-07-11,992,2464.18,Cancelled
ORD004314,P0030,S050,2026-05-05,302,796.5,Shipped
ORD004315,P0148,S018,2026-04-22,858,2766.91,Processing
ORD004316,P0192,S012,2026-04-01,963,526.79,Cancelled
ORD004317,P0005,S014,2026-08-19,599,4283.82,Processing
ORD004318,P0016,S012,2026-05-10,765,2071.91,Delivered
ORD004319,P0456,S018,2026-04-17,189,3396.26,Shipped
ORD004320,P0425,S005,2026-07-28,63,2117.29,Delivered
ORD004321,P0231,S030,2026-04-11,905,4436.43,Delivered
ORD004322,P0413,S006,2026-05-18,410,4620.02,Cancelled
ORD004323,P0455,S022,2026-04-03,702,63.79,Delivered
ORD004324,P0299,S013,2026-06-06,214,931.9,Cancelled
ORD004325,P0130,S018,2026-05-09,386,2892.08,Delivered
ORD004326,P0082,S037,2026-07-14,286,3914.77,Cancelled
ORD004327,P0469,S036,2026-05-24,6,2704.26,Delivered
ORD004328,P0388,S021,2026-07-03,267,313.72,Shipped
ORD004329,P0374,S040,2026-08-28,838,4933.34,Shipped
ORD004330,P0358,S039,2026-04-20,225,3693.42,Processing
ORD004331,P0237,S045,2026-04-25,162,4956.62,Cancelled
ORD004332,P0277,S006,2026-05-09,164,4475.09,Delivered
ORD004333,P0114,S023,2026-07-01,668,248.31,Cancelled
ORD004334,P0065,S028,2026-04-08,736,2104.71,Cancelled
ORD004335,P0170,S011,2026-09-05,465,4316.43,Shipped
ORD004336,P0106,S038,2026-06-23,501,1331.23,Shipped
ORD004337,P0232,S047,2026-03-29,1,2533.27,Cancelled
ORD004338,P0418,S001,2026-06-09,429,3743.44,Shipped
ORD004339,P0434,S002,2026-07-07,174,232.53,Delivered
ORD004340,P0367,S007,2026-09-10,579,4799.55,Processing
ORD004341,P0024,S011,2026-08-23,191,3860.52,Shipped
ORD004342,P0452,S016,2026-06-08,635,172.55,Shipped
ORD004343,P0294,S003,2026-08-09,599,1133.6,Processing
ORD004344,P0491,S013,2026-06-21,254,1039.39,Delivered
ORD004345,P0126,S023,2026-05-05,69,213.28,Shipped
ORD004346,P0413,S022,2026-09-06,353,4269.0,Delivered
ORD004347,P0317,S047,2026-04-22,232,4946.66,Shipped
ORD004348,P0408,S046,2026-06-16,700,4488.34,Processing
ORD004349,P0298,S033,2026-07-05,833,2776.38,Shipped
ORD004350,P0402,S014,2026-09-17,639,976.27,Processing
ORD004351,P0449,S011,2026-05-12,302,4250.51,Cancelled
ORD004352,P0304,S028,2026-05-04,136,46.14,Delivered
ORD004353,P0289,S048,2026-06-20,759,2696.45,Processing
ORD004354,P0065,S018,2026-04-24,771,1358.41,Processing
ORD004355,P0030,S029,2026-08-19,799,1673.37,Cancelled
ORD004356,P0465,S040,2026-06-12,616,3077.79,Delivered
ORD004357,P0074,S016,2026-04-23,991,2487.1,Processing
ORD004358,P0247,S030,2026-04-12,317,2944.11,Shipped
ORD004359,P0034,S001,2026-05-03,394,919.44,Shipped
ORD004360,P0048,S037,2026-09-04,209,4509.42,Shipped
ORD004361,P0408,S007,2026-08-30,601,670.87,Cancelled
ORD004362,P0039,S045,2026-07-16,235,508.37,Shipped
ORD004363,P0370,S026,2026-05-22,132,4721.33,Shipped
ORD004364,P0164,S010,2026-07-23,684,4266.7,Cancelled
ORD004365,P0197,S007,2026-05-27,919,4529.47,Delivered
ORD004366,P0218,S008,2026-08-29,460,4045.17,Processing
ORD004367,P0003,S037,2026-03-30,608,800.11,Shipped
ORD004368,P0448,S009,2026-06-12,277,314.81,Processing
ORD004369,P0055,S005,2026-09-20,363,3458.51,Shipped
ORD004370,P0006,S021,2026-06-22,97,1361.82,Processing
ORD004371,P0298,S041,2026-04-18,108,1504.57,Delivered
ORD004372,P0436,S029,2026-08-03,497,4587.45,Cancelled
ORD004373,P0072,S017,2026-09-03,478,3031.27,Processing
ORD004374,P0355,S048,2026-06-27,258,4301.25,Processing
ORD004375,P0257,S035,2026-04-16,242,3543.9,Shipped
ORD004376,P0409,S044,2026-08-31,330,3505.06,Delivered
ORD004377,P0093,S048,2026-08-22,950,4845.94,Shipped
ORD004378,P0248,S032,2026-08-09,43,2162.8,Cancelled
ORD004379,P0102,S014,2026-08-18,902,1180.05,Processing
ORD004380,P0302,S036,2026-08-21,441,1777.91,Shipped
ORD004381,P0483,S004,2026-08-29,170,1708.06,Shipped
ORD004382,P0141,S004,2026-07-12,905,2603.63,Shipped
ORD004383,P0272,S013,2026-08-05,850,3696.7,Processing
ORD004384,P0359,S028,2026-06-14,728,3970.74,Processing
ORD004385,P0404,S012,2026-07-05,19,3700.88,Shipped
ORD004386,P0247,S009,2026-07-03,675,2926.66,Processing
ORD004387,P0157,S014,2026-06-24,883,3902.9,Shipped
ORD004388,P0042,S038,2026-06-27,402,852.18,Processing
ORD004389,P0094,S023,2026-05-07,9,3777.36,Processing
ORD004390,P0374,S043,2026-06-22,957,3181.79,Processing
ORD004391,P0229,S012,2026-06-08,566,2061.83,Shipped
ORD004392,P0331,S001,2026-05-09,93,4256.9,Processing
ORD004393,P0126,S018,2026-05-04,90,1444.49,Processing
ORD004394,P0006,S001,2026-08-23,621,3513.81,Cancelled
ORD004395,P0088,S045,2026-07-02,455,208.39,Cancelled
ORD004396,P0001,S017,2026-07-04,941,4156.91,Shipped
ORD004397,P0493,S038,2026-04-06,370,2157.24,Processing
ORD004398,P0245,S019,2026-04-10,663,206.3,Processing
ORD004399,P0039,S004,2026-08-28,756,3803.69,Processing
ORD004400,P0190,S049,2026-05-25,206,2698.33,Processing
ORD004401,P0083,S020,2026-04-27,857,2323.76,Delivered
ORD004402,P0114,S025,2026-08-22,873,38.89,Delivered
ORD004403,P0495,S002,2026-07-09,955,2649.09,Cancelled
ORD004404,P0338,S003,2026-07-26,329,2005.87,Cancelled
ORD004405,P0473,S044,2026-04-21,767,2095.75,Delivered
ORD004406,P0500,S028,2026-07-23,892,657.7,Shipped
ORD004407,P0363,S034,2026-05-18,731,4697.57,Delivered
ORD004408,P0294,S021,2026-03-27,234,2320.51,Processing
ORD004409,P0217,S006,2026-06-01,456,4132.55,Processing
ORD004410,P0345,S008,2026-05-20,211,4915.36,Processing
ORD004411,P0059,S001,2026-07-07,659,4684.91,Shipped
ORD004412,P0365,S006,2026-06-04,989,2182.01,Processing
ORD004413,P0367,S007,2026-05-14,399,1751.34,Shipped
ORD004414,P0469,S048,2026-04-22,202,2304.24,Cancelled
ORD004415,P0338,S025,2026-07-22,536,1816.44,Cancelled
ORD004416,P0217,S045,2026-04-01,214,3952.3,Shipped
ORD004417,P0320,S003,2026-05-09,839,1394.44,Cancelled
ORD004418,P0243,S021,2026-04-10,879,1707.5,Cancelled
ORD004419,P0045,S032,2026-03-29,635,3081.32,Processing
ORD004420,P0154,S045,2026-05-07,188,215.47,Processing
ORD004421,P0287,S015,2026-06-05,456,1545.19,Shipped
ORD004422,P0394,S032,2026-04-12,173,1102.93,Shipped
ORD004423,P0400,S022,2026-07-11,816,989.89,Cancelled
ORD004424,P0131,S029,2026-08-17,584,3806.67,Delivered
ORD004425,P0184,S019,2026-05-05,792,2684.97,Processing
ORD004426,P0432,S049,2026-06-28,141,2095.93,Delivered
ORD004427,P0353,S030,2026-06-03,178,997.32,Cancelled
ORD004428,P0137,S005,2026-09-20,669,70.32,Delivered
ORD004429,P0174,S015,2026-08-23,513,4373.24,Shipped
ORD004430,P0380,S018,2026-07-25,179,465.94,Shipped
ORD004431,P0165,S050,2026-05-23,605,3021.0,Delivered
ORD004432,P0400,S015,2026-08-19,489,2672.82,Shipped
ORD004433,P0219,S004,2026-09-12,313,2448.76,Cancelled
ORD004434,P0151,S015,2026-04-17,467,2530.89,Shipped
ORD004435,P0109,S030,2026-06-02,53,1986.93,Cancelled
ORD004436,P0278,S049,2026-04-14,463,4217.77,Shipped
ORD004437,P0132,S027,2026-07-08,870,2342.1,Cancelled
ORD004438,P0207,S036,2026-05-22,947,4047.58,Delivered
ORD004439,P0338,S020,2026-06-26,904,3473.09,Shipped
ORD004440,P0383,S039,2026-08-03,585,177.45,Delivered
ORD004441,P0232,S031,2026-05-01,947,3481.93,Delivered
ORD004442,P0398,S034,2026-03-26,316,1679.26,Cancelled
ORD004443,P0431,S036,2026-09-06,395,111.96,Processing
ORD004444,P0211,S049,2026-06-25,904,2147.74,Shipped
ORD004445,P0117,S046,2026-04-02,254,2226.59,Cancelled
ORD004446,P0261,S016,2026-08-22,217,144.98,Cancelled
ORD004447,P0226,S043,2026-09-05,217,121.04,Cancelled
ORD004448,P0359,S008,2026-07-22,562,4665.75,Processing
ORD004449,P0216,S027,2026-05-09,910,4289.53,Shipped
ORD004450,P0315,S002,2026-04-13,790,2564.38,Cancelled
ORD004451,P0112,S033,2026-06-16,779,1654.16,Delivered
ORD004452,P0242,S049,2026-07-01,211,2867.48,Processing
ORD004453,P0349,S011,2026-06-09,714,2580.04,Cancelled
ORD004454,P0013,S048,2026-07-04,865,1581.41,Shipped
ORD004455,P0433,S043,2026-03-29,653,1520.39,Processing
ORD004456,P0425,S008,2026-04-28,712,2282.5,Shipped
ORD004457,P0439,S036,2026-09-05,433,3827.32,Delivered
ORD004458,P0443,S026,2026-08-10,700,3619.21,Delivered
ORD004459,P0201,S014,2026-07-06,192,4196.29,Delivered
ORD004460,P0391,S011,2026-07-04,592,4655.35,Delivered
ORD004461,P0099,S038,2026-07-23,596,894.78,Delivered
ORD004462,P0291,S035,2026-09-12,953,807.09,Delivered
ORD004463,P0079,S027,2026-08-14,720,1621.06,Processing
ORD004464,P0238,S006,2026-05-22,469,3690.31,Delivered
ORD004465,P0217,S020,2026-08-07,626,1319.45,Cancelled
ORD004466,P0150,S011,2026-08-21,31,1039.17,Processing
ORD004467,P0346,S050,2026-04-15,244,4788.63,Shipped
ORD004468,P0328,S039,2026-09-15,709,106.2,Shipped
ORD004469,P0397,S037,2026-06-23,626,4892.19,Cancelled
ORD004470,P0195,S039,2026-03-30,184,326.91,Shipped
ORD004471,P0225,S013,2026-08-08,3,1845.64,Processing
ORD004472,P0119,S036,2026-06-01,935,2568.02,Shipped
ORD004473,P0403,S016,2026-09-08,832,280.97,Processing
ORD004474,P0348,S048,2026-09-17,78,2334.88,Delivered
ORD004475,P0242,S033,2026-07-08,881,4637.84,Cancelled
ORD004476,P0193,S042,2026-09-02,278,3319.99,Delivered
ORD004477,P0453,S042,2026-06-19,541,2903.69,Delivered
ORD004478,P0195,S042,2026-04-19,872,1270.46,Processing
ORD004479,P0262,S006,2026-09-07,337,17.35,Cancelled
ORD004480,P0059,S031,2026-04-04,56,4685.21,Processing
ORD004481,P0323,S020,2026-07-07,44,2236.87,Delivered
ORD004482,P0016,S033,2026-05-15,645,2701.71,Delivered
ORD004483,P0082,S026,2026-07-18,154,2648.17,Cancelled
ORD004484,P0090,S042,2026-08-11,892,3854.27,Shipped
ORD004485,P0168,S049,2026-08-05,970,160.65,Delivered
ORD004486,P0076,S034,2026-07-19,520,3302.26,Shipped
ORD004487,P0095,S042,2026-08-15,663,2339.96,Shipped
ORD004488,P0039,S027,2026-04-15,553,20.89,Delivered
ORD004489,P0453,S025,2026-08-24,880,559.79,Cancelled
ORD004490,P0201,S009,2026-07-05,16,2791.77,Processing
ORD004491,P0123,S040,2026-03-28,123,2286.88,Processing
ORD004492,P0100,S044,2026-07-09,923,4412.99,Shipped
ORD004493,P0112,S021,2026-05-31,823,2978.36,Processing
ORD004494,P0130,S022,2026-09-04,535,3405.53,Cancelled
ORD004495,P0042,S012,2026-03-25,12,3681.57,Shipped
ORD004496,P0477,S043,2026-09-09,147,1498.3,Shipped
ORD004497,P0209,S039,2026-05-18,20,2931.98,Processing
ORD004498,P0235,S024,2026-05-20,255,54.69,Shipped
ORD004499,P0232,S026,2026-08-16,843,4083.65,Delivered
ORD004500,P0313,S025,2026-05-26,665,3807.61,Delivered
ORD004501,P0471,S049,2026-04-26,301,1218.99,Shipped
ORD004502,P0433,S049,2026-04-27,913,3451.63,Delivered
ORD004503,P0182,S015,2026-06-22,716,3822.85,Shipped
ORD004504,P0386,S006,2026-07-30,717,2668.61,Cancelled
ORD004505,P0399,S018,2026-06-26,696,91.18,Processing
ORD004506,P0424,S045,2026-07-04,279,4203.6,Processing
ORD004507,P0181,S046,2026-04-23,584,2264.33,Cancelled
ORD004508,P0266,S024,2026-05-26,284,4695.96,Cancelled
ORD004509,P0078,S013,2026-07-07,984,644.59,Cancelled
ORD004510,P0196,S026,2026-04-02,827,2323.33,Cancelled
ORD004511,P0300,S005,2026-06-04,133,1870.44,Shipped
ORD004512,P0419,S032,2026-08-16,992,4557.74,Processing
ORD004513,P0384,S004,2026-04-27,975,1290.3,Cancelled
ORD004514,P0085,S027,2026-05-10,578,3103.21,Delivered
ORD004515,P0214,S026,2026-06-30,75,4832.83,Cancelled
ORD004516,P0097,S023,2026-05-08,387,3055.26,Processing
ORD004517,P0469,S048,2026-08-21,618,3957.72,Processing
ORD004518,P0165,S049,2026-05-18,567,3676.67,Cancelled
ORD004519,P0264,S030,2026-08-13,728,2482.21,Processing
ORD004520,P0470,S050,2026-06-27,445,71.66,Delivered
ORD004521,P0131,S034,2026-05-26,177,253.79,Shipped
ORD004522,P0417,S016,2026-08-26,98,1643.58,Processing
ORD004523,P0044,S010,2026-08-24,130,2018.23,Delivered
ORD004524,P0460,S005,2026-03-25,297,1494.48,Cancelled
ORD004525,P0076,S040,2026-07-04,742,3737.49,Delivered
ORD004526,P0380,S042,2026-06-10,678,1141.88,Delivered
ORD004527,P0375,S037,2026-06-04,73,1096.46,Delivered
ORD004528,P0105,S034,2026-03-28,832,2878.81,Shipped
ORD004529,P0462,S041,2026-05-01,864,2722.38,Processing
ORD004530,P0303,S040,2026-04-01,554,2179.55,Shipped
ORD004531,P0197,S020,2026-09-11,164,3713.99,Processing
ORD004532,P0466,S001,2026-06-07,338,3109.21,Processing
ORD004533,P0266,S012,2026-04-07,240,1690.8,Processing
ORD004534,P0292,S032,2026-03-31,437,2146.25,Delivered
ORD004535,P0483,S017,2026-08-30,573,4529.66,Cancelled
ORD004536,P0469,S037,2026-04-25,963,4884.06,Delivered
ORD004537,P0439,S024,2026-09-06,412,2674.4,Delivered
ORD004538,P0243,S043,2026-04-14,374,1237.56,Delivered
ORD004539,P0316,S027,2026-07-16,419,511.52,Cancelled
ORD004540,P0171,S031,2026-08-17,157,3790.9,Shipped
ORD004541,P0159,S016,2026-03-25,815,4697.49,Cancelled
ORD004542,P0062,S046,2026-05-28,168,1596.76,Delivered
ORD004543,P0100,S031,2026-09-08,677,3097.18,Cancelled
ORD004544,P0007,,2026-04-17,509,2456.06,Processing
ORD004545,P0087,S005,2026-09-04,509,4952.99,Shipped
ORD004546,P0116,S027,2026-04-08,89,3790.27,Processing
ORD004547,P0076,S045,2026-04-04,342,4168.3,Delivered
ORD004548,P0102,S034,2026-08-22,496,974.95,Cancelled
ORD004549,P0098,S020,2026-04-03,750,927.4,Shipped
ORD004550,P0141,S029,2026-06-11,294,2754.25,Delivered
ORD004551,P0253,S028,2026-06-01,27,2225.22,Cancelled
ORD004552,P0397,S015,2026-04-25,323,4932.36,Delivered
ORD004553,P0429,S031,2026-09-17,424,1613.55,Delivered
ORD004554,P0323,S003,2026-07-22,941,3443.43,Shipped
ORD004555,P0248,S045,2026-04-15,245,4805.46,Processing
ORD004556,P0304,S023,2026-08-08,81,1347.24,Cancelled
ORD004557,P0498,S017,2026-05-12,38,3029.04,Delivered
ORD004558,P0407,S023,2026-08-13,522,17.26,Shipped
ORD004559,P0380,S006,2026-08-10,747,3685.66,Delivered
ORD004560,P0459,S029,2026-06-14,267,1363.53,Cancelled
ORD004561,P0188,S016,2026-09-11,617,3335.36,Cancelled
ORD004562,P0332,S032,2026-04-05,841,2369.25,Delivered
ORD004563,P0006,S038,2026-06-04,252,4462.38,Delivered
ORD004564,P0164,S020,2026-06-11,121,2702.49,Delivered
ORD004565,P0310,S046,2026-05-26,560,756.56,Delivered
ORD004566,P0013,S044,2026-08-09,215,2946.95,Cancelled
ORD004567,P0393,S048,2026-05-04,749,209.13,Shipped
ORD004568,P0284,S026,2026-08-10,701,4743.11,Delivered
ORD004569,P0228,S035,2026-09-08,554,72.11,Cancelled
ORD004570,P0081,S039,2026-06-14,715,1696.35,Cancelled
ORD004571,P0355,S028,2026-06-04,727,3005.56,Processing
ORD004572,P0176,S047,2026-05-23,428,669.43,Delivered
ORD004573,P0310,S030,2026-05-11,308,1325.6,Delivered
ORD004574,P0465,S033,2026-07-30,922,276.57,Cancelled
ORD004575,P0022,S033,2026-07-26,738,4825.12,Cancelled
ORD004576,P0306,S011,2026-04-03,43,4895.45,Delivered
ORD004577,P0359,S040,2026-08-24,95,2708.85,Shipped
ORD004578,P0041,S006,2026-05-19,205,3406.94,Processing
ORD004579,P0194,S007,2026-07-01,99,1683.08,Shipped
ORD004580,P0174,S036,2026-08-12,49,1721.12,Cancelled
ORD004581,P0096,S043,2026-05-24,123,566.08,Cancelled
ORD004582,P0152,S030,2026-04-01,818,3421.88,Processing
ORD004583,P0010,S021,2026-04-30,232,3007.09,Cancelled
ORD004584,P0004,S031,2026-09-13,489,4760.35,Shipped
ORD004585,P0152,S031,2026-06-03,744,3494.14,Delivered
ORD004586,P0348,S044,2026-08-07,792,696.56,Processing
ORD004587,P0228,S049,2026-04-13,66,1453.48,Delivered
ORD004588,P0294,S022,2026-08-29,747,1226.97,Shipped
ORD004589,P0449,S032,2026-07-09,824,1943.55,Cancelled
ORD004590,P0447,S027,2026-04-26,185,1248.5,Cancelled
ORD004591,P0187,S015,2026-03-24,1000,77.91,Cancelled
ORD004592,P0379,S035,2026-04-11,309,92.05,Shipped
ORD004593,P0417,S036,2026-07-26,929,2247.64,Processing
ORD004594,P0265,S026,2026-07-01,50,1659.91,Delivered
ORD004595,P0122,S003,2026-07-02,406,1985.09,Cancelled
ORD004596,P0190,S003,2026-03-26,133,3657.36,Delivered
ORD004597,P0325,S028,2026-09-05,273,4188.72,Delivered
ORD004598,P0441,S014,2026-03-26,601,228.57,Delivered
ORD004599,P0031,S048,2026-05-05,243,3199.08,Processing
ORD004600,P0070,S002,2026-06-25,623,1318.84,Processing
ORD004601,P0103,S050,2026-09-16,966,2305.74,Shipped
ORD004602,P0240,S045,2026-08-16,612,1839.67,Delivered
ORD004603,P0333,S012,2026-08-18,993,1968.19,Delivered
ORD004604,P0367,S035,2026-08-30,441,224.56,Cancelled
ORD004605,P0470,S032,2026-06-21,957,1483.43,Shipped
ORD004606,P0416,S018,2026-05-28,646,2956.77,Processing
ORD004607,P0164,S019,2026-04-04,766,2788.62,Shipped
ORD004608,P0147,S022,2026-09-17,231,2573.84,Delivered
ORD004609,P0009,S041,2026-08-13,575,612.67,Cancelled
ORD004610,P0323,S023,2026-06-21,543,1064.69,Shipped
ORD004611,P0204,S026,2026-06-16,161,4336.11,Shipped
ORD004612,P0064,S032,2026-05-01,632,2480.26,Shipped
ORD004613,P0209,S025,2026-09-19,13,1181.32,Cancelled
ORD004614,P0416,S027,2026-04-19,861,706.3,Cancelled
ORD004615,P0230,S001,2026-03-31,304,2250.06,Processing
ORD004616,P0462,S026,2026-07-09,17,664.1,Shipped
ORD004617,P0188,S033,2026-04-09,374,145.59,Shipped
ORD004618,P0349,S001,2026-05-13,70,2211.68,Delivered
ORD004619,P0255,S007,2026-07-10,324,2122.0,Shipped
ORD004620,P0226,S037,2026-08-05,64,1873.36,Processing
ORD004621,P0155,S005,2026-05-28,215,1234.02,Shipped
ORD004622,P0227,S037,2026-06-10,272,292.51,Cancelled
ORD004623,P0375,S048,2026-05-30,375,1076.83,Shipped
ORD004624,P0481,S030,2026-09-17,598,281.53,Cancelled
ORD004625,P0294,S048,2026-04-24,82,3794.77,Cancelled
ORD004626,P0494,S048,2026-07-13,960,1508.72,Cancelled
ORD004627,P0110,S028,2026-08-19,339,1947.83,Delivered
ORD004628,P0121,S013,2026-08-12,903,1618.12,Cancelled
ORD004629,P0322,S043,2026-05-30,573,2305.43,Delivered
ORD004630,P0352,S030,2026-06-27,51,3862.26,Processing
ORD004631,P0245,S031,2026-09-17,821,3657.87,Shipped
ORD004632,P0439,S001,2026-05-25,826,3215.52,Processing
ORD004633,P0014,S039,2026-05-04,369,2168.11,Processing
ORD004634,P0098,S010,2026-05-18,707,3535.28,Cancelled
ORD004635,P0403,S044,2026-05-17,137,1059.56,Cancelled
ORD004636,P0133,S003,2026-06-06,191,4344.2,Processing
ORD004637,P0123,S049,2026-06-14,168,4079.23,Cancelled
ORD004638,P0317,S038,2026-06-28,669,942.29,Processing
ORD004639,P0243,S016,2026-07-14,637,4665.93,Processing
ORD004640,P0370,S035,2026-05-20,889,1697.36,Processing
ORD004641,P0070,S016,2026-04-04,703,919.98,Delivered
ORD004642,P0353,S001,2026-05-27,67,2122.17,Processing
ORD004643,P0390,S012,2026-05-21,529,1401.71,Processing
ORD004644,P0493,S020,2026-05-17,507,3302.62,Processing
ORD004645,P0005,S044,2026-08-26,495,1663.68,Shipped
ORD004646,P0169,S018,2026-04-14,707,1717.06,Cancelled
ORD004647,P0469,S029,2026-04-07,332,2187.72,Delivered
ORD004648,P0283,S015,2026-05-14,128,156.98,Cancelled
ORD004649,P0126,S014,2026-06-04,690,782.08,Cancelled
ORD004650,P0372,S050,2026-08-31,155,4568.92,Cancelled
ORD004651,P0240,S030,2026-07-17,224,1026.72,Delivered
ORD004652,P0454,S047,2026-07-08,519,3502.22,Delivered
ORD004653,P0206,S020,2026-07-03,748,2395.93,Cancelled
ORD004654,P0107,S036,2026-03-24,371,271.28,Cancelled
ORD004655,P0172,S040,2026-04-01,321,855.63,Shipped
ORD004656,P0323,S019,2026-04-27,87,3642.35,Delivered
ORD004657,P0243,S046,2026-09-03,305,3642.34,Processing
ORD004658,P0139,S002,2026-07-28,692,3243.54,Cancelled
ORD004659,P0401,S049,2026-07-23,376,2536.63,Cancelled
ORD004660,P0216,S009,2026-07-18,381,2850.18,Delivered
ORD004661,P0426,S011,2026-07-12,15,4215.42,Processing
ORD004662,P0208,S013,2026-09-20,825,2546.7,Shipped
ORD004663,P0434,S026,2026-09-02,905,4776.45,Shipped
ORD004664,P0374,S005,2026-07-07,290,2872.65,Shipped
ORD004665,P0305,S032,2026-06-12,662,2935.13,Delivered
ORD004666,P0474,S014,2026-08-04,602,3497.92,Cancelled
ORD004667,P0430,S035,2026-08-18,726,1396.2,Delivered
ORD004668,P0307,S046,2026-05-28,519,2141.97,Shipped
ORD004669,P0008,S019,2026-06-12,612,3513.98,Processing
ORD004670,P0422,S027,2026-04-29,794,4363.24,Shipped
ORD004671,P0066,S009,2026-05-18,764,1119.93,Shipped
ORD004672,P0052,S009,2026-06-29,104,793.17,Delivered
ORD004673,P0444,S007,2026-09-09,338,3083.43,Shipped
ORD004674,P0129,S002,2026-05-21,5,3502.02,Processing
ORD004675,P0231,S028,2026-09-15,760,3498.07,Processing
ORD004676,P0466,S013,2026-04-28,837,2961.98,Shipped
ORD004677,P0154,S012,2026-07-29,847,4448.62,Processing
ORD004678,P0204,S046,2026-06-19,473,3735.15,Cancelled
ORD004679,P0434,S033,2026-04-09,793,2510.92,Processing
ORD004680,P0105,S029,2026-04-25,539,3218.37,Cancelled
ORD004681,P0169,S043,2026-04-07,560,4862.93,Shipped
ORD004682,P0199,S034,2026-04-10,51,1928.25,Delivered
ORD004683,P0358,S047,2026-05-14,262,2881.92,Shipped
ORD004684,P0157,S030,2026-07-04,766,4897.91,Shipped
ORD004685,P0013,S049,2026-07-02,696,1629.59,Cancelled
ORD004686,P0228,S040,2026-09-15,276,2841.17,Cancelled
ORD004687,P0453,S044,2026-05-12,555,1214.79,Delivered
ORD004688,P0440,S029,2026-08-29,158,1014.64,Delivered
ORD004689,P0430,S035,2026-04-05,61,2873.91,Processing
ORD004690,P0043,S025,2026-07-08,411,670.72,Delivered
ORD004691,P0166,S023,2026-07-09,923,1600.09,Cancelled
ORD004692,P0260,S027,2026-09-15,974,1396.14,Cancelled
ORD004693,P0475,S034,2026-09-10,970,1999.0,Shipped
ORD004694,P0455,S032,2026-06-23,361,508.38,Processing
ORD004695,P0241,S028,2026-05-28,282,38.55,Delivered
ORD004696,P0269,S029,2026-06-30,346,2609.89,Cancelled
ORD004697,P0439,S009,2026-08-06,299,3419.63,Shipped
ORD004698,P0213,S025,2026-04-11,362,1284.22,Delivered
ORD004699,P0090,S017,2026-05-02,883,1519.66,Delivered
ORD004700,P0302,S040,2026-08-02,484,4665.44,Delivered
ORD004701,P0411,S013,2026-04-29,207,2651.13,Cancelled
ORD004702,P0263,S050,2026-03-28,239,4184.12,Cancelled
ORD004703,P0374,S005,2026-04-03,464,109.2,Processing
ORD004704,P0100,S003,2026-07-06,904,3114.83,Shipped
ORD004705,P0470,S014,2026-05-02,525,3218.51,Delivered
ORD004706,P0024,S045,2026-05-07,341,3659.3,Processing
ORD004707,P0312,S050,2026-03-31,894,1397.11,Delivered
ORD004708,P0138,S043,2026-05-17,593,70.46,Cancelled
ORD004709,P0034,S039,2026-09-03,488,2985.92,Cancelled
ORD004710,P0431,S018,2026-04-27,345,4950.26,Shipped
ORD004711,P0108,S024,2026-04-21,399,3050.87,Delivered
ORD004712,P0163,S003,2026-06-08,476,1031.17,Cancelled
ORD004713,P0252,S020,2026-09-16,522,4868.68,Delivered
ORD004714,P0165,S032,2026-08-17,656,3199.4,Processing
ORD004715,P0129,S044,2026-08-17,20,4442.47,Delivered
ORD004716,P0337,S028,2026-04-28,2,851.24,Shipped
ORD004717,P0076,S042,2026-06-01,893,4045.62,Delivered
ORD004718,P0497,S006,2026-05-22,363,4557.62,Processing
ORD004719,P0267,S018,2026-06-17,626,4209.24,Delivered
ORD004720,P0098,S020,2026-07-21,158,213.94,Delivered
ORD004721,P0381,S029,2026-08-15,681,2304.58,Shipped
ORD004722,P0224,S030,2026-08-07,372,3052.22,Delivered
ORD004723,P0159,S005,2026-09-08,526,4497.78,Shipped
ORD004724,P0268,S047,2026-09-15,163,1015.32,Processing
ORD004725,P0164,S042,2026-08-26,533,4370.22,Shipped
ORD004726,P0293,S027,2026-04-20,163,1231.02,Processing
ORD004727,P0498,S028,2026-05-06,32,3686.78,Shipped
ORD004728,P0193,S046,2026-08-11,638,3786.15,Processing
ORD004729,P0216,S031,2026-07-19,300,4641.18,Processing
ORD004730,P0435,S029,2026-04-18,198,3501.97,Cancelled
ORD004731,P0094,S038,2026-07-05,219,3289.44,Delivered
ORD004732,P0048,S034,2026-06-27,946,4468.68,Delivered
ORD004733,P0277,S033,2026-07-21,154,1481.56,Processing
ORD004734,P0422,S024,2026-06-29,842,1706.03,Shipped
ORD004735,P0319,S036,2026-07-08,608,4181.52,Cancelled
ORD004736,P0121,S009,2026-05-02,472,3627.41,Processing
ORD004737,P0243,S008,2026-09-07,462,3127.12,Delivered
ORD004738,P0453,S011,2026-05-01,234,2362.92,Delivered
ORD004739,P0363,S049,2026-04-02,439,1588.63,Shipped
ORD004740,P0322,S041,2026-08-09,459,287.59,Shipped
ORD004741,P0229,S038,2026-07-21,331,3519.3,Delivered
ORD004742,P0406,S029,2026-08-31,431,2487.03,Shipped
ORD004743,P0304,S034,2026-05-14,80,4944.28,Delivered
ORD004744,P0384,S014,2026-07-17,474,2575.8,Shipped
ORD004745,P0034,S021,2026-08-20,506,3016.62,Shipped
ORD004746,P0262,S039,2026-06-26,781,3563.92,Cancelled
ORD004747,P0208,S036,2026-05-05,216,2532.58,Cancelled
ORD004748,P0106,S034,2026-07-07,24,4307.61,Delivered
ORD004749,P0246,S026,2026-09-15,82,763.18,Cancelled
ORD004750,P0056,S012,2026-09-14,118,4678.91,Delivered
ORD004751,P0436,S022,2026-09-01,756,450.2,Delivered
ORD004752,P0476,S037,2026-05-02,663,3947.67,Cancelled
ORD004753,P0402,S049,2026-09-07,101,2558.61,Processing
ORD004754,P0333,S032,2026-03-30,8,4577.89,Cancelled
ORD004755,P0019,S008,2026-08-23,49,2278.86,Processing
ORD004756,P0247,S050,2026-05-19,151,2951.5,Processing
ORD004757,P0284,S039,2026-07-01,915,1162.53,Shipped
ORD004758,P0262,S043,2026-09-20,953,4249.19,Shipped
ORD004759,P0462,S030,2026-08-26,944,240.64,Shipped
ORD004760,P0216,S032,2026-04-04,336,2306.61,Cancelled
ORD004761,P0401,S047,2026-08-03,886,1134.18,Processing
ORD004762,P0182,S045,2026-06-18,457,76.22,Cancelled
ORD004763,P0121,S048,2026-07-15,104,3832.05,Processing
ORD004764,P0166,S022,2026-04-18,349,3164.31,Shipped
ORD004765,P0347,S003,2026-07-14,367,643.62,Delivered
ORD004766,P0245,S040,2026-08-05,618,3380.75,Processing
ORD004767,P0141,S046,2026-08-03,842,1407.98,Delivered
ORD004768,P0189,S033,2026-06-11,551,1054.09,Delivered
ORD004769,P0033,S020,2026-06-11,910,2422.15,Delivered
ORD004770,P0471,S045,2026-09-06,105,3765.19,Processing
ORD004771,P0407,S021,2026-09-05,872,255.61,Cancelled
ORD004772,P0228,S008,2026-08-08,333,3142.65,Cancelled
ORD004773,P0309,S005,2026-08-07,762,197.0,Cancelled
ORD004774,P0317,S029,2026-07-17,551,276.65,Processing
ORD004775,P0328,S020,2026-05-22,824,3892.11,Shipped
ORD004776,P0219,S033,2026-06-23,299,1324.39,Cancelled
ORD004777,P0415,S019,2026-08-18,26,4575.75,Processing
ORD004778,P0372,S028,2026-07-10,977,1497.83,Delivered
ORD004779,P0222,S014,2026-04-09,961,682.22,Shipped
ORD004780,P0112,S049,2026-07-24,511,2535.1,Processing
ORD004781,P0182,S038,2026-04-23,968,2496.12,Cancelled
ORD004782,P0470,S011,2026-09-20,616,4550.96,Processing
ORD004783,P0225,S015,2026-09-09,107,2550.13,Processing
ORD004784,P0070,S037,2026-04-02,850,452.75,Shipped
ORD004785,P0339,S020,2026-09-20,658,826.75,Processing
ORD004786,P0090,S020,2026-05-21,93,1885.82,Shipped
ORD004787,P0282,S023,2026-04-10,642,3696.94,Processing
ORD004788,P0222,S025,2026-08-20,25,4734.2,Processing
ORD004789,P0150,S025,2026-06-08,867,2360.0,Shipped
ORD004790,P0091,S047,2026-07-01,126,1733.43,Shipped
ORD004791,P0146,S042,2026-08-10,85,4608.67,Cancelled
ORD004792,P0380,S040,2026-05-31,118,2129.23,Cancelled
ORD004793,P0173,S001,2026-03-24,972,816.19,Processing
ORD004794,P0263,S043,2026-04-12,97,2028.4,Delivered
ORD004795,P0428,S019,2026-09-05,913,4992.18,Processing
ORD004796,P0429,S018,2026-06-08,684,2402.77,Delivered
ORD004797,P0303,S017,2026-09-20,837,2816.64,Cancelled
ORD004798,P0148,S002,2026-07-17,754,4981.16,Processing
ORD004799,P0208,S019,2026-08-08,681,3188.24,Processing
ORD004800,P0395,S002,2026-05-14,832,766.3,Shipped
ORD004801,P0295,S047,2026-03-31,662,2929.86,Processing
ORD004802,P0286,S013,2026-04-22,426,1891.79,Cancelled
ORD004803,P0308,S048,2026-04-24,387,4949.84,Cancelled
ORD004804,P0488,S005,2026-07-13,2,706.35,Shipped
ORD004805,P0469,S016,2026-07-02,285,877.74,Delivered
ORD004806,P0407,S009,2026-04-27,137,3403.45,Processing
ORD004807,P0315,S038,2026-05-31,558,207.69,Processing
ORD004808,P0498,S028,2026-07-14,568,1111.33,Cancelled
ORD004809,P0184,S040,2026-07-26,759,90.57,Cancelled
ORD004810,P0315,S005,2026-07-17,336,757.1,Shipped
ORD004811,P0417,S026,2026-06-02,124,1379.0,Delivered
ORD004812,P0085,S014,2026-08-28,252,3886.55,Shipped
ORD004813,P0235,S020,2026-04-09,872,1983.31,Shipped
ORD004814,P0452,S020,2026-07-13,144,4344.08,Cancelled
ORD004815,P0057,S036,2026-04-06,393,1239.2,Processing
ORD004816,P0112,S005,2026-06-29,582,2926.94,Shipped
ORD004817,P0196,S040,2026-09-04,649,1680.93,Processing
ORD004818,P0094,S032,2026-09-03,702,2198.97,Shipped
ORD004819,P0153,S039,2026-04-16,47,141.37,Shipped
ORD004820,P0499,S012,2026-03-24,761,4009.89,Shipped
ORD004821,P0374,S047,2026-04-09,214,4160.4,Shipped
ORD004822,P0474,S044,2026-06-05,262,4376.27,Cancelled
ORD004823,P0073,S012,2026-07-25,547,4553.92,Processing
ORD004824,P0001,S020,2026-08-17,481,3777.59,Processing
ORD004825,P0130,S024,2026-04-09,283,1896.07,Delivered
ORD004826,P0352,S031,2026-06-27,300,2905.5,Processing
ORD004827,P0184,S006,2026-05-01,118,1310.96,Cancelled
ORD004828,P0265,S030,2026-08-05,604,4121.26,Processing
ORD004829,P0069,S045,2026-04-09,9,1454.67,Shipped
ORD004830,P0125,S029,2026-06-05,508,3256.65,Cancelled
ORD004831,P0264,S013,2026-04-17,54,3494.84,Shipped
ORD004832,P0027,S004,2026-07-30,103,3618.2,Cancelled
ORD004833,P0044,S020,2026-05-25,212,2915.66,Shipped
ORD004834,P0481,S005,2026-04-16,257,1151.91,Cancelled
ORD004835,P0212,S011,2026-08-07,647,528.38,Delivered
ORD004836,P0409,S036,2026-07-26,80,2748.48,Delivered
ORD004837,P0315,S043,2026-04-04,416,3158.0,Shipped
ORD004838,P0155,S009,2026-07-10,339,3807.32,Delivered
ORD004839,P0329,S036,2026-07-06,668,4190.88,Processing
ORD004840,P0421,S038,2026-07-11,673,997.63,Delivered
ORD004841,P0483,S017,2026-06-27,184,3536.58,Processing
ORD004842,P0207,S003,2026-03-27,55,931.58,Delivered
ORD004843,P0491,S033,2026-05-10,443,4372.65,Shipped
ORD004844,P0010,S044,2026-09-18,335,4578.41,Processing
ORD004845,P0148,S048,2026-05-06,98,488.23,Processing
ORD004846,P0207,S027,2026-03-30,492,192.97,Shipped
ORD004847,P0132,S021,2026-04-12,757,2948.23,Processing
ORD004848,P0049,S026,2026-03-28,435,4465.25,Processing
ORD004849,P0073,S009,2026-08-03,139,4265.87,Shipped
ORD004850,P0017,S021,2026-04-02,238,4346.61,Processing
ORD004851,P0341,S012,2026-05-10,49,1868.47,Processing
ORD004852,P0015,S007,2026-09-07,984,3319.64,Delivered
ORD004853,P0059,S049,2026-04-12,213,1287.57,Shipped
ORD004854,P0115,S037,2026-05-16,104,970.29,Processing
ORD004855,P0093,S034,2026-06-25,388,4777.23,Delivered
ORD004856,P0082,S016,2026-05-17,751,2992.55,Shipped
ORD004857,P0348,S019,2026-07-07,342,639.94,Shipped
ORD004858,P0257,S026,2026-05-10,306,3864.85,Shipped
ORD004859,P0227,S028,2026-08-27,813,34.83,Shipped
ORD004860,P0263,S028,2026-08-20,440,974.7,Processing
ORD004861,P0374,S038,2026-04-06,974,1789.48,Cancelled
ORD004862,P0326,S043,2026-07-18,485,3129.26,Processing
ORD004863,P0339,S037,2026-06-02,564,3188.51,Shipped
ORD004864,P0319,S031,2026-05-08,851,1167.95,Cancelled
ORD004865,P0172,S045,2026-04-16,182,4986.42,Cancelled
ORD004866,P0417,S022,2026-06-26,577,4236.84,Shipped
ORD004867,P0392,S025,2026-07-26,984,796.95,Processing
ORD004868,P0262,S004,2026-09-03,635,4581.45,Cancelled
ORD004869,P0054,S018,2026-06-08,485,3915.95,Shipped
ORD004870,P0128,S026,2026-05-19,870,2912.21,Shipped
ORD004871,P0148,S029,2026-05-03,797,4962.22,Shipped
ORD004872,P0223,S047,2026-07-02,326,3337.95,Shipped
ORD004873,P0288,S038,2026-05-16,716,3450.1,Cancelled
ORD004874,P0391,S041,2026-04-25,902,3831.7,Shipped
ORD004875,P0079,S019,2026-05-26,208,4388.37,Cancelled
ORD004876,P0473,S038,2026-07-28,155,1496.07,Shipped
ORD004877,P0042,S011,2026-07-23,657,2293.76,Cancelled
ORD004878,P0382,S041,2026-05-13,561,4656.79,Shipped
ORD004879,P0109,S043,2026-06-01,294,2060.01,Shipped
ORD004880,P0384,S028,2026-07-30,253,3347.09,Delivered
ORD004881,P0402,S007,2026-07-07,403,3656.34,Processing
ORD004882,P0290,S031,2026-06-07,605,3198.19,Delivered
ORD004883,P0050,S023,2026-07-08,882,1130.77,Delivered
ORD004884,P0202,S033,2026-04-18,672,991.7,Cancelled
ORD004885,P0015,S016,2026-04-15,24,2490.54,Processing
ORD004886,P0067,S025,2026-07-23,61,2362.94,Processing
ORD004887,P0483,S007,2026-03-25,281,2686.16,Cancelled
ORD004888,P0491,S036,2026-07-25,926,3560.78,Processing
ORD004889,P0375,S018,2026-06-30,588,1047.95,Processing
ORD004890,P0147,S026,2026-04-24,803,990.33,Shipped
ORD004891,P0204,S012,2026-07-15,332,3215.8,Processing
ORD004892,P0426,S041,2026-08-19,169,1949.12,Shipped
ORD004893,P0385,S026,2026-06-20,211,4586.63,Processing
ORD004894,P0056,S030,2026-08-24,143,3742.78,Shipped
ORD004895,P0111,S026,2026-03-26,841,2867.56,Delivered
ORD004896,P0057,S012,2026-09-10,658,2073.92,Cancelled
ORD004897,P0291,S030,2026-06-06,91,3105.91,Cancelled
ORD004898,P0014,S027,2026-09-12,699,4446.14,Processing
ORD004899,P0169,S015,2026-05-18,615,563.58,Delivered
ORD004900,P0056,S011,2026-07-01,359,3928.48,Delivered
ORD004901,P0206,S050,2026-04-22,736,1242.02,Shipped
ORD004902,P0018,S049,2026-08-20,773,415.71,Processing
ORD004903,P0140,S018,2026-05-22,221,2386.43,Cancelled
ORD004904,P0337,S014,2026-07-25,980,3431.4,Delivered
ORD004905,P0024,S037,2026-06-04,559,3987.74,Shipped
ORD004906,P0373,S004,2026-04-15,978,365.08,Cancelled
ORD004907,P0308,S014,2026-07-28,39,378.83,Shipped
ORD004908,P0047,S007,2026-08-10,411,62.01,Shipped
ORD004909,P0336,S046,2026-08-19,605,3317.95,Delivered
ORD004910,P0025,S020,2026-03-30,672,4495.8,Processing
ORD004911,P0078,S034,2026-04-02,576,4155.66,Cancelled
ORD004912,P0475,S008,2026-07-08,414,4580.73,Delivered
ORD004913,P0449,S040,2026-04-11,617,207.38,Shipped
ORD004914,P0063,S050,2026-04-29,206,1296.51,Shipped
ORD004915,P0284,S017,2026-06-09,910,788.12,Delivered
ORD004916,P0164,S013,2026-05-16,77,2133.08,Cancelled
ORD004917,P0344,S007,2026-08-15,498,4188.29,Delivered
ORD004918,P0472,S035,2026-05-15,392,303.22,Shipped
ORD004919,P0051,S045,2026-07-25,905,441.19,Cancelled
ORD004920,P0105,S009,2026-04-22,802,3530.07,Shipped
ORD004921,P0070,S020,2026-03-28,928,2325.01,Delivered
ORD004922,P0497,S034,2026-05-04,569,4016.99,Delivered
ORD004923,P0048,S008,2026-06-06,136,4203.51,Cancelled
ORD004924,P0154,S021,2026-09-01,140,4544.11,Delivered
ORD004925,P0110,S028,2026-08-26,488,4247.17,Shipped
ORD004926,P0195,S019,2026-07-27,881,2149.23,Delivered
ORD004927,P0284,S006,2026-05-24,39,4590.67,Cancelled
ORD004928,P0315,S008,2026-06-09,674,4929.51,Delivered
ORD004929,P0147,S011,2026-08-18,256,3210.66,Delivered
ORD004930,P0146,S004,2026-06-21,78,3552.83,Delivered
ORD004931,P0112,S022,2026-06-17,53,2060.71,Cancelled
ORD004932,P0095,S025,2026-09-09,69,2038.53,Shipped
ORD004933,P0173,S011,2026-06-20,331,885.75,Cancelled
ORD004934,P0458,S005,2026-06-11,3,703.26,Shipped
ORD004935,P0250,S047,2026-06-04,829,334.37,Cancelled
ORD004936,P0278,S039,2026-08-20,722,3071.77,Shipped
ORD004937,P0200,S039,2026-07-11,290,2538.35,Processing
ORD004938,P0016,S024,2026-04-07,109,2958.33,Shipped
ORD004939,P0232,S023,2026-07-12,962,3320.41,Cancelled
ORD004940,P0188,S024,2026-05-16,797,2529.28,Processing
ORD004941,P0230,S041,2026-05-10,742,441.25,Processing
ORD004942,P0207,S009,2026-07-01,779,3270.52,Cancelled
ORD004943,P0014,S017,2026-06-25,392,4371.08,Cancelled
ORD004944,P0340,S003,2026-03-29,85,1477.36,Shipped
ORD004945,P0430,S015,2026-04-21,6,4934.27,Cancelled
ORD004946,P0332,S027,2026-08-01,882,908.36,Delivered
ORD004947,P0263,S029,2026-09-19,797,4042.05,Delivered
ORD004948,P0496,S041,2026-03-24,833,2065.13,Delivered
ORD004949,P0140,S049,2026-09-12,103,2434.45,Processing
ORD004950,P0242,S027,2026-03-25,173,968.95,Delivered
ORD004951,P0180,S043,2026-04-24,166,708.63,Processing
ORD004952,P0076,S012,2026-08-12,180,2784.77,Shipped
ORD004953,P0275,S018,2026-03-27,483,1640.44,Processing
ORD004954,P0099,S023,2026-08-05,621,2959.37,Shipped
ORD004955,P0001,S018,2026-04-01,95,204.68,Shipped
ORD004956,P0310,S008,2026-07-17,234,1871.4,Delivered
ORD004957,P0060,S016,2026-09-20,356,3338.4,Shipped
ORD004958,P0164,S050,2026-05-12,967,2220.55,Processing
ORD004959,P0393,S042,2026-05-05,544,2964.32,Delivered
ORD004960,P0149,S008,2026-07-13,655,3504.04,Shipped
ORD004961,P0285,S003,2026-07-27,614,3798.26,Processing
ORD004962,P0066,S035,2026-03-31,18,4258.92,Delivered
ORD004963,P0053,S040,2026-06-08,295,4551.07,Shipped
ORD004964,P0155,S005,2026-05-25,628,1671.25,Processing
ORD004965,P0390,S007,2026-08-01,953,3282.37,Shipped
ORD004966,P0285,S027,2026-07-22,820,2276.12,Processing
ORD004967,P0019,S012,2026-08-11,88,3211.38,Processing
ORD004968,P0198,S015,2026-03-29,775,1728.32,Delivered
ORD004969,P0117,S030,2026-09-12,572,2930.06,Delivered
ORD004970,P0075,S007,2026-09-10,228,4121.3,Cancelled
ORD004971,P0477,S016,2026-05-27,842,3605.28,Delivered
ORD004972,P0417,S022,2026-06-13,566,1622.58,Shipped
ORD004973,P0402,S024,2026-07-28,607,2865.1,Delivered
ORD004974,P0389,S018,2026-08-10,192,2883.8,Delivered
ORD004975,P0309,S028,2026-07-09,581,3191.79,Shipped
ORD004976,P0458,S010,2026-06-23,533,3042.61,Cancelled
ORD004977,P0194,S005,2026-03-27,746,251.87,Shipped
ORD004978,P0236,S016,2026-07-09,240,2267.21,Shipped
ORD004979,P0228,S003,2026-06-27,85,2001.38,Processing
ORD004980,P0213,S006,2026-07-15,949,1121.13,Delivered
ORD004981,P0301,S036,2026-06-08,60,708.67,Processing
ORD004982,P0011,S033,2026-09-02,288,980.31,Cancelled
ORD004983,P0315,S011,2026-08-28,656,3068.22,Cancelled
ORD004984,P0138,S020,2026-06-07,471,3871.62,Cancelled
ORD004985,P0166,S001,2026-05-09,545,1417.1,Processing
ORD004986,P0381,S010,2026-05-24,923,1260.16,Processing
ORD004987,P0263,S001,2026-06-09,786,169.23,Delivered
ORD004988,P0364,S009,2026-07-18,316,561.95,Shipped
ORD004989,P0127,S026,2026-06-19,615,548.98,Shipped
ORD004990,P0235,S019,2026-06-12,867,4783.87,Delivered
ORD004991,P0090,S032,2026-06-30,577,4046.87,Delivered
ORD004992,P0143,S011,2026-05-04,378,2266.37,Processing
ORD004993,P0114,S043,2026-05-17,148,3106.71,Shipped
ORD004994,P0308,S019,2026-09-12,368,914.6,Processing
ORD004995,P0165,S041,2026-04-14,551,4608.9,Processing
ORD004996,P0199,S015,2026-08-05,48,1404.88,Processing
ORD004997,P0223,S026,2026-08-25,189,4525.06,Delivered
ORD004998,P0081,S007,2026-07-15,498,1484.5,Processing
ORD004999,P0072,S009,2026-08-24,28,1517.16,Cancelled
ORD005000,P0278,S050,2026-07-20,182,4526.81,Shipped
ORD005001,P0124,S038,2026-09-15,181,4500.24,Cancelled
ORD005002,P0108,S031,2026-08-25,880,4952.68,Delivered
ORD005003,P0114,S009,2026-07-03,840,1781.21,Delivered
ORD005004,P0063,S015,2026-05-18,601,792.89,Delivered
ORD005005,P0273,S050,2026-06-09,961,4108.4,Delivered
ORD005006,P0078,S003,2026-05-10,429,485.15,Delivered
ORD005007,P0296,S016,2026-04-20,659,1225.16,Shipped
ORD005008,P0116,S032,2026-08-29,619,2441.2,Delivered
ORD005009,P0030,S042,2026-03-24,23,927.2,Shipped
ORD005010,P0051,S025,2026-07-12,150,929.19,Shipped
ORD005011,P0367,S046,2026-06-28,694,1411.06,Cancelled
ORD005012,P0264,S048,2026-04-09,378,1775.95,Shipped
ORD005013,P0373,S029,2026-03-24,594,4987.53,Processing
ORD005014,P0001,S019,2026-05-21,813,3900.38,Processing
ORD005015,P0381,S015,2026-04-27,85,4812.24,Cancelled
ORD005016,P0470,S035,2026-07-21,787,386.59,Shipped
ORD005017,P0149,S029,2026-06-28,752,1446.82,Processing
ORD005018,P0007,S048,2026-07-15,122,3078.54,Shipped
ORD005019,P0347,S040,2026-05-13,717,4563.07,Delivered
ORD005020,P0232,S032,2026-09-11,439,4846.29,Cancelled
ORD005021,P0030,S023,2026-06-19,182,3297.58,Cancelled
ORD005022,P0065,S002,2026-04-10,803,2881.74,Delivered
ORD005023,P0332,S021,2026-09-19,489,2741.73,Cancelled
ORD005024,P0038,S047,2026-09-09,640,308.77,Processing
ORD005025,P0036,S044,2026-05-25,117,1960.05,Cancelled
ORD005026,P0198,S041,2026-03-30,846,2394.34,Cancelled
ORD005027,P0172,S016,2026-05-15,139,764.33,Cancelled
ORD005028,P0277,S023,2026-04-24,600,785.01,Processing
ORD005029,P0420,S041,2026-06-28,530,3605.1,Shipped
ORD005030,P0113,S032,2026-07-08,86,424.8,Processing
ORD005031,P0160,S013,2026-08-26,23,209.81,Processing
ORD005032,P0426,S022,2026-07-18,792,4542.57,Processing
ORD005033,P0360,S045,2026-05-25,75,1043.82,Shipped
ORD005034,P0177,S039,2026-07-13,675,3135.58,Cancelled
ORD005035,P0314,S014,2026-06-29,130,4854.78,Shipped
ORD005036,P0252,S043,2026-04-19,568,1016.51,Cancelled
ORD005037,P0176,S037,2026-07-07,74,4413.1,Shipped
ORD005038,P0471,S034,2026-05-16,143,215.81,Delivered
ORD005039,P0342,S002,2026-06-02,835,1945.3,Shipped
ORD005040,P0359,S028,2026-05-04,403,1471.26,Cancelled
ORD005041,P0444,S015,2026-07-15,893,4438.56,Delivered
ORD005042,P0250,S012,2026-04-29,287,1586.45,Shipped
ORD005043,P0493,S016,2026-05-19,501,4751.41,Shipped
ORD005044,P0201,S021,2026-09-12,953,3759.34,Cancelled
ORD005045,P0134,S034,2026-07-07,452,2561.43,Cancelled
ORD005046,P0085,S018,2026-05-03,834,4012.83,Shipped
ORD005047,P0426,S008,2026-06-26,23,1541.07,Processing
ORD005048,P0003,S027,2026-06-12,593,656.77,Cancelled
ORD005049,P0197,S035,2026-06-15,952,1675.68,Delivered
ORD005050,P0420,S044,2026-04-29,56,4333.18,Processing
ORD005051,P0449,S027,2026-07-16,729,2466.03,Processing
ORD005052,P0360,S002,2026-06-13,629,2209.84,Processing
ORD005053,P0351,S018,2026-05-28,888,701.03,Processing
ORD005054,P0057,S020,2026-08-18,448,4344.7,Shipped
ORD005055,P0096,S010,2026-03-25,807,987.46,Cancelled
ORD005056,P0282,S045,2026-07-20,958,4274.46,Delivered
ORD005057,P0467,S023,2026-06-05,996,2468.81,Cancelled
ORD005058,P0192,S008,2026-04-28,885,2603.56,Delivered
ORD005059,P0013,,2026-07-19,236,3252.15,Processing
ORD005060,P0150,S029,2026-04-16,569,3406.37,Processing
ORD005061,P0099,S029,2026-05-25,661,3658.37,Processing
ORD005062,P0029,S037,2026-09-17,716,3518.77,Shipped
ORD005063,P0368,S026,2026-04-09,500,2007.0,Cancelled
ORD005064,P0203,S013,2026-03-27,417,3154.4,Processing
ORD005065,P0219,S013,2026-08-04,5,572.99,Processing
ORD005066,P0014,S004,2026-05-01,913,4441.7,Shipped
ORD005067,P0471,S018,2026-07-30,130,1944.61,Shipped
ORD005068,P0105,S014,2026-08-10,771,1070.46,Cancelled
ORD005069,P0296,S025,2026-09-12,24,4735.51,Processing
ORD005070,P0277,S039,2026-09-16,416,2498.84,Delivered
ORD005071,P0106,S025,2026-09-18,9,4260.59,Shipped
ORD005072,P0470,S019,2026-08-26,913,2179.98,Processing
ORD005073,P0288,S024,2026-03-30,940,2102.34,Delivered
ORD005074,P0444,S013,2026-04-22,150,1315.14,Shipped
ORD005075,P0465,S037,2026-04-16,953,1083.59,Delivered
ORD005076,P0497,S001,2026-09-07,80,550.32,Shipped
ORD005077,P0201,S008,2026-06-06,487,1731.45,Delivered
ORD005078,P0450,S004,2026-08-09,222,4758.78,Delivered
ORD005079,P0131,S041,2026-06-05,70,315.64,Delivered
ORD005080,P0124,S005,2026-06-01,357,2034.28,Shipped
ORD005081,P0352,S014,2026-04-12,854,1657.56,Delivered
ORD005082,P0264,S042,2026-06-02,223,2391.79,Cancelled
ORD005083,P0181,S033,2026-06-13,52,993.45,Delivered
ORD005084,P0473,S026,2026-04-19,529,4657.67,Cancelled
ORD005085,P0230,S008,2026-06-04,499,4205.57,Cancelled
ORD005086,P0135,S003,2026-08-11,94,4810.71,Delivered
ORD005087,P0455,S030,2026-05-02,810,4560.37,Delivered
ORD005088,P0460,S039,2026-07-05,540,3472.64,Processing
ORD005089,P0360,S007,2026-07-25,447,476.11,Shipped
ORD005090,P0476,S025,2026-08-03,435,4904.95,Cancelled
ORD005091,P0044,S037,2026-04-21,585,2355.41,Cancelled
ORD005092,P0183,S038,2026-07-14,754,3566.91,Processing
ORD005093,P0102,S011,2026-09-09,424,337.71,Delivered
ORD005094,P0443,S002,2026-06-14,341,4848.54,Processing
ORD005095,P0098,S017,2026-06-27,366,3221.68,Delivered
ORD005096,P0179,S028,2026-08-21,336,2204.26,Processing
ORD005097,P0190,S016,2026-08-10,374,4759.76,Processing
ORD005098,P0336,S038,2026-08-19,789,3807.81,Processing
ORD005099,P0082,S025,2026-06-04,410,3300.7,Delivered
ORD005100,P0464,S050,2026-07-21,718,2415.07,Delivered
ORD005101,P0349,S022,2026-04-10,553,4073.78,Cancelled
ORD005102,P0281,S032,2026-07-11,620,4346.34,Delivered
ORD005103,P0004,S010,2026-05-14,808,2582.04,Processing
ORD005104,P0462,S030,2026-05-03,184,2400.16,Cancelled
ORD005105,P0304,S036,2026-07-12,831,3240.27,Shipped
ORD005106,P0036,S041,2026-06-13,380,4056.92,Delivered
ORD005107,P0164,S009,2026-05-05,896,2594.12,Shipped
ORD005108,P0055,S016,2026-07-11,5,4020.92,Cancelled
ORD005109,P0482,S001,2026-05-11,549,4581.33,Cancelled
ORD005110,P0454,S047,2026-04-25,863,49.78,Cancelled
ORD005111,P0285,S046,2026-05-20,865,842.92,Cancelled
ORD005112,P0241,S030,2026-07-23,942,3737.01,Delivered
ORD005113,P0450,S049,2026-04-23,514,1469.52,Shipped
ORD005114,P0355,S047,2026-04-25,493,3265.84,Cancelled
ORD005115,P0001,S050,2026-05-13,618,316.78,Cancelled
ORD005116,P0075,S005,2026-04-14,50,4138.13,Shipped
ORD005117,P0100,S019,2026-04-29,692,1458.43,Processing
ORD005118,P0494,S004,2026-09-13,358,3696.91,Cancelled
ORD005119,P0340,S029,2026-09-17,481,478.74,Cancelled
ORD005120,P0348,S038,2026-04-23,597,3158.18,Delivered
ORD005121,P0187,S046,2026-06-28,625,2178.17,Cancelled
ORD005122,P0395,S030,2026-07-05,417,1487.02,Cancelled
ORD005123,P0438,S016,2026-08-05,200,1444.98,Shipped
ORD005124,P0009,S040,2026-03-28,731,1839.56,Processing
ORD005125,P0484,S009,2026-06-04,691,1905.51,Shipped
ORD005126,P0400,S030,2026-05-13,640,1009.45,Processing
ORD005127,P0429,S006,2026-04-25,594,388.93,Shipped
ORD005128,P0320,S046,2026-05-25,14,2298.69,Shipped
ORD005129,P0146,S031,2026-09-17,688,1223.8,Delivered
ORD005130,P0172,S032,2026-04-22,808,3206.29,Delivered
ORD005131,P0465,S022,2026-04-14,39,3728.66,Delivered
ORD005132,P0036,S026,2026-04-04,726,4145.73,Processing
ORD005133,P0005,S002,2026-07-09,517,173.16,Cancelled
ORD005134,P0287,S037,2026-06-21,735,1052.59,Shipped
ORD005135,P0466,S022,2026-07-21,613,2284.01,Processing
ORD005136,P0164,S019,2026-05-19,520,2506.96,Processing
ORD005137,P0252,S006,2026-06-23,615,942.59,Shipped
ORD005138,P0207,S031,2026-08-17,584,465.54,Shipped
ORD005139,P0125,S046,2026-06-30,518,4621.39,Cancelled
ORD005140,P0348,S016,2026-06-04,832,787.27,Processing
ORD005141,P0483,S032,2026-04-16,710,702.16,Cancelled
ORD005142,P0187,S010,2026-07-10,798,2597.05,Shipped
ORD005143,P0276,S022,2026-07-02,271,4292.97,Processing
ORD005144,P0343,S009,2026-07-29,298,23.04,Delivered
ORD005145,P0451,S048,2026-09-16,692,3292.57,Delivered
ORD005146,P0201,S043,2026-08-10,51,440.94,Cancelled
ORD005147,P0164,S006,2026-03-28,604,130.2,Shipped
ORD005148,P0107,S010,2026-06-03,508,4388.28,Cancelled
ORD005149,P0104,S047,2026-09-06,59,4396.75,Processing
ORD005150,P0164,S027,2026-05-23,866,3280.72,Processing
ORD005151,P0307,S046,2026-06-29,781,4164.7,Processing
ORD005152,P0046,S004,2026-03-27,59,3614.69,Delivered
ORD005153,P0421,S039,2026-08-05,603,1181.63,Cancelled
ORD005154,P0059,S047,2026-08-04,4,4049.62,Shipped
ORD005155,P0496,S003,2026-08-07,178,2638.37,Processing
ORD005156,P0358,S018,2026-06-17,67,1682.16,Processing
ORD005157,P0350,S004,2026-08-30,637,3700.58,Delivered
ORD005158,P0362,S015,2026-05-30,649,2222.97,Cancelled
ORD005159,P0125,S050,2026-04-15,428,1975.6,Delivered
ORD005160,P0404,S006,2026-08-02,144,4925.38,Cancelled
ORD005161,P0035,S023,2026-08-04,874,4920.87,Shipped
ORD005162,P0458,S045,2026-07-19,263,3847.83,Delivered
ORD005163,P0467,S046,2026-06-20,226,377.51,Delivered
ORD005164,P0179,S044,2026-04-02,562,4734.92,Processing
ORD005165,P0442,S040,2026-03-26,444,2491.0,Processing
ORD005166,P0230,S040,2026-08-25,516,1458.18,Processing
ORD005167,P0286,S038,2026-04-17,128,3737.51,Processing
ORD005168,P0217,S039,2026-09-10,239,2377.11,Cancelled
ORD005169,P0332,S002,2026-06-23,776,3645.08,Cancelled
ORD005170,P0219,S031,2026-07-26,707,4335.2,Cancelled
ORD005171,P0204,S009,2026-07-24,674,2658.54,Processing
ORD005172,P0475,S016,2026-07-06,443,2728.29,Shipped
ORD005173,P0045,S047,2026-03-30,671,1988.6,Processing
ORD005174,P0474,S026,2026-07-19,177,2964.7,Processing
ORD005175,P0222,S028,2026-07-10,455,2578.47,Delivered
ORD005176,P0359,S045,2026-08-16,200,2243.26,Cancelled
ORD005177,P0487,S026,2026-04-14,837,1631.07,Processing
ORD005178,P0470,S042,2026-08-11,617,3383.13,Delivered
ORD005179,P0150,S038,2026-07-20,598,1216.77,Shipped
ORD005180,P0275,S007,2026-08-15,139,1624.06,Cancelled
ORD005181,P0239,S010,2026-07-24,445,1620.35,Cancelled
ORD005182,P0152,S002,2026-06-29,563,4194.64,Shipped
ORD005183,P0013,S021,2026-08-07,31,4622.15,Shipped
ORD005184,P0396,S029,2026-04-24,112,4460.79,Cancelled
ORD005185,P0248,S036,2026-06-16,597,950.47,Delivered
ORD005186,P0303,S023,2026-04-28,889,1988.44,Delivered
ORD005187,P0273,S029,2026-08-07,83,3244.95,Shipped
ORD005188,P0220,S003,2026-08-05,58,4366.46,Shipped
ORD005189,P0003,S046,2026-04-04,618,926.34,Shipped
ORD005190,P0361,S041,2026-08-23,186,2619.04,Cancelled
ORD005191,P0428,S032,2026-08-14,358,3200.87,Delivered
ORD005192,P0120,S042,2026-08-31,18,3871.97,Processing
ORD005193,P0064,S007,2026-03-28,749,4387.17,Shipped
ORD005194,P0007,S005,2026-09-02,660,2540.81,Delivered
ORD005195,P0141,S011,2026-07-28,586,3773.63,Delivered
ORD005196,P0339,S042,2026-07-04,616,1729.7,Processing
ORD005197,P0117,S013,2026-05-04,418,3027.59,Delivered
ORD005198,P0288,S002,2026-09-02,394,849.06,Delivered
ORD005199,P0401,S032,2026-03-27,655,985.87,Processing
ORD005200,P0403,S012,2026-05-29,927,1930.62,Cancelled
ORD005201,P0133,S045,2026-04-28,825,2875.35,Shipped
ORD005202,P0241,S048,2026-05-24,651,1448.52,Delivered
ORD005203,P0415,S021,2026-09-18,507,4421.81,Delivered
ORD005204,P0391,S018,2026-09-04,313,1961.23,Shipped
ORD005205,P0348,S050,2026-07-06,931,2485.23,Delivered
ORD005206,P0278,S032,2026-06-29,808,1049.31,Shipped
ORD005207,P0482,S024,2026-05-27,225,1279.39,Delivered
ORD005208,P0195,S042,2026-06-03,440,4482.65,Cancelled
ORD005209,P0475,S033,2026-06-22,204,3334.62,Shipped
ORD005210,P0102,S019,2026-07-31,576,3709.63,Processing
ORD005211,P0482,S023,2026-09-09,671,2739.69,Cancelled
ORD005212,P0082,S027,2026-09-01,853,2477.67,Cancelled
ORD005213,P0425,S020,2026-07-02,531,1572.82,Processing
ORD005214,P0441,S043,2026-03-31,831,2309.01,Shipped
ORD005215,P0242,S001,2026-08-05,947,2544.38,Shipped
ORD005216,P0082,S050,2026-05-25,906,3255.72,Processing
ORD005217,P0425,S042,2026-09-08,258,1510.82,Cancelled
ORD005218,P0354,S022,2026-08-23,888,2682.5,Shipped
ORD005219,P0391,S047,2026-03-30,810,1534.95,Delivered
ORD005220,P0370,S003,2026-06-24,611,882.59,Shipped
ORD005221,P0238,S011,2026-07-04,751,4115.43,Delivered
ORD005222,P0101,S018,2026-07-19,177,4589.65,Processing
ORD005223,P0024,S045,2026-08-16,479,2239.71,Cancelled
ORD005224,P0433,S038,2026-04-29,323,1355.51,Shipped
ORD005225,P0322,S044,2026-09-10,5,1216.03,Delivered
ORD005226,P0216,S009,2026-04-09,344,2799.88,Shipped
ORD005227,P0182,S003,2026-04-21,693,671.95,Delivered
ORD005228,P0176,S002,2026-06-08,674,933.11,Delivered
ORD005229,P0108,S022,2026-06-11,233,4424.74,Processing
ORD005230,P0306,S017,2026-07-20,791,3422.06,Processing
ORD005231,P0385,S032,2026-05-20,636,4293.78,Shipped
ORD005232,P0041,S047,2026-05-11,743,4529.18,Delivered
ORD005233,P0123,S043,2026-04-29,362,2884.76,Shipped
ORD005234,P0206,S023,2026-05-05,190,4425.75,Shipped
ORD005235,P0283,S028,2026-05-01,861,3381.46,Processing
ORD005236,P0177,S008,2026-09-10,709,265.05,Shipped
ORD005237,P0115,S034,2026-07-28,198,2774.5,Shipped
ORD005238,P0150,S022,2026-06-21,978,410.43,Cancelled
ORD005239,P0409,S039,2026-04-03,844,4545.2,Delivered
ORD005240,P0119,S021,2026-08-20,97,401.18,Shipped
ORD005241,P0425,S023,2026-06-20,321,3781.44,Processing
ORD005242,P0233,S045,2026-09-16,33,4619.79,Cancelled
ORD005243,P0243,S012,2026-04-27,557,4227.55,Cancelled
ORD005244,P0103,S016,2026-07-18,453,1258.4,Delivered
ORD005245,P0434,S006,2026-04-28,684,1594.13,Cancelled
ORD005246,P0494,S028,2026-06-27,737,3612.35,Processing
ORD005247,P0132,S007,2026-07-10,178,3768.75,Delivered
ORD005248,P0132,S034,2026-08-02,122,2560.71,Cancelled
ORD005249,P0082,S001,2026-07-02,604,3110.97,Delivered
ORD005250,P0293,S015,2026-07-10,86,3021.5,Cancelled
ORD005251,P0011,S016,2026-05-24,946,3096.15,Shipped
ORD005252,P0224,S048,2026-04-11,506,4705.71,Shipped
ORD005253,P0017,S046,2026-06-17,338,3608.31,Processing
ORD005254,P0469,S044,2026-04-25,721,3620.64,Cancelled
ORD005255,P0347,S007,2026-05-21,971,874.48,Processing
ORD005256,P0401,S015,2026-06-03,848,3879.24,Delivered
ORD005257,P0258,S023,2026-06-10,871,4679.44,Shipped
ORD005258,P0078,S004,2026-09-06,149,1852.79,Processing
ORD005259,P0153,S024,2026-07-04,48,4296.51,Processing
ORD005260,P0090,S047,2026-08-12,244,544.26,Shipped
ORD005261,P0242,S024,2026-04-26,786,1861.72,Cancelled
ORD005262,P0095,S039,2026-07-21,625,328.98,Shipped
ORD005263,P0303,S002,2026-06-06,767,1433.34,Shipped
ORD005264,P0459,S006,2026-05-12,534,4255.69,Processing
ORD005265,P0154,S016,2026-09-05,447,4415.83,Shipped
ORD005266,P0469,S006,2026-05-20,908,200.29,Processing
ORD005267,P0300,S031,2026-09-10,496,602.32,Delivered
ORD005268,P0009,S027,2026-06-14,151,3419.77,Delivered
ORD005269,P0480,S030,2026-09-12,620,641.27,Shipped
ORD005270,P0466,S029,2026-04-09,219,4287.59,Delivered
ORD005271,P0073,S044,2026-07-11,630,426.07,Delivered
ORD005272,P0251,S015,2026-07-30,840,3096.58,Processing
ORD005273,P0304,S036,2026-04-18,253,1991.38,Delivered
ORD005274,P0227,S014,2026-06-14,696,2307.94,Cancelled
ORD005275,P0396,S002,2026-04-22,368,693.18,Cancelled
ORD005276,P0001,S029,2026-07-26,659,1467.17,Delivered
ORD005277,P0443,S013,2026-06-27,58,1278.93,Shipped
ORD005278,P0006,S012,2026-04-06,7,663.35,Cancelled
ORD005279,P0125,S036,2026-08-04,507,2779.21,Delivered
ORD005280,P0382,S020,2026-05-17,654,1737.64,Delivered
ORD005281,P0305,S021,2026-05-06,516,2004.83,Cancelled
ORD005282,P0122,S042,2026-04-05,798,247.15,Delivered
ORD005283,P0400,S047,2026-08-25,808,1036.52,Cancelled
ORD005284,P0354,S030,2026-09-15,696,1746.45,Delivered
ORD005285,P0365,S047,2026-08-08,150,1208.07,Cancelled
ORD005286,P0259,S007,2026-08-09,46,386.83,Processing
ORD005287,P0341,S009,2026-08-11,458,870.89,Delivered
ORD005288,P0052,S016,2026-06-12,251,1411.28,Delivered
ORD005289,P0280,S020,2026-04-18,164,753.0,Delivered
ORD005290,P0275,S043,2026-05-23,561,853.6,Processing
ORD005291,P0017,S050,2026-05-07,564,3703.76,Delivered
ORD005292,P0199,S034,2026-09-12,125,3621.09,Cancelled
ORD005293,P0213,S001,2026-05-19,244,2691.98,Delivered
ORD005294,P0481,S045,2026-09-06,491,4951.88,Cancelled
ORD005295,P0007,S030,2026-08-24,768,2556.3,Shipped
ORD005296,P0249,S028,2026-09-05,494,929.09,Delivered
ORD005297,P0182,S009,2026-03-29,83,1292.33,Delivered
ORD005298,P0495,S031,2026-04-05,936,54.09,Delivered
ORD005299,P0124,S018,2026-07-13,575,1832.27,Delivered
ORD005300,P0344,S035,2026-09-07,859,3037.21,Delivered
ORD005301,P0111,S030,2026-05-09,7,2650.14,Delivered
ORD005302,P0452,S050,2026-04-21,599,3769.84,Shipped
ORD005303,P0156,S024,2026-09-04,266,4674.35,Cancelled
ORD005304,P0242,S010,2026-08-26,632,1983.19,Shipped
ORD005305,P0422,S008,2026-07-01,615,938.46,Cancelled
ORD005306,P0041,S016,2026-07-29,450,2236.27,Delivered
ORD005307,P0387,S044,2026-09-16,514,2507.37,Processing
ORD005308,P0124,S038,2026-07-10,363,2009.95,Processing
ORD005309,P0392,S025,2026-07-04,946,3884.04,Processing
ORD005310,P0191,S024,2026-03-30,507,1045.29,Delivered
ORD005311,P0279,S034,2026-05-13,490,3739.72,Delivered
ORD005312,P0374,S009,2026-05-05,223,3440.08,Shipped
ORD005313,P0195,S005,2026-09-10,310,1492.63,Cancelled
ORD005314,P0091,S032,2026-06-29,435,1031.92,Processing
ORD005315,P0152,S044,2026-03-24,114,367.38,Cancelled
ORD005316,P0399,S007,2026-07-08,701,1497.97,Delivered
ORD005317,P0096,S019,2026-06-27,524,1141.55,Cancelled
ORD005318,P0378,S027,2026-08-07,213,4437.0,Cancelled
ORD005319,P0246,S002,2026-05-30,862,1258.76,Shipped
ORD005320,P0276,S037,2026-06-28,397,2969.84,Cancelled
ORD005321,P0111,S025,2026-03-29,565,2798.08,Processing
ORD005322,P0015,S018,2026-03-24,555,1107.25,Processing
ORD005323,P0374,S015,2026-07-04,707,4216.27,Shipped
ORD005324,P0500,S012,2026-08-18,765,4760.92,Delivered
ORD005325,P0330,S011,2026-09-09,495,4675.86,Cancelled
ORD005326,P0307,S015,2026-06-16,287,331.43,Shipped
ORD005327,P0194,S048,2026-04-05,960,3431.1,Delivered
ORD005328,P0279,S029,2026-04-13,175,650.13,Processing
ORD005329,P0246,S008,2026-06-03,532,970.97,Delivered
ORD005330,P0059,S029,2026-08-08,714,2921.11,Cancelled
ORD005331,P0028,S031,2026-09-06,343,3388.95,Shipped
ORD005332,P0245,S019,2026-08-18,596,3075.36,Delivered
ORD005333,P0083,S009,2026-06-12,110,2456.76,Delivered
ORD005334,P0280,S027,2026-06-03,810,1685.4,Cancelled
ORD005335,P0265,S048,2026-06-23,98,2768.93,Delivered
ORD005336,P0222,S005,2026-03-26,505,1064.18,Shipped
ORD005337,P0442,S016,2026-07-06,97,4965.84,Processing
ORD005338,P0087,S039,2026-04-17,473,4905.54,Shipped
ORD005339,P0230,S012,2026-06-22,763,4335.0,Cancelled
ORD005340,P0215,S039,2026-04-19,313,3047.92,Processing
ORD005341,P0468,S036,2026-07-26,520,364.44,Processing
ORD005342,P0437,S045,2026-08-05,728,2953.99,Delivered
ORD005343,P0272,S011,2026-07-02,715,246.33,Processing
ORD005344,P0422,S001,2026-09-04,512,393.53,Cancelled
ORD005345,P0097,S044,2026-06-21,713,866.99,Cancelled
ORD005346,P0411,S045,2026-05-19,200,2113.74,Delivered
ORD005347,P0040,S031,2026-05-24,629,4306.3,Shipped
ORD005348,P0297,S003,2026-05-31,773,4240.94,Shipped
ORD005349,P0309,S004,2026-09-16,249,2386.35,Processing
ORD005350,P0183,S048,2026-08-24,303,1864.14,Shipped
ORD005351,P0116,S022,2026-07-30,712,2111.28,Processing
ORD005352,P0307,S038,2026-09-14,562,3794.94,Delivered
ORD005353,P0247,S018,2026-05-02,751,1096.96,Processing
ORD005354,P0467,S021,2026-04-30,796,4805.76,Shipped
ORD005355,P0225,S018,2026-04-20,72,4169.8,Processing
ORD005356,P0286,S005,2026-06-14,645,3697.88,Shipped
ORD005357,P0445,S027,2026-07-28,920,905.73,Delivered
ORD005358,P0094,S046,2026-09-20,193,2035.02,Delivered
ORD005359,P0357,S035,2026-04-24,405,1174.02,Shipped
ORD005360,P0133,S007,2026-06-23,845,1047.47,Shipped
ORD005361,P0120,S007,2026-06-13,322,1954.16,Delivered
ORD005362,P0125,S001,2026-08-25,917,3861.34,Cancelled
ORD005363,P0205,S034,2026-08-24,678,3687.02,Delivered
ORD005364,P0301,S028,2026-09-06,713,3311.39,Shipped
ORD005365,P0276,S030,2026-08-19,139,3151.89,Delivered
ORD005366,P0384,S040,2026-08-14,620,4332.56,Delivered
ORD005367,P0248,S041,2026-07-19,796,4461.26,Shipped
ORD005368,P0485,S049,2026-09-06,948,473.81,Cancelled
ORD005369,P0033,S005,2026-08-01,899,1038.92,Cancelled
ORD005370,P0479,S028,2026-05-12,464,153.63,Processing
ORD005371,P0246,S043,2026-04-23,232,3536.0,Delivered
ORD005372,P0471,S012,2026-09-20,313,671.69,Processing
ORD005373,P0088,S048,2026-09-05,872,4726.03,Delivered
ORD005374,P0316,S034,2026-09-16,901,3961.64,Processing
ORD005375,P0211,S044,2026-04-08,935,1235.71,Processing
ORD005376,P0161,S020,2026-07-13,924,81.94,Delivered
ORD005377,P0405,S020,2026-09-06,298,1349.59,Shipped
ORD005378,P0447,S018,2026-08-12,160,3350.32,Delivered
ORD005379,P0355,S018,2026-05-03,251,4044.46,Shipped
ORD005380,P0358,S039,2026-03-25,316,2201.7,Shipped
ORD005381,P0458,S006,2026-09-19,121,3344.86,Cancelled
ORD005382,P0034,S022,2026-09-08,427,4948.57,Delivered
ORD005383,P0411,S037,2026-08-27,292,524.22,Cancelled
ORD005384,P0099,S040,2026-06-21,553,3104.01,Delivered
ORD005385,P0240,S003,2026-05-12,328,1562.12,Processing
ORD005386,P0430,S021,2026-06-08,96,3425.04,Delivered
ORD005387,P0466,S012,2026-08-01,395,4301.79,Delivered
ORD005388,P0330,S013,2026-03-30,326,1922.82,Shipped
ORD005389,P0384,S037,2026-05-09,608,4950.48,Delivered
ORD005390,P0490,S012,2026-09-02,248,2406.62,Cancelled
ORD005391,P0299,S043,2026-07-12,960,4994.9,Processing
ORD005392,P0292,S023,2026-05-05,240,1166.25,Cancelled
ORD005393,P0292,S017,2026-04-16,96,4175.47,Processing
ORD005394,P0347,S002,2026-08-26,856,3109.35,Processing
ORD005395,P0065,S018,2026-06-10,670,3158.32,Processing
ORD005396,P0002,S025,2026-06-07,435,3370.0,Processing
ORD005397,P0210,S013,2026-06-01,207,4031.71,Processing
ORD005398,P0132,S014,2026-05-23,484,1860.93,Cancelled
ORD005399,P0463,S040,2026-07-13,261,3660.96,Cancelled
ORD005400,P0416,S019,2026-06-24,180,1428.55,Processing
ORD005401,P0484,S040,2026-06-30,968,676.42,Shipped
ORD005402,P0011,S029,2026-06-19,276,1028.97,Delivered
ORD005403,P0442,S023,2026-08-18,168,4870.67,Shipped
ORD005404,P0140,S031,2026-08-26,864,3161.46,Delivered
ORD005405,P0292,S028,2026-05-26,827,4522.49,Cancelled
ORD005406,P0168,S014,2026-06-04,331,3008.69,Cancelled
ORD005407,P0169,S003,2026-07-05,265,2294.96,Processing
ORD005408,P0020,S049,2026-03-25,607,3992.87,Shipped
ORD005409,P0070,S036,2026-06-02,521,4748.2,Processing
ORD005410,P0146,S048,2026-06-02,748,3056.5,Cancelled
ORD005411,P0194,S034,2026-09-10,986,2173.86,Cancelled
ORD005412,P0276,S040,2026-08-21,594,1298.49,Delivered
ORD005413,P0359,S007,2026-07-06,469,3504.4,Delivered
ORD005414,P0300,S004,2026-07-12,88,4232.93,Cancelled
ORD005415,P0042,S002,2026-04-14,987,3796.0,Shipped
ORD005416,P0053,S022,2026-07-16,402,2407.37,Shipped
ORD005417,P0222,S047,2026-07-09,334,10.26,Shipped
ORD005418,P0278,S047,2026-04-12,518,2117.66,Delivered
ORD005419,P0050,S025,2026-09-15,504,3314.31,Shipped
ORD005420,P0455,S047,2026-08-15,700,911.7,Shipped
ORD005421,P0107,S024,2026-09-17,626,4439.08,Cancelled
ORD005422,P0265,S021,2026-08-18,20,4415.89,Shipped
ORD005423,P0389,S002,2026-06-14,662,1682.27,Cancelled
ORD005424,P0439,S046,2026-07-06,591,3957.03,Processing
ORD005425,P0176,S020,2026-07-26,47,687.21,Shipped
ORD005426,P0408,S036,2026-05-08,446,369.78,Processing
ORD005427,P0411,S029,2026-06-16,128,1510.31,Delivered
ORD005428,P0170,S004,2026-04-26,883,3415.62,Processing
ORD005429,P0166,S046,2026-08-08,503,2144.88,Processing
ORD005430,P0448,S020,2026-06-28,527,4963.65,Delivered
ORD005431,P0211,S049,2026-09-01,775,1254.35,Shipped
ORD005432,P0126,S049,2026-08-17,767,2041.95,Delivered
ORD005433,P0198,S013,2026-09-11,331,2565.62,Processing
ORD005434,P0369,S006,2026-03-28,23,3851.2,Processing
ORD005435,P0282,S037,2026-07-14,387,3009.4,Delivered
ORD005436,P0333,S014,2026-08-27,2,3797.87,Shipped
ORD005437,P0465,S046,2026-04-30,502,2303.74,Cancelled
ORD005438,P0025,S014,2026-07-23,397,1644.46,Processing
ORD005439,P0485,S013,2026-04-06,766,2118.09,Shipped
ORD005440,P0349,S019,2026-06-09,217,3148.05,Shipped
ORD005441,P0261,S050,2026-07-05,613,1893.82,Processing
ORD005442,P0054,S035,2026-05-22,74,3374.58,Processing
ORD005443,P0114,S024,2026-05-13,451,3401.34,Delivered
ORD005444,P0366,S048,2026-07-24,924,248.61,Processing
ORD005445,P0454,S029,2026-04-24,309,1406.9,Shipped
ORD005446,P0237,S028,2026-07-20,178,3379.26,Processing
ORD005447,P0126,S026,2026-07-01,456,2695.53,Delivered
ORD005448,P0315,S036,2026-08-01,937,4433.51,Cancelled
ORD005449,P0136,S032,2026-07-28,990,3869.18,Shipped
ORD005450,P0140,S044,2026-08-27,294,3253.82,Shipped
ORD005451,P0365,S022,2026-07-30,142,2941.29,Processing
ORD005452,P0384,S030,2026-07-16,807,1276.21,Delivered
ORD005453,P0244,S025,2026-05-24,477,2105.26,Cancelled
ORD005454,P0013,S017,2026-06-04,894,759.99,Cancelled
ORD005455,P0240,S023,2026-07-09,83,1547.55,Cancelled
ORD005456,P0103,S020,2026-06-21,91,389.4,Cancelled
ORD005457,P0334,S050,2026-05-16,213,306.38,Delivered
ORD005458,P0330,S046,2026-04-01,48,2859.17,Shipped
ORD005459,P0408,S027,2026-04-01,382,1998.16,Processing
ORD005460,P0382,S019,2026-05-24,740,1324.32,Processing
ORD005461,P0491,S022,2026-08-05,671,3289.55,Shipped
ORD005462,P0176,S012,2026-05-25,936,1009.42,Processing
ORD005463,P0221,S003,2026-07-07,647,3420.86,Delivered
ORD005464,P0134,S030,2026-04-02,30,4278.78,Delivered
ORD005465,P0031,S048,2026-04-10,252,4076.51,Shipped
ORD005466,P0040,S006,2026-07-09,615,3450.28,Cancelled
ORD005467,P0042,S006,2026-06-12,561,517.99,Shipped
ORD005468,P0111,S048,2026-07-30,985,2244.63,Shipped
ORD005469,P0219,S005,2026-07-04,320,3653.53,Cancelled
ORD005470,P0218,S006,2026-07-16,523,3217.75,Cancelled
ORD005471,P0250,S043,2026-08-01,1,1410.51,Cancelled
ORD005472,P0211,S026,2026-08-20,688,3257.98,Cancelled
ORD005473,P0454,S010,2026-08-11,726,3074.41,Shipped
ORD005474,P0189,S026,2026-04-27,352,4889.97,Shipped
ORD005475,P0270,S042,2026-03-28,634,348.32,Processing
ORD005476,P0120,S045,2026-09-19,238,28.01,Processing
ORD005477,P0361,S012,2026-08-18,509,2119.84,Shipped
ORD005478,P0162,S018,2026-03-28,859,2411.08,Processing
ORD005479,P0274,S028,2026-08-30,179,4573.98,Delivered
ORD005480,P0029,S023,2026-05-27,69,1089.24,Delivered
ORD005481,P0199,S025,2026-08-07,34,1548.55,Shipped
ORD005482,P0445,S016,2026-07-17,219,2763.3,Delivered
ORD005483,P0233,S047,2026-05-27,759,2506.71,Processing
ORD005484,P0234,S020,2026-05-29,886,1519.2,Processing
ORD005485,P0097,S021,2026-03-24,621,1319.65,Delivered
ORD005486,P0477,S048,2026-03-28,895,3364.27,Processing
ORD005487,P0247,S042,2026-07-31,232,4193.13,Delivered
ORD005488,P0469,S048,2026-08-08,699,3501.41,Cancelled
ORD005489,P0159,S032,2026-07-07,491,1519.21,Processing
ORD005490,P0497,S014,2026-04-16,941,1838.68,Processing
ORD005491,P0073,S023,2026-03-26,527,1875.7,Shipped
ORD005492,P0396,S021,2026-07-09,548,4075.43,Shipped
ORD005493,P0487,S040,2026-05-16,959,2640.87,Shipped
ORD005494,P0086,S045,2026-09-03,122,2449.91,Shipped
ORD005495,P0449,S040,2026-06-19,827,3103.18,Shipped
ORD005496,P0454,S044,2026-09-20,813,4867.59,Processing
ORD005497,P0193,S022,2026-08-12,370,4040.18,Delivered
ORD005498,P0236,S023,2026-06-28,777,3107.96,Processing
ORD005499,P0106,S007,2026-08-08,602,1109.49,Delivered
ORD005500,P0457,S046,2026-08-11,784,214.85,Delivered
ORD005501,P0492,S035,2026-05-13,67,4097.43,Cancelled
ORD005502,P0133,S009,2026-05-11,721,3037.43,Processing
ORD005503,P0469,S011,2026-06-11,106,3448.8,Shipped
ORD005504,P0238,S048,2026-08-18,862,1218.39,Delivered
ORD005505,P0377,S007,2026-08-21,178,325.94,Shipped
ORD005506,P0242,S013,2026-05-02,303,462.48,Delivered
ORD005507,P0371,S026,2026-06-07,91,991.24,Delivered
ORD005508,P0452,S042,2026-06-17,365,1818.59,Delivered
ORD005509,P0165,S015,2026-04-09,40,957.15,Shipped
ORD005510,P0006,S029,2026-06-07,452,2668.79,Delivered
ORD005511,P0316,S048,2026-04-05,418,1809.21,Shipped
ORD005512,P0394,S021,2026-09-09,328,2288.53,Cancelled
ORD005513,P0384,S020,2026-05-23,334,4939.89,Shipped
ORD005514,P0401,S036,2026-04-23,760,4869.03,Delivered
ORD005515,P0209,S040,2026-04-29,879,4525.15,Shipped
ORD005516,P0079,S004,2026-06-19,427,1540.86,Delivered
ORD005517,P0470,S047,2026-08-29,823,523.86,Cancelled
ORD005518,P0470,S045,2026-04-19,767,1918.4,Cancelled
ORD005519,P0316,S006,2026-09-16,18,303.78,Processing
ORD005520,P0341,S017,2026-05-03,138,4002.31,Delivered
ORD005521,P0275,S010,2026-07-05,428,4122.89,Processing
ORD005522,P0352,S006,2026-05-01,649,4054.66,Shipped
ORD005523,P0206,S011,2026-09-03,666,3913.0,Cancelled
ORD005524,P0016,S034,2026-04-30,199,3160.82,Cancelled
ORD005525,P0410,S046,2026-08-17,89,3731.32,Delivered
ORD005526,P0292,S015,2026-06-20,143,3313.62,Shipped
ORD005527,P0067,S049,2026-07-28,136,2760.83,Cancelled
ORD005528,P0361,,2026-04-05,162,737.38,Delivered
ORD005529,P0339,S030,2026-09-05,935,4227.97,Shipped
ORD005530,P0253,S048,2026-08-28,132,1277.9,Processing
ORD005531,P0238,S008,2026-08-13,149,3054.2,Delivered
ORD005532,P0172,S012,2026-06-07,923,3588.92,Delivered
ORD005533,P0347,S033,2026-06-16,906,4628.27,Delivered
ORD005534,P0477,S010,2026-09-20,936,3162.44,Cancelled
ORD005535,P0413,S025,2026-03-28,45,1447.3,Delivered
ORD005536,P0406,S012,2026-05-07,269,73.84,Shipped
ORD005537,P0454,S031,2026-06-08,270,2261.26,Cancelled
ORD005538,P0311,S022,2026-09-17,43,3592.91,Delivered
ORD005539,P0446,S006,2026-05-28,650,2518.36,Shipped
ORD005540,P0201,S045,2026-07-13,266,1029.15,Delivered
ORD005541,P0169,S041,2026-07-01,862,1778.55,Processing
ORD005542,P0264,S036,2026-05-19,504,2658.91,Cancelled
ORD005543,P0178,S028,2026-06-29,714,4912.86,Processing
ORD005544,P0106,S025,2026-04-11,675,4795.32,Cancelled
ORD005545,P0066,S009,2026-09-05,864,2961.98,Delivered
ORD005546,P0410,S047,2026-04-18,889,975.71,Cancelled
ORD005547,P0473,S018,2026-03-26,494,4155.23,Shipped
ORD005548,P0386,S029,2026-09-10,925,4412.21,Delivered
ORD005549,P0261,S002,2026-05-17,213,1653.06,Shipped
ORD005550,P0301,S049,2026-08-04,331,3651.96,Processing
ORD005551,P0149,S020,2026-08-16,76,2949.72,Delivered
ORD005552,P0236,S037,2026-05-29,749,248.42,Shipped
ORD005553,P0158,S029,2026-05-22,132,2808.36,Shipped
ORD005554,P0491,S048,2026-04-16,419,2376.42,Delivered
ORD005555,P0170,S047,2026-08-15,227,639.21,Cancelled
ORD005556,P0005,S036,2026-07-28,262,4324.01,Cancelled
ORD005557,P0271,S048,2026-08-31,789,2075.22,Shipped
ORD005558,P0353,S043,2026-06-29,153,2969.08,Processing
ORD005559,P0397,S043,2026-06-26,962,3315.51,Processing
ORD005560,P0270,S011,2026-05-03,735,2687.24,Delivered
ORD005561,P0270,S014,2026-04-21,158,1234.89,Processing
ORD005562,P0224,S033,2026-04-03,527,1720.81,Shipped
ORD005563,P0483,S028,2026-09-14,497,4534.17,Cancelled
ORD005564,P0010,S040,2026-07-30,972,2002.13,Shipped
ORD005565,P0113,S031,2026-08-12,997,1351.32,Shipped
ORD005566,P0167,S037,2026-08-18,487,1680.27,Delivered
ORD005567,P0183,S041,2026-05-22,206,414.99,Cancelled
ORD005568,P0460,S023,2026-06-14,701,3938.59,Shipped
ORD005569,P0322,S011,2026-08-24,946,2519.7,Cancelled
ORD005570,P0276,S046,2026-06-02,469,4827.19,Delivered
ORD005571,P0033,S046,2026-09-15,652,1462.75,Cancelled
ORD005572,P0455,S011,2026-09-15,439,2224.38,Delivered
ORD005573,P0061,S040,2026-09-06,634,2470.17,Shipped
ORD005574,P0115,S018,2026-06-17,628,2037.23,Shipped
ORD005575,P0393,S023,2026-04-11,798,3210.22,Shipped
ORD005576,P0314,S026,2026-04-21,452,2651.65,Cancelled
ORD005577,P0479,S047,2026-05-23,9,4568.44,Delivered
ORD005578,P0490,S014,2026-08-15,360,3684.63,Processing
ORD005579,P0428,S008,2026-04-08,406,3923.57,Delivered
ORD005580,P0389,S048,2026-04-14,336,2882.28,Processing
ORD005581,P0473,S018,2026-05-07,149,640.0,Shipped
ORD005582,P0406,S048,2026-08-09,221,1533.5,Processing
ORD005583,P0196,S027,2026-07-24,567,253.61,Shipped
ORD005584,P0336,S045,2026-07-13,51,4775.04,Delivered
ORD005585,P0005,S014,2026-06-02,202,4550.85,Delivered
ORD005586,P0430,S022,2026-04-11,892,1103.68,Processing
ORD005587,P0407,S034,2026-06-27,409,2007.22,Cancelled
ORD005588,P0476,S023,2026-04-19,335,1313.46,Cancelled
ORD005589,P0177,S016,2026-03-28,600,779.66,Cancelled
ORD005590,P0315,S028,2026-04-03,497,4280.4,Cancelled
ORD005591,P0359,S009,2026-09-02,508,688.8,Shipped
ORD005592,P0203,S045,2026-05-15,874,3968.61,Delivered
ORD005593,P0307,S045,2026-04-20,157,3555.88,Shipped
ORD005594,P0228,S048,2026-07-06,642,4628.18,Processing
ORD005595,P0187,S048,2026-07-30,44,861.86,Delivered
ORD005596,P0497,S021,2026-06-23,740,4431.47,Processing
ORD005597,P0126,S002,2026-08-13,690,2490.67,Shipped
ORD005598,P0282,S009,2026-06-13,92,4571.79,Cancelled
ORD005599,P0214,S017,2026-05-09,223,4712.54,Shipped
ORD005600,P0245,S042,2026-07-03,525,1342.3,Cancelled
ORD005601,P0229,S036,2026-03-24,625,3886.04,Delivered
ORD005602,P0426,S022,2026-07-25,85,3334.86,Delivered
ORD005603,P0259,S005,2026-08-26,468,2421.54,Shipped
ORD005604,P0079,S037,2026-04-10,694,3443.08,Shipped
ORD005605,P0407,S020,2026-04-17,619,3905.96,Shipped
ORD005606,P0345,S007,2026-05-15,440,4589.09,Processing
ORD005607,P0389,S044,2026-08-04,779,1230.24,Shipped
ORD005608,P0293,S031,2026-09-09,279,2205.47,Cancelled
ORD005609,P0195,S050,2026-06-21,327,2915.92,Delivered
ORD005610,P0010,S024,2026-07-25,334,1521.93,Shipped
ORD005611,P0407,S046,2026-09-06,216,3196.85,Shipped
ORD005612,P0393,S028,2026-05-19,550,2359.05,Cancelled
ORD005613,P0173,S027,2026-04-19,820,2822.75,Processing
ORD005614,P0425,S038,2026-03-24,273,3840.73,Delivered
ORD005615,P0208,S045,2026-07-26,247,1499.31,Delivered
ORD005616,P0108,S024,2026-06-20,608,2324.43,Delivered
ORD005617,P0340,S004,2026-04-06,113,624.12,Shipped
ORD005618,P0130,S030,2026-09-04,466,4295.45,Shipped
ORD005619,P0493,S017,2026-08-28,247,3319.43,Shipped
ORD005620,P0275,S031,2026-09-17,137,873.01,Shipped
ORD005621,P0493,S033,2026-07-21,345,2012.44,Delivered
ORD005622,P0176,S018,2026-05-20,664,4832.36,Cancelled
ORD005623,P0049,S026,2026-06-11,547,1650.71,Shipped
ORD005624,P0110,S040,2026-07-21,682,1577.23,Processing
ORD005625,P0275,S024,2026-04-30,990,1870.67,Delivered
ORD005626,P0384,S038,2026-09-12,805,4840.16,Shipped
ORD005627,P0383,S039,2026-07-26,309,4165.99,Shipped
ORD005628,P0051,S042,2026-07-30,419,2018.24,Processing
ORD005629,P0396,,2026-08-06,644,3204.97,Processing
ORD005630,P0086,S016,2026-07-07,219,3710.9,Shipped
ORD005631,P0001,S020,2026-07-15,19,2330.42,Shipped
ORD005632,P0414,S038,2026-07-04,1000,2228.5,Delivered
ORD005633,P0374,S032,2026-05-28,686,2953.44,Processing
ORD005634,P0064,S036,2026-06-06,358,3571.09,Shipped
ORD005635,P0266,S046,2026-04-03,222,2501.58,Shipped
ORD005636,P0366,S050,2026-06-27,413,195.03,Cancelled
ORD005637,P0098,S039,2026-03-30,845,1947.64,Delivered
ORD005638,P0236,S023,2026-04-12,631,3392.24,Delivered
ORD005639,P0225,S048,2026-04-19,37,4701.18,Cancelled
ORD005640,P0405,S042,2026-08-17,277,2877.37,Cancelled
ORD005641,P0222,S045,2026-08-10,612,898.71,Shipped
ORD005642,P0349,S007,2026-06-12,408,4520.29,Processing
ORD005643,P0384,S024,2026-04-21,593,4054.01,Processing
ORD005644,P0282,S050,2026-09-10,811,4617.5,Cancelled
ORD005645,P0206,S044,2026-07-15,256,1771.17,Processing
ORD005646,P0250,S016,2026-07-11,377,4397.17,Shipped
ORD005647,P0270,S039,2026-09-20,418,236.92,Delivered
ORD005648,P0066,S009,2026-07-18,547,2696.27,Shipped
ORD005649,P0496,S014,2026-04-14,237,4006.22,Delivered
ORD005650,P0314,S001,2026-05-12,77,1367.8,Delivered
ORD005651,P0240,S020,2026-08-25,169,2467.57,Shipped
ORD005652,P0117,S028,2026-08-28,415,4256.82,Processing
ORD005653,P0246,S046,2026-06-12,791,3638.63,Cancelled
ORD005654,P0394,S005,2026-07-15,974,3475.58,Delivered
ORD005655,P0361,S050,2026-05-13,875,4867.23,Delivered
ORD005656,P0027,S030,2026-09-10,690,3607.37,Shipped
ORD005657,P0224,S024,2026-08-31,575,4070.66,Cancelled
ORD005658,P0263,S012,2026-03-30,998,4250.51,Processing
ORD005659,P0213,S016,2026-09-11,919,3650.0,Shipped
ORD005660,P0073,S033,2026-04-10,885,3820.3,Cancelled
ORD005661,P0481,S038,2026-07-11,107,451.42,Processing
ORD005662,P0066,S013,2026-09-12,816,4013.31,Delivered
ORD005663,P0321,S043,2026-05-30,171,1618.13,Processing
ORD005664,P0043,S007,2026-06-28,600,2451.27,Processing
ORD005665,P0415,S040,2026-06-17,886,1537.61,Shipped
ORD005666,P0494,S017,2026-07-17,645,3149.29,Cancelled
ORD005667,P0359,S014,2026-06-27,186,1880.18,Shipped
ORD005668,P0147,S005,2026-06-03,113,2608.65,Shipped
ORD005669,P0110,S025,2026-04-14,944,2256.23,Delivered
ORD005670,P0174,S010,2026-09-15,60,1038.33,Delivered
ORD005671,P0304,S014,2026-09-16,456,4189.13,Cancelled
ORD005672,P0155,S050,2026-08-02,103,2689.92,Shipped
ORD005673,P0481,S006,2026-07-29,267,1916.19,Processing
ORD005674,P0015,S005,2026-05-05,268,3312.76,Processing
ORD005675,P0125,S021,2026-05-13,274,4874.14,Delivered
ORD005676,P0095,S029,2026-04-21,174,2713.1,Cancelled
ORD005677,P0101,S001,2026-03-26,521,2413.6,Cancelled
ORD005678,P0240,S031,2026-06-06,48,3664.25,Delivered
ORD005679,P0339,S043,2026-07-09,495,2183.1,Processing
ORD005680,P0194,S010,2026-07-21,759,3022.46,Delivered
ORD005681,P0216,S042,2026-07-25,495,3448.32,Delivered
ORD005682,P0214,S012,2026-09-02,982,478.11,Processing
ORD005683,P0145,S035,2026-04-03,537,4229.32,Cancelled
ORD005684,P0026,S043,2026-08-14,307,523.86,Cancelled
ORD005685,P0114,S003,2026-08-18,232,4431.38,Processing
ORD005686,P0433,S020,2026-07-01,671,1649.25,Cancelled
ORD005687,P0315,S028,2026-05-28,479,1499.57,Delivered
ORD005688,P0019,S021,2026-07-04,736,4531.97,Processing
ORD005689,P0350,S002,2026-08-26,397,3925.29,Shipped
ORD005690,P0017,S037,2026-08-16,737,3551.18,Cancelled
ORD005691,P0008,S015,2026-09-05,306,662.14,Delivered
ORD005692,P0493,S039,2026-09-20,462,3416.56,Delivered
ORD005693,P0036,S048,2026-08-12,885,1875.08,Delivered
ORD005694,P0204,S035,2026-05-11,146,2902.09,Cancelled
ORD005695,P0237,S018,2026-03-26,180,598.15,Shipped
ORD005696,P0035,S039,2026-05-26,255,3191.71,Cancelled
ORD005697,P0400,S022,2026-04-28,976,867.64,Delivered
ORD005698,P0090,S008,2026-04-28,434,2861.22,Delivered
ORD005699,P0363,S033,2026-08-11,467,1840.52,Shipped
ORD005700,P0006,S010,2026-08-02,886,4216.78,Processing
ORD005701,P0396,S024,2026-05-13,559,1161.64,Shipped
ORD005702,P0350,S040,2026-05-12,655,422.59,Cancelled
ORD005703,P0230,S016,2026-06-24,907,4019.15,Delivered
ORD005704,P0160,S022,2026-07-24,941,1276.07,Processing
ORD005705,P0362,S023,2026-09-16,126,139.73,Processing
ORD005706,P0156,S004,2026-04-13,930,4040.96,Delivered
ORD005707,P0467,S035,2026-05-01,251,955.1,Shipped
ORD005708,P0263,S041,2026-06-26,597,3535.6,Delivered
ORD005709,P0174,S049,2026-05-19,884,3018.46,Delivered
ORD005710,P0476,S032,2026-07-28,84,4286.53,Delivered
ORD005711,P0017,S023,2026-05-12,421,2506.58,Delivered
ORD005712,P0156,S005,2026-08-17,133,1275.71,Cancelled
ORD005713,P0169,S006,2026-03-25,987,1966.88,Processing
ORD005714,P0324,S036,2026-09-02,605,1610.59,Processing
ORD005715,P0198,S036,2026-07-16,266,585.36,Cancelled
ORD005716,P0235,S030,2026-07-05,887,3339.48,Delivered
ORD005717,P0199,S018,2026-03-26,230,1557.72,Cancelled
ORD005718,P0326,S043,2026-09-13,863,1173.56,Delivered
ORD005719,P0391,S031,2026-09-03,779,1189.31,Processing
ORD005720,P0091,S017,2026-05-20,595,3958.31,Cancelled
ORD005721,P0468,S049,2026-06-17,512,4481.72,Shipped
ORD005722,P0060,S050,2026-06-19,1,1517.95,Shipped
ORD005723,P0440,S003,2026-08-07,601,1524.32,Cancelled
ORD005724,P0432,S008,2026-05-18,555,472.72,Shipped
ORD005725,P0011,S022,2026-07-01,866,1454.66,Cancelled
ORD005726,P0233,S039,2026-04-06,799,4245.06,Shipped
ORD005727,P0368,S020,2026-08-19,823,2391.82,Delivered
ORD005728,P0056,S004,2026-04-19,496,4767.28,Cancelled
ORD005729,P0158,S029,2026-07-02,371,1456.75,Shipped
ORD005730,P0175,S030,2026-07-09,154,2563.56,Cancelled
ORD005731,P0086,S025,2026-05-01,700,2887.31,Shipped
ORD005732,P0173,S018,2026-07-31,966,4945.01,Delivered
ORD005733,P0297,S001,2026-05-15,624,2542.28,Cancelled
ORD005734,P0440,S023,2026-08-06,760,2090.14,Cancelled
ORD005735,P0371,S038,2026-06-29,747,2991.32,Cancelled
ORD005736,P0112,S034,2026-04-10,136,4658.13,Cancelled
ORD005737,P0320,S050,2026-04-01,883,2219.87,Cancelled
ORD005738,P0225,S039,2026-07-18,384,2347.25,Processing
ORD005739,P0290,S027,2026-08-16,148,1887.48,Cancelled
ORD005740,P0302,S012,2026-07-21,901,3729.69,Cancelled
ORD005741,P0344,S006,2026-04-10,57,4732.3,Processing
ORD005742,P0064,S009,2026-06-23,568,2989.4,Processing
ORD005743,P0339,S003,2026-05-10,417,2702.8,Processing
ORD005744,P0104,S011,2026-06-05,238,971.04,Processing
ORD005745,P0404,S010,2026-04-06,221,3087.75,Processing
ORD005746,P0144,S025,2026-05-27,24,3939.62,Delivered
ORD005747,P0290,S017,2026-06-28,725,1140.56,Delivered
ORD005748,P0314,S023,2026-07-04,671,661.27,Shipped
ORD005749,P0276,S026,2026-07-14,331,3894.85,Shipped
ORD005750,P0070,S033,2026-04-16,352,1219.78,Delivered
ORD005751,P0403,S025,2026-04-01,883,4701.63,Shipped
ORD005752,P0454,S036,2026-08-06,345,1443.47,Cancelled
ORD005753,P0126,S007,2026-06-19,120,4809.61,Delivered
ORD005754,P0086,S024,2026-05-28,359,4815.8,Processing
ORD005755,P0411,S001,2026-08-06,332,1245.43,Cancelled
ORD005756,P0390,S020,2026-07-07,994,668.74,Shipped
ORD005757,P0246,S036,2026-03-31,881,4854.93,Cancelled
ORD005758,P0272,S041,2026-08-11,984,2238.68,Cancelled
ORD005759,P0348,S012,2026-03-31,-50,1151.14,Processing
ORD005760,P0063,S016,2026-05-06,910,385.05,Cancelled
ORD005761,P0462,S006,2026-04-01,637,4844.51,Shipped
ORD005762,P0206,S027,2026-08-14,945,1052.15,Processing
ORD005763,P0416,S031,2026-08-09,580,2627.17,Cancelled
ORD005764,P0471,S034,2026-05-03,509,1022.88,Delivered
ORD005765,P0411,S011,2026-05-27,825,1555.48,Shipped
ORD005766,P0089,,2026-07-06,838,574.37,Cancelled
ORD005767,P0154,S008,2026-06-11,438,51.63,Processing
ORD005768,P0278,S036,2026-05-09,519,43.08,Delivered
ORD005769,P0166,S006,2026-03-28,719,216.22,Cancelled
ORD005770,P0174,S044,2026-06-11,82,758.81,Delivered
ORD005771,P0349,S011,2026-04-30,749,3519.51,Delivered
ORD005772,P0371,S032,2026-04-14,370,1494.81,Shipped
ORD005773,P0204,S018,2026-04-10,543,2496.46,Processing
ORD005774,P0443,S045,2026-09-08,70,287.21,Shipped
ORD005775,P0213,S009,2026-07-05,896,2337.67,Delivered
ORD005776,P0183,S011,2026-04-18,416,3407.92,Cancelled
ORD005777,P0142,S011,2026-05-27,846,263.5,Cancelled
ORD005778,P0247,S035,2026-04-07,931,3837.34,Shipped
ORD005779,P0478,S013,2026-08-09,207,76.85,Shipped
ORD005780,P0488,S032,2026-07-31,146,4511.41,Processing
ORD005781,P0274,S046,2026-07-03,660,62.22,Delivered
ORD005782,P0443,S017,2026-04-15,344,2232.72,Processing
ORD005783,P0069,S026,2026-05-21,498,386.63,Shipped
ORD005784,P0361,S007,2026-07-30,636,3175.0,Delivered
ORD005785,P0187,S003,2026-04-17,740,543.22,Cancelled
ORD005786,P0312,S031,2026-07-29,686,669.85,Processing
ORD005787,P0038,S037,2026-06-21,134,240.64,Processing
ORD005788,P0371,S047,2026-08-11,362,640.38,Processing
ORD005789,P0077,S037,2026-09-20,461,4210.47,Shipped
ORD005790,P0332,S013,2026-08-18,773,2388.32,Shipped
ORD005791,P0083,S038,2026-07-31,932,524.67,Shipped
ORD005792,P0416,S008,2026-06-14,80,2152.49,Processing
ORD005793,P0331,S029,2026-08-25,86,1419.29,Processing
ORD005794,P0463,S030,2026-03-28,343,4154.14,Cancelled
ORD005795,P0357,S008,2026-06-09,811,4816.23,Processing
ORD005796,P0288,S030,2026-06-08,847,1198.74,Cancelled
ORD005797,P0198,S009,2026-05-03,355,3010.44,Processing
ORD005798,P0036,S012,2026-09-17,308,3269.15,Cancelled
ORD005799,P0121,S049,2026-07-17,947,3232.36,Cancelled
ORD005800,P0088,S049,2026-07-24,265,1492.36,Shipped
ORD005801,P0323,S022,2026-05-13,881,1528.46,Cancelled
ORD005802,P0254,S011,2026-08-03,619,4872.69,Cancelled
ORD005803,P0244,S008,2026-06-24,346,4520.98,Shipped
ORD005804,P0458,S034,2026-05-20,888,3384.98,Delivered
ORD005805,P0315,S037,2026-05-03,49,3816.87,Processing
ORD005806,P0476,S035,2026-06-01,663,103.63,Shipped
ORD005807,P0151,S031,2026-04-25,596,4322.08,Delivered
ORD005808,P0016,S047,2026-08-31,52,2842.44,Delivered
ORD005809,P0034,S027,2026-08-24,716,1778.14,Processing
ORD005810,P0213,S009,2026-07-24,295,4396.12,Cancelled
ORD005811,P0356,S050,2026-06-29,993,3472.42,Processing
ORD005812,P0188,S017,2026-04-25,609,777.41,Delivered
ORD005813,P0212,S039,2026-05-19,237,274.73,Delivered
ORD005814,P0473,S041,2026-05-31,998,302.65,Delivered
ORD005815,P0171,S010,2026-09-13,478,1216.22,Delivered
ORD005816,P0095,S012,2026-07-19,406,1560.59,Delivered
ORD005817,P0252,S022,2026-05-29,432,2862.17,Delivered
ORD005818,P0325,S005,2026-03-26,535,1336.82,Processing
ORD005819,P0169,S040,2026-05-18,541,4925.41,Shipped
ORD005820,P0411,S020,2026-07-16,168,797.99,Processing
ORD005821,P0391,S021,2026-09-05,632,2092.11,Cancelled
ORD005822,P0247,S031,2026-09-17,817,4671.85,Shipped
ORD005823,P0442,S039,2026-05-26,21,3950.32,Processing
ORD005824,P0394,S011,2026-07-12,760,1512.96,Processing
ORD005825,P0167,S001,2026-07-05,44,3601.32,Processing
ORD005826,P0289,S002,2026-08-25,589,199.3,Delivered
ORD005827,P0154,S030,2026-07-12,417,347.09,Shipped
ORD005828,P0075,S029,2026-06-09,516,2449.56,Shipped
ORD005829,P0134,S043,2026-06-13,961,271.96,Shipped
ORD005830,P0329,S016,2026-05-08,128,2008.76,Cancelled
ORD005831,P0074,S047,2026-08-24,723,3752.13,Cancelled
ORD005832,P0487,S024,2026-07-15,831,4316.77,Processing
ORD005833,P0101,S020,2026-08-30,979,1163.68,Cancelled
ORD005834,P0010,S018,2026-08-21,328,4269.82,Processing
ORD005835,P0178,S012,2026-09-16,526,2349.36,Processing
ORD005836,P0234,S013,2026-06-17,255,4137.91,Delivered
ORD005837,P0127,S002,2026-05-19,957,2412.2,Shipped
ORD005838,P0128,S041,2026-06-19,920,4192.9,Processing
ORD005839,P0093,S015,2026-04-05,434,1558.03,Processing
ORD005840,P0151,S049,2026-05-02,488,4667.69,Delivered
ORD005841,P0292,S035,2026-09-02,384,962.48,Cancelled
ORD005842,P0029,S016,2026-05-03,236,1740.74,Shipped
ORD005843,P0205,S004,2026-04-11,129,1250.21,Processing
ORD005844,P0050,S002,2026-06-15,500,3546.42,Shipped
ORD005845,P0167,S035,2026-06-23,880,2498.29,Shipped
ORD005846,P0358,S004,2026-09-02,280,767.91,Shipped
ORD005847,P0202,S020,2026-06-19,73,402.69,Processing
ORD005848,P0417,S024,2026-06-27,877,447.13,Shipped
ORD005849,P0262,S003,2026-05-22,964,2436.71,Delivered
ORD005850,P0047,S016,2026-08-21,843,4886.5,Shipped
ORD005851,P0179,S046,2026-03-29,761,1123.84,Shipped
ORD005852,P0493,S017,2026-08-27,954,3812.84,Delivered
ORD005853,P0366,S031,2026-08-28,113,1672.58,Cancelled
ORD005854,P0184,S032,2026-06-12,973,615.17,Cancelled
ORD005855,P0409,S015,2026-07-12,178,4794.37,Processing
ORD005856,P0210,S016,2026-06-03,18,4201.08,Cancelled
ORD005857,P0382,S027,2026-04-23,138,4228.43,Delivered
ORD005858,P0343,S035,2026-09-11,673,1829.77,Cancelled
ORD005859,P0162,S009,2026-05-23,10,4371.26,Delivered
ORD005860,P0224,S005,2026-07-19,321,217.26,Processing
ORD005861,P0161,S039,2026-04-07,576,3301.06,Shipped
ORD005862,P0334,S027,2026-09-10,610,2232.51,Delivered
ORD005863,P0098,S044,2026-06-10,221,3466.72,Cancelled
ORD005864,P0468,S033,2026-03-30,44,3728.36,Delivered
ORD005865,P0023,S006,2026-04-20,939,1429.8,Cancelled
ORD005866,P0435,S004,2026-04-17,751,1090.58,Processing
ORD005867,P0426,S033,2026-07-26,538,2509.17,Delivered
ORD005868,P0305,S014,2026-08-08,40,1412.43,Cancelled
ORD005869,P0059,S025,2026-09-08,961,1222.93,Delivered
ORD005870,P0496,S033,2026-07-06,485,3541.53,Shipped
ORD005871,P0271,S044,2026-04-15,362,4663.66,Delivered
ORD005872,P0322,S003,2026-06-21,677,2960.15,Shipped
ORD005873,P0389,S036,2026-07-04,550,3795.73,Cancelled
ORD005874,P0091,S034,2026-07-24,36,70.04,Processing
ORD005875,P0081,S001,2026-07-26,742,3195.21,Delivered
ORD005876,P0343,S019,2026-09-12,459,780.15,Processing
ORD005877,P0108,S023,2026-07-19,431,1420.76,Cancelled
ORD005878,P0115,S047,2026-08-03,742,3562.48,Delivered
ORD005879,P0114,S004,2026-08-07,788,2007.71,Cancelled
ORD005880,P0390,S039,2026-08-04,599,3147.77,Shipped
ORD005881,P0329,S017,2026-04-19,355,4884.94,Processing
ORD005882,P0237,S006,2026-07-07,267,1943.77,Shipped
ORD005883,P0019,S028,2026-08-15,389,2639.01,Cancelled
ORD005884,P0191,S005,2026-07-17,890,2810.32,Cancelled
ORD005885,P0044,S028,2026-04-18,312,1778.07,Delivered
ORD005886,P0343,S039,2026-06-21,815,1833.56,Cancelled
ORD005887,P0156,S016,2026-05-16,949,3754.97,Delivered
ORD005888,P0336,S029,2026-08-31,215,2946.97,Processing
ORD005889,P0369,S003,2026-03-28,138,1753.95,Shipped
ORD005890,P0170,S049,2026-07-11,810,1077.5,Cancelled
ORD005891,P0245,S031,2026-09-20,814,1217.35,Processing
ORD005892,P0194,S032,2026-04-18,705,2790.48,Delivered
ORD005893,P0401,S011,2026-08-22,860,2084.26,Shipped
ORD005894,P0281,S031,2026-06-04,690,776.96,Delivered
ORD005895,P0135,S043,2026-04-29,59,701.09,Shipped
ORD005896,P0173,S021,2026-06-06,25,3294.34,Shipped
ORD005897,P0303,S003,2026-06-07,520,4967.7,Delivered
ORD005898,P0289,S038,2026-09-10,941,2757.3,Processing
ORD005899,P0434,S032,2026-08-16,412,3159.18,Processing
ORD005900,P0262,S031,2026-08-04,139,1556.18,Delivered
ORD005901,P0110,S001,2026-07-02,208,3993.69,Shipped
ORD005902,P0270,S015,2026-05-26,791,3359.54,Delivered
ORD005903,P0298,S006,2026-03-31,299,1124.77,Processing
ORD005904,P0158,S040,2026-08-28,960,1137.87,Delivered
ORD005905,P0355,S046,2026-07-27,285,540.72,Cancelled
ORD005906,P0139,S027,2026-06-12,773,1943.55,Cancelled
ORD005907,P0100,S023,2026-09-17,103,2614.13,Cancelled
ORD005908,P0075,S022,2026-05-03,159,2267.18,Shipped
ORD005909,P0207,S004,2026-09-01,5,838.01,Processing
ORD005910,P0067,S015,2026-04-02,919,4770.08,Delivered
ORD005911,P0196,S048,2026-06-27,480,2263.52,Delivered
ORD005912,P0185,S006,2026-05-10,676,1851.12,Delivered
ORD005913,P0053,S034,2026-05-30,872,3148.88,Delivered
ORD005914,P0036,S027,2026-06-18,413,2162.47,Delivered
ORD005915,P0112,S038,2026-05-09,131,2444.11,Shipped
ORD005916,P0249,S041,2026-06-02,629,177.89,Cancelled
ORD005917,P0214,S006,2026-05-12,335,711.27,Cancelled
ORD005918,P0166,S036,2026-08-27,830,4061.97,Shipped
ORD005919,P0156,S010,2026-06-09,16,732.29,Shipped
ORD005920,P0285,S010,2026-09-17,258,2688.09,Cancelled
ORD005921,P0371,S005,2026-05-11,251,4342.85,Processing
ORD005922,P0040,S020,2026-07-20,376,217.35,Delivered
ORD005923,P0468,S035,2026-04-21,33,3480.3,Cancelled
ORD005924,P0195,S041,2026-09-13,602,4062.74,Shipped
ORD005925,P0310,S049,2026-04-24,255,3350.99,Cancelled
ORD005926,P0197,S006,2026-03-25,26,1325.83,Delivered
ORD005927,P0291,S048,2026-07-30,128,4155.79,Processing
ORD005928,P0434,S025,2026-06-12,980,3292.31,Processing
ORD005929,P0372,S032,2026-06-09,420,2805.39,Processing
ORD005930,P0033,S003,2026-06-06,226,1316.55,Shipped
ORD005931,P0102,S049,2026-04-16,72,2583.19,Delivered
ORD005932,P0325,S007,2026-08-14,320,58.44,Shipped
ORD005933,P0358,S046,2026-04-14,238,791.3,Delivered
ORD005934,P0448,S038,2026-07-15,685,21.11,Shipped
ORD005935,P0020,S033,2026-07-17,370,2076.21,Shipped
ORD005936,P0414,S025,2026-04-05,465,509.44,Cancelled
ORD005937,P0109,S005,2026-08-05,23,997.68,Shipped
ORD005938,P0391,S025,2026-06-22,279,1580.37,Processing
ORD005939,P0235,S021,2026-05-02,678,4883.82,Shipped
ORD005940,P0233,S047,2026-04-06,275,146.33,Processing
ORD005941,P0136,S017,2026-07-17,634,3140.66,Cancelled
ORD005942,P0310,S015,2026-03-24,253,3046.21,Processing
ORD005943,P0383,S040,2026-07-02,296,453.92,Cancelled
ORD005944,P0037,S001,2026-06-08,854,1932.69,Processing
ORD005945,P0219,S049,2026-05-05,829,2260.09,Processing
ORD005946,P0360,S042,2026-04-09,570,236.91,Cancelled
ORD005947,P0124,S006,2026-07-03,702,4184.21,Delivered
ORD005948,P0274,S039,2026-03-30,416,3223.6,Shipped
ORD005949,P0403,S007,2026-07-06,170,1617.37,Cancelled
ORD005950,P0199,S019,2026-04-02,22,316.55,Cancelled
ORD005951,P0487,S034,2026-06-06,410,2324.76,Shipped
ORD005952,P0194,S050,2026-08-14,651,3184.39,Shipped
ORD005953,P0130,S034,2026-08-01,72,2341.81,Processing
ORD005954,P0414,S007,2026-07-05,26,4941.26,Cancelled
ORD005955,P0003,S049,2026-07-21,74,2228.13,Processing
ORD005956,P0247,S021,2026-09-07,588,4538.19,Processing
ORD005957,P0418,S003,2026-05-14,455,2643.75,Delivered
ORD005958,P0227,S007,2026-04-11,588,3520.39,Cancelled
ORD005959,P0019,S018,2026-04-06,631,127.89,Delivered
ORD005960,P0147,S019,2026-05-31,89,4724.62,Shipped
ORD005961,P0435,S038,2026-06-17,434,2244.22,Processing
ORD005962,P0120,S043,2026-05-22,678,2599.72,Cancelled
ORD005963,P0474,S022,2026-09-19,384,4701.21,Processing
ORD005964,P0056,S031,2026-08-16,795,3401.73,Processing
ORD005965,P0185,S016,2026-05-22,929,16.3,Delivered
ORD005966,P0317,S045,2026-06-11,817,2932.48,Processing
ORD005967,P0321,S026,2026-06-30,357,1080.07,Cancelled
ORD005968,P0491,S048,2026-04-21,629,2393.34,Cancelled
ORD005969,P0054,S030,2026-05-23,222,4808.03,Shipped
ORD005970,P0356,S010,2026-07-11,280,2537.77,Processing
ORD005971,P0406,S048,2026-05-13,832,2805.19,Shipped
ORD005972,P0193,S022,2026-08-05,994,3309.66,Processing
ORD005973,P0338,S025,2026-07-24,567,2271.64,Delivered
ORD005974,P0360,S006,2026-05-29,948,4795.2,Shipped
ORD005975,P0103,S008,2026-08-18,917,3827.88,Cancelled
ORD005976,P0480,S003,2026-07-14,441,39.26,Shipped
ORD005977,P0329,S007,2026-08-14,490,4364.84,Shipped
ORD005978,P0312,S009,2026-07-20,122,4405.37,Delivered
ORD005979,P0070,S022,2026-07-01,26,1972.08,Processing
ORD005980,P0385,S017,2026-06-26,403,1518.28,Processing
ORD005981,P0274,S045,2026-08-22,611,2244.82,Delivered
ORD005982,P0340,S041,2026-06-07,662,1645.01,Cancelled
ORD005983,P0434,S015,2026-03-25,614,3589.56,Shipped
ORD005984,P0068,S031,2026-09-09,713,4201.24,Delivered
ORD005985,P0203,S026,2026-08-09,977,3739.34,Processing
ORD005986,P0165,S009,2026-06-24,619,4170.42,Delivered
ORD005987,P0013,S040,2026-06-16,947,876.44,Delivered
ORD005988,P0025,S043,2026-03-25,83,3921.02,Delivered
ORD005989,P0395,S048,2026-09-10,57,424.99,Shipped
ORD005990,P0038,S027,2026-07-10,73,4231.98,Cancelled
ORD005991,P0288,S017,2026-05-12,807,1269.37,Delivered
ORD005992,P0486,S006,2026-04-28,876,1162.63,Delivered
ORD005993,P0379,S036,2026-09-12,525,708.26,Processing
ORD005994,P0438,S020,2026-08-06,682,4857.85,Delivered
ORD005995,P0352,S046,2026-09-14,840,2807.8,Cancelled
ORD005996,P0066,S013,2026-07-24,691,4661.52,Delivered
ORD005997,P0136,S043,2026-04-08,269,2650.83,Cancelled
ORD005998,P0456,S030,2026-09-13,972,3144.2,Cancelled
ORD005999,P0497,S021,2026-06-24,743,2100.76,Processing
ORD006000,P0037,S050,2026-04-25,544,2739.28,Processing
ORD006001,P0211,S014,2026-03-29,769,417.24,Cancelled
ORD006002,P0063,S031,2026-06-05,394,325.02,Processing
ORD006003,P0080,S013,2026-03-31,424,1316.37,Delivered
ORD006004,P0322,S028,2026-09-16,623,1201.29,Processing
ORD006005,P0468,S041,2026-06-13,625,2959.36,Cancelled
ORD006006,P0223,S018,2026-07-20,16,4184.64,Processing
ORD006007,P0401,S037,2026-05-20,683,347.92,Processing
ORD006008,P0092,S022,2026-09-08,144,3944.09,Processing
ORD006009,P0413,S026,2026-09-02,825,2276.53,Delivered
ORD006010,P0195,S039,2026-05-07,247,2310.87,Shipped
ORD006011,P0434,S040,2026-08-25,582,1611.18,Processing
ORD006012,P0161,S012,2026-05-10,929,3078.35,Shipped
ORD006013,P0155,S044,2026-05-29,533,1399.32,Processing
ORD006014,P0220,S050,2026-09-01,721,3650.93,Cancelled
ORD006015,P0058,S008,2026-07-31,77,1552.46,Processing
ORD006016,P0024,S028,2026-05-19,264,131.3,Delivered
ORD006017,P0288,S032,2026-06-14,491,435.01,Shipped
ORD006018,P0360,S023,2026-06-13,609,3377.32,Delivered
ORD006019,P0466,S025,2026-09-03,716,4445.0,Cancelled
ORD006020,P0246,S040,2026-08-06,54,866.93,Shipped
ORD006021,P0051,S045,2026-08-18,156,88.9,Shipped
ORD006022,P0489,S016,2026-07-01,480,849.81,Cancelled
ORD006023,P0454,S047,2026-05-08,990,1990.22,Delivered
ORD006024,P0075,S013,2026-05-18,332,2548.51,Delivered
ORD006025,P0408,S001,2026-08-08,180,3116.22,Shipped
ORD006026,P0318,S038,2026-09-08,582,4757.43,Cancelled
ORD006027,P0370,S030,2026-05-21,994,4585.58,Processing
ORD006028,P0426,S023,2026-08-25,501,4265.05,Shipped
ORD006029,P0035,S037,2026-06-20,985,3221.06,Processing
ORD006030,P0369,S029,2026-05-28,276,3414.13,Delivered
ORD006031,P0246,S044,2026-04-09,222,4938.32,Cancelled
ORD006032,P0112,S046,2026-03-27,541,2134.23,Shipped
ORD006033,P0491,S042,2026-07-02,475,4315.6,Delivered
ORD006034,P0083,S024,2026-04-19,971,2782.5,Processing
ORD006035,P0107,S002,2026-05-15,816,81.92,Delivered
ORD006036,P0204,S016,2026-06-24,33,3718.15,Processing
ORD006037,P0494,S011,2026-08-18,644,1271.2,Processing
ORD006038,P0239,S015,2026-08-01,985,4546.47,Processing
ORD006039,P0021,S031,2026-04-21,700,3583.42,Processing
ORD006040,P0088,S041,2026-04-14,452,1155.34,Cancelled
ORD006041,P0391,S019,2026-06-22,558,1751.19,Processing
ORD006042,P0242,S009,2026-03-24,7,329.63,Cancelled
ORD006043,P0282,S019,2026-03-29,142,2728.4,Shipped
ORD006044,P0036,S028,2026-09-12,699,3585.19,Cancelled
ORD006045,P0358,S028,2026-08-27,781,4441.24,Cancelled
ORD006046,P0034,S011,2026-06-15,640,3659.53,Shipped
ORD006047,P0170,S006,2026-06-22,701,3549.78,Delivered
ORD006048,P0454,S006,2026-06-25,34,2571.21,Shipped
ORD006049,P0276,S050,2026-09-16,263,3552.93,Processing
ORD006050,P0450,S012,2026-07-11,213,3453.51,Delivered
ORD006051,P0215,S001,2026-05-16,463,681.86,Processing
ORD006052,P0020,S010,2026-06-14,764,3274.43,Processing
ORD006053,P0362,S013,2026-03-24,686,1365.87,Processing
ORD006054,P0141,S013,2026-09-03,468,1661.16,Processing
ORD006055,P0059,S028,2026-08-18,786,2869.91,Delivered
ORD006056,P0058,S027,2026-08-26,727,1988.01,Delivered
ORD006057,P0431,S028,2026-07-10,627,1933.68,Cancelled
ORD006058,P0157,S001,2026-09-13,255,1039.64,Delivered
ORD006059,P0192,S018,2026-05-28,932,1271.08,Delivered
ORD006060,P0051,S028,2026-07-01,401,1326.88,Cancelled
ORD006061,P0016,S044,2026-03-25,560,1444.1,Shipped
ORD006062,P0015,S007,2026-08-12,338,3647.05,Delivered
ORD006063,P0209,S020,2026-07-27,147,2904.73,Cancelled
ORD006064,P0088,S034,2026-09-17,4,2935.88,Shipped
ORD006065,P0061,S023,2026-04-17,7,1596.08,Delivered
ORD006066,P0313,S027,2026-09-07,631,2870.0,Cancelled
ORD006067,P0375,S047,2026-04-18,792,983.76,Shipped
ORD006068,P0363,S022,2026-05-04,382,807.39,Processing
ORD006069,P0084,S009,2026-09-18,677,3967.98,Delivered
ORD006070,P0258,S036,2026-06-15,198,4920.69,Cancelled
ORD006071,P0156,S016,2026-09-02,359,4606.96,Delivered
ORD006072,P0436,S046,2026-09-19,314,2489.75,Cancelled
ORD006073,P0481,S022,2026-05-07,765,4353.13,Processing
ORD006074,P0187,S003,2026-08-23,791,541.47,Delivered
ORD006075,P0398,S011,2026-06-16,837,1629.87,Cancelled
ORD006076,P0238,S029,2026-05-09,722,2721.06,Processing
ORD006077,P0021,S015,2026-07-04,85,4916.04,Shipped
ORD006078,P0301,S002,2026-08-07,993,1197.42,Shipped
ORD006079,P0411,S035,2026-06-23,913,3989.68,Delivered
ORD006080,P0389,S038,2026-09-20,483,597.49,Cancelled
ORD006081,P0410,S020,2026-04-10,847,4506.45,Processing
ORD006082,P0458,S015,2026-08-26,377,4786.82,Shipped
ORD006083,P0394,S019,2026-09-17,677,3656.88,Processing
ORD006084,P0167,S048,2026-04-04,813,1769.6,Cancelled
ORD006085,P0165,S029,2026-07-15,508,3001.93,Delivered
ORD006086,P0349,S013,2026-04-20,805,2251.57,Processing
ORD006087,P0363,S020,2026-03-28,777,1663.48,Cancelled
ORD006088,P0227,S017,2026-04-29,333,3837.6,Delivered
ORD006089,P0200,S001,2026-04-15,563,2854.24,Shipped
ORD006090,P0293,S030,2026-08-06,934,4743.48,Delivered
ORD006091,P0338,S011,2026-06-21,186,590.27,Processing
ORD006092,P0195,S046,2026-05-14,535,2979.61,Cancelled
ORD006093,P0004,S033,2026-04-08,201,1368.75,Cancelled
ORD006094,P0384,S005,2026-09-14,134,3361.38,Processing
ORD006095,P0352,S032,2026-03-25,288,1958.18,Delivered
ORD006096,P0383,S016,2026-04-22,749,4187.14,Cancelled
ORD006097,P0453,S039,2026-08-18,130,2338.05,Shipped
ORD006098,P0202,S004,2026-09-18,935,3917.9,Processing
ORD006099,P0267,S044,2026-05-17,498,3743.36,Shipped
ORD006100,P0263,S024,2026-04-30,752,3217.12,Cancelled
ORD006101,P0334,S007,2026-08-02,560,3867.11,Shipped
ORD006102,P0497,S037,2026-05-23,479,1985.67,Processing
ORD006103,P0365,S037,2026-04-06,9,3228.8,Cancelled
ORD006104,P0255,S038,2026-05-23,292,3081.23,Shipped
ORD006105,P0161,S030,2026-06-02,701,4504.27,Shipped
ORD006106,P0142,S008,2026-06-11,871,4815.42,Cancelled
ORD006107,P0298,S011,2026-07-05,762,2135.96,Cancelled
ORD006108,P0395,S022,2026-09-03,292,3274.42,Shipped
ORD006109,P0426,S023,2026-07-17,582,554.53,Cancelled
ORD006110,P0480,S047,2026-03-31,266,1254.93,Processing
ORD006111,P0265,S022,2026-08-27,978,3137.11,Delivered
ORD006112,P0416,S039,2026-07-20,721,3916.25,Cancelled
ORD006113,P0260,S021,2026-06-25,462,2541.84,Processing
ORD006114,P0255,S022,2026-09-12,427,3333.31,Delivered
ORD006115,P0245,S034,2026-06-28,317,4980.03,Processing
ORD006116,P0347,,2026-06-10,501,4206.63,Processing
ORD006117,P0227,S042,2026-04-07,687,498.33,Cancelled
ORD006118,P0491,S025,2026-07-21,97,4402.01,Processing
ORD006119,P0337,S002,2026-06-12,658,3135.83,Cancelled
ORD006120,P0274,S014,2026-08-01,398,2923.5,Processing
ORD006121,P0102,S046,2026-05-11,729,2510.24,Shipped
ORD006122,P0121,S013,2026-03-27,419,2912.4,Shipped
ORD006123,P0489,S036,2026-04-26,342,3413.77,Delivered
ORD006124,P0115,S006,2026-05-10,784,4998.39,Processing
ORD006125,P0411,S026,2026-09-14,323,985.88,Cancelled
ORD006126,P0161,S045,2026-05-23,688,3557.57,Delivered
ORD006127,P0320,S029,2026-06-04,160,1319.78,Delivered
ORD006128,P0072,S009,2026-05-11,252,1346.51,Cancelled
ORD006129,P0150,S028,2026-04-12,812,3065.75,Delivered
ORD006130,P0125,S046,2026-08-20,366,1576.68,Shipped
ORD006131,P0232,S003,2026-09-17,936,4909.97,Delivered
ORD006132,P0211,S008,2026-04-03,482,1264.87,Processing
ORD006133,P0499,S020,2026-07-09,272,4685.72,Shipped
ORD006134,P0141,S031,2026-08-15,819,1964.22,Processing
ORD006135,P0283,S037,2026-04-20,256,4636.59,Delivered
ORD006136,P0076,S031,2026-09-02,694,3664.77,Delivered
ORD006137,P0167,S002,2026-07-09,449,3677.37,Delivered
ORD006138,P0087,S010,2026-05-02,929,4892.34,Processing
ORD006139,P0364,S041,2026-09-07,28,1829.74,Shipped
ORD006140,P0215,S036,2026-06-04,712,1769.98,Delivered
ORD006141,P0190,S024,2026-05-28,332,4058.28,Shipped
ORD006142,P0171,S004,2026-08-19,130,4847.93,Processing
ORD006143,P0171,S028,2026-09-20,7,2503.61,Cancelled
ORD006144,P0311,S044,2026-08-08,320,4615.43,Processing
ORD006145,P0331,S009,2026-05-22,500,2055.61,Processing
ORD006146,P0371,S039,2026-08-18,64,1321.64,Cancelled
ORD006147,P0015,S034,2026-04-02,183,3474.46,Processing
ORD006148,P0290,S025,2026-07-04,739,3306.84,Processing
ORD006149,P0456,S037,2026-07-10,18,926.87,Processing
ORD006150,P0032,S037,2026-05-01,455,1878.88,Shipped
ORD006151,P0012,S026,2026-09-13,107,2294.98,Delivered
ORD006152,P0330,S030,2026-07-12,25,4589.26,Delivered
ORD006153,P0348,S007,2026-06-19,177,202.98,Processing
ORD006154,P0435,S014,2026-08-20,259,1553.6,Delivered
ORD006155,P0224,S039,2026-07-19,488,4471.29,Delivered
ORD006156,P0094,S047,2026-06-29,76,2760.65,Processing
ORD006157,P0122,S049,2026-09-15,703,4091.31,Delivered
ORD006158,P0081,S037,2026-08-23,942,1895.84,Processing
ORD006159,P0002,S022,2026-04-21,230,134.2,Delivered
ORD006160,P0089,S027,2026-05-03,44,4330.8,Processing
ORD006161,P0262,S015,2026-04-30,669,2321.87,Shipped
ORD006162,P0233,S050,2026-05-09,56,1584.63,Shipped
ORD006163,P0377,S035,2026-07-27,549,4446.8,Processing
ORD006164,P0478,S010,2026-08-11,64,2007.14,Processing
ORD006165,P0355,S043,2026-05-03,531,4154.67,Delivered
ORD006166,P0086,S027,2026-04-13,1000,2888.84,Delivered
ORD006167,P0133,S027,2026-06-06,721,2101.24,Shipped
ORD006168,P0380,S018,2026-04-28,503,2047.68,Cancelled
ORD006169,P0421,S002,2026-09-17,663,2138.67,Shipped
ORD006170,P0080,S045,2026-07-14,643,1292.78,Shipped
ORD006171,P0186,S030,2026-05-08,223,2270.71,Cancelled
ORD006172,P0129,S031,2026-09-17,507,2741.8,Shipped
ORD006173,P0227,S001,2026-03-27,830,3487.42,Shipped
ORD006174,P0163,S031,2026-07-08,480,2296.16,Delivered
ORD006175,P0045,S010,2026-07-13,927,3077.96,Cancelled
ORD006176,P0280,S020,2026-05-02,159,2000.44,Delivered
ORD006177,P0070,S033,2026-08-24,816,4944.63,Cancelled
ORD006178,P0369,S005,2026-09-15,725,3223.07,Cancelled
ORD006179,P0062,S029,2026-05-28,28,16.54,Processing
ORD006180,P0039,S042,2026-07-28,529,4708.12,Delivered
ORD006181,P0199,S047,2026-06-17,735,1995.09,Delivered
ORD006182,P0039,S045,2026-05-14,860,4818.84,Cancelled
ORD006183,P0157,S031,2026-06-28,993,4351.03,Shipped
ORD006184,P0033,S010,2026-09-02,478,2917.34,Processing
ORD006185,P0451,S012,2026-04-24,780,3811.14,Shipped
ORD006186,P0286,S044,2026-04-27,370,1198.73,Shipped
ORD006187,P0352,S018,2026-09-12,86,4193.89,Delivered
ORD006188,P0296,S039,2026-04-14,88,4885.75,Shipped
ORD006189,P0011,S034,2026-08-13,451,23.79,Delivered
ORD006190,P0001,S045,2026-07-22,527,3899.43,Cancelled
ORD006191,P0447,S007,2026-07-26,376,861.04,Cancelled
ORD006192,P0333,S007,2026-07-21,742,4745.77,Cancelled
ORD006193,P0030,S019,2026-06-05,232,1132.43,Shipped
ORD006194,P0306,S025,2026-07-15,464,3499.95,Shipped
ORD006195,P0043,S043,2026-07-07,55,1644.34,Delivered
ORD006196,P0018,S037,2026-04-16,948,12.51,Cancelled
ORD006197,P0418,S007,2026-04-06,509,2780.78,Shipped
ORD006198,P0372,S012,2026-03-31,13,1867.4,Processing
ORD006199,P0341,S019,2026-06-21,579,2373.04,Processing
ORD006200,P0350,S040,2026-09-20,180,173.53,Delivered
ORD006201,P0089,S040,2026-09-12,923,4429.62,Shipped
ORD006202,P0405,S039,2026-08-30,485,1352.46,Cancelled
ORD006203,P0355,S042,2026-09-12,680,4301.88,Shipped
ORD006204,P0118,S039,2026-09-03,433,1613.24,Cancelled
ORD006205,P0131,S049,2026-06-11,172,1739.28,Cancelled
ORD006206,P0348,S044,2026-09-09,631,3820.12,Shipped
ORD006207,P0333,S011,2026-09-11,58,1413.59,Cancelled
ORD006208,P0058,S023,2026-06-04,798,3596.81,Cancelled
ORD006209,P0021,S044,2026-06-06,872,1838.28,Processing
ORD006210,P0235,S050,2026-05-24,628,3839.08,Cancelled
ORD006211,P0408,S049,2026-07-10,405,3710.38,Cancelled
ORD006212,P0274,S008,2026-06-29,762,3383.54,Cancelled
ORD006213,P0429,S034,2026-03-25,328,1724.09,Delivered
ORD006214,P0155,S039,2026-07-19,674,241.67,Shipped
ORD006215,P0153,S040,2026-08-04,741,1961.02,Delivered
ORD006216,P0140,S038,2026-06-02,627,183.95,Delivered
ORD006217,P0490,S022,2026-05-17,516,2009.83,Shipped
ORD006218,P0346,S023,2026-04-04,455,1284.9,Shipped
ORD006219,P0290,S040,2026-03-30,592,2793.63,Processing
ORD006220,P0133,S024,2026-05-09,784,1225.0,Processing
ORD006221,P0378,S038,2026-07-14,112,494.88,Delivered
ORD006222,P0355,S004,2026-04-16,933,3508.66,Shipped
ORD006223,P0442,S005,2026-09-17,986,2675.82,Cancelled
ORD006224,P0218,S033,2026-09-13,625,2773.98,Shipped
ORD006225,P0114,S011,2026-08-23,79,1221.39,Cancelled
ORD006226,P0257,S043,2026-04-23,215,271.05,Cancelled
ORD006227,P0102,S042,2026-09-17,282,3468.97,Delivered
ORD006228,P0453,S010,2026-04-03,152,3286.64,Cancelled
ORD006229,P0080,S023,2026-05-30,631,4839.35,Cancelled
ORD006230,P0478,S009,2026-09-09,9,1681.38,Shipped
ORD006231,P0280,S011,2026-06-07,843,2876.49,Cancelled
ORD006232,P0443,S007,2026-08-11,736,3052.69,Delivered
ORD006233,P0241,S044,2026-06-04,262,3048.16,Shipped
ORD006234,P0157,S025,2026-07-16,6,1480.49,Processing
ORD006235,P0491,S007,2026-07-18,494,3608.08,Shipped
ORD006236,P0243,S012,2026-09-14,83,1318.63,Delivered
ORD006237,P0094,S032,2026-07-19,345,2681.32,Shipped
ORD006238,P0410,S010,2026-06-20,637,4162.58,Processing
ORD006239,P0229,S028,2026-07-10,635,4598.22,Cancelled
ORD006240,P0278,S034,2026-08-21,473,4704.13,Shipped
ORD006241,P0143,S022,2026-06-07,526,1297.33,Cancelled
ORD006242,P0495,S005,2026-06-07,242,1395.4,Delivered
ORD006243,P0475,S009,2026-08-27,740,4678.74,Processing
ORD006244,P0456,S001,2026-07-08,708,1648.18,Cancelled
ORD006245,P0357,S030,2026-05-09,341,3320.81,Delivered
ORD006246,P0298,S014,2026-09-18,258,1890.62,Processing
ORD006247,P0309,S002,2026-08-03,114,774.42,Shipped
ORD006248,P0147,S019,2026-08-06,491,3024.17,Cancelled
ORD006249,P0179,S027,2026-09-11,122,4606.4,Delivered
ORD006250,P0210,S036,2026-06-24,823,2016.29,Processing
ORD006251,P0472,S016,2026-09-19,889,4482.33,Cancelled
ORD006252,P0337,S027,2026-03-31,344,3070.31,Delivered
ORD006253,P0496,S015,2026-06-12,105,1900.05,Processing
ORD006254,P0067,S029,2026-09-20,651,4619.78,Processing
ORD006255,P0028,S014,2026-05-26,858,2205.56,Processing
ORD006256,P0367,S049,2026-09-06,931,2465.37,Cancelled
ORD006257,P0333,S011,2026-09-02,292,1498.27,Shipped
ORD006258,P0097,S005,2026-07-09,819,4034.36,Processing
ORD006259,P0040,S014,2026-08-31,557,3495.66,Cancelled
ORD006260,P0434,S012,2026-08-10,571,4521.35,Delivered
ORD006261,P0214,S005,2026-07-03,327,3487.8,Shipped
ORD006262,P0319,S033,2026-06-20,340,2572.86,Cancelled
ORD006263,P0182,S028,2026-05-22,334,3546.17,Shipped
ORD006264,P0268,S002,2026-04-13,170,3146.11,Processing
ORD006265,P0072,S005,2026-06-18,961,865.07,Cancelled
ORD006266,P0300,S003,2026-07-12,934,4627.38,Shipped
ORD006267,P0302,S046,2026-07-01,621,2634.6,Shipped
ORD006268,P0275,S033,2026-05-07,912,790.03,Shipped
ORD006269,P0453,S003,2026-07-16,337,779.04,Processing
ORD006270,P0343,S015,2026-04-13,860,3375.81,Cancelled
ORD006271,P0406,S047,2026-04-16,773,4325.72,Processing
ORD006272,P0470,S002,2026-05-03,213,4338.63,Cancelled
ORD006273,P0224,S019,2026-08-04,130,3940.36,Cancelled
ORD006274,P0200,S009,2026-08-10,438,4724.26,Shipped
ORD006275,P0242,S010,2026-05-10,542,2319.21,Cancelled
ORD006276,P0370,S016,2026-03-31,154,41.4,Cancelled
ORD006277,P0288,S015,2026-07-16,852,1350.5,Delivered
ORD006278,P0209,S012,2026-03-25,682,2689.35,Processing
ORD006279,P0327,S041,2026-05-31,356,4068.2,Shipped
ORD006280,P0125,S022,2026-07-24,913,2132.16,Processing
ORD006281,P0067,S029,2026-09-06,512,3225.14,Delivered
ORD006282,P0131,S022,2026-04-07,219,1704.89,Shipped
ORD006283,P0300,S031,2026-09-20,224,313.87,Processing
ORD006284,P0113,S048,2026-07-20,652,3349.28,Processing
ORD006285,P0282,S023,2026-05-06,836,4623.09,Cancelled
ORD006286,P0160,S046,2026-03-29,168,3945.41,Delivered
ORD006287,P0170,S022,2026-05-02,346,1458.87,Cancelled
ORD006288,P0310,S047,2026-08-04,809,3504.79,Processing
ORD006289,P0408,S029,2026-08-19,914,4578.36,Cancelled
ORD006290,P0020,S019,2026-09-06,107,528.95,Cancelled
ORD006291,P0276,S005,2026-08-13,369,3945.69,Cancelled
ORD006292,P0402,S019,2026-09-03,410,4348.53,Cancelled
ORD006293,P0271,S026,2026-05-22,862,3935.99,Shipped
ORD006294,P0312,S001,2026-06-29,305,4819.91,Shipped
ORD006295,P0344,S017,2026-08-02,765,3358.93,Cancelled
ORD006296,P0107,S012,2026-05-21,729,899.8,Delivered
ORD006297,P0084,S019,2026-09-16,558,3015.42,Shipped
ORD006298,P0239,S045,2026-08-07,449,154.75,Cancelled
ORD006299,P0123,S044,2026-05-04,630,1316.23,Shipped
ORD006300,P0431,S038,2026-08-20,694,4210.92,Processing
ORD006301,P0141,S003,2026-07-09,500,2068.78,Shipped
ORD006302,P0031,S006,2026-05-15,132,4720.83,Delivered
ORD006303,P0441,S016,2026-05-20,590,2563.14,Delivered
ORD006304,P0370,S033,2026-05-24,511,464.68,Cancelled
ORD006305,P0279,S015,2026-04-29,254,1785.71,Delivered
ORD006306,P0457,S036,2026-06-14,794,4991.08,Delivered
ORD006307,P0345,S002,2026-08-09,970,593.67,Processing
ORD006308,P0235,S018,2026-05-15,858,4042.5,Shipped
ORD006309,P0235,S002,2026-07-05,133,3183.08,Cancelled
ORD006310,P0085,S033,2026-07-27,786,2309.43,Shipped
ORD006311,P0188,S039,2026-06-29,442,3303.65,Shipped
ORD006312,P0357,S038,2026-07-20,684,4490.89,Shipped
ORD006313,P0175,S037,2026-07-28,352,3061.91,Shipped
ORD006314,P0014,S022,2026-06-26,332,4483.79,Processing
ORD006315,P0323,S025,2026-09-16,138,2820.09,Delivered
ORD006316,P0059,S020,2026-07-15,527,1829.1,Shipped
ORD006317,P0287,S015,2026-04-12,640,1731.42,Processing
ORD006318,P0161,S009,2026-09-16,757,4267.67,Shipped
ORD006319,P0415,S004,2026-04-29,966,2271.12,Processing
ORD006320,P0202,S042,2026-04-12,321,490.44,Delivered
ORD006321,P0323,S046,2026-08-27,190,471.73,Shipped
ORD006322,P0152,S046,2026-07-27,303,1605.15,Delivered
ORD006323,P0021,S043,2026-05-15,139,2373.19,Cancelled
ORD006324,P0452,S017,2026-08-30,475,1020.38,Processing
ORD006325,P0487,S004,2026-06-08,194,4114.45,Shipped
ORD006326,P0440,S016,2026-09-14,177,3620.24,Delivered
ORD006327,P0378,S019,2026-05-06,900,4956.54,Delivered
ORD006328,P0089,S038,2026-09-19,206,4993.35,Cancelled
ORD006329,P0149,S042,2026-05-22,856,3973.55,Delivered
ORD006330,P0129,S006,2026-08-18,181,3988.11,Delivered
ORD006331,P0462,S003,2026-08-12,371,3594.97,Processing
ORD006332,P0245,S037,2026-06-22,325,2919.14,Delivered
ORD006333,P0145,S031,2026-03-30,623,4566.36,Delivered
ORD006334,P0410,S042,2026-04-27,243,4522.15,Shipped
ORD006335,P0209,S001,2026-06-09,89,2772.9,Delivered
ORD006336,P0105,S020,2026-04-22,759,4816.53,Processing
ORD006337,P0411,S033,2026-05-30,728,1840.78,Delivered
ORD006338,P0110,S039,2026-05-14,786,3431.24,Cancelled
ORD006339,P0091,S030,2026-09-17,438,2738.85,Delivered
ORD006340,P0253,S016,2026-05-10,298,4098.74,Delivered
ORD006341,P0078,S002,2026-04-22,792,835.47,Delivered
ORD006342,P0363,S014,2026-09-18,515,427.08,Processing
ORD006343,P0048,S019,2026-04-03,607,4297.9,Delivered
ORD006344,P0317,S034,2026-05-04,974,3015.69,Delivered
ORD006345,P0195,S044,2026-08-19,423,1517.07,Shipped
ORD006346,P0097,S008,2026-05-03,845,2865.67,Delivered
ORD006347,P0079,S005,2026-08-02,687,1092.62,Shipped
ORD006348,P0494,S036,2026-07-02,745,4085.04,Processing
ORD006349,P0227,S010,2026-04-17,240,3804.27,Cancelled
ORD006350,P0028,S020,2026-07-27,998,4629.59,Delivered
ORD006351,P0044,S001,2026-07-25,879,3279.42,Delivered
ORD006352,P0059,S033,2026-08-29,813,3816.02,Shipped
ORD006353,P0165,S002,2026-04-02,115,1203.5,Processing
ORD006354,P0012,S049,2026-05-03,909,4930.65,Shipped
ORD006355,P0304,S024,2026-05-30,441,148.8,Cancelled
ORD006356,P0132,S034,2026-04-12,487,3852.03,Shipped
ORD006357,P0424,S046,2026-04-07,508,2274.37,Processing
ORD006358,P0363,S042,2026-06-23,471,768.6,Delivered
ORD006359,P0388,S048,2026-06-28,214,597.18,Delivered
ORD006360,P0340,S032,2026-05-13,983,3216.02,Delivered
ORD006361,P0334,S043,2026-04-16,763,4883.25,Delivered
ORD006362,P0395,S045,2026-06-12,774,2203.07,Delivered
ORD006363,P0389,S037,2026-05-11,627,1901.79,Processing
ORD006364,P0218,S026,2026-04-08,891,2313.67,Delivered
ORD006365,P0305,S039,2026-06-20,288,2018.94,Cancelled
ORD006366,P0352,S039,2026-07-03,252,4307.87,Processing
ORD006367,P0112,S045,2026-05-26,473,305.73,Cancelled
ORD006368,P0381,S044,2026-04-20,326,2619.35,Delivered
ORD006369,P0297,S032,2026-03-30,888,4566.23,Shipped
ORD006370,P0025,S036,2026-09-07,431,997.52,Processing
ORD006371,P0153,S014,2026-05-18,865,162.8,Cancelled
ORD006372,P0456,S035,2026-06-18,797,2459.69,Shipped
ORD006373,P0278,S045,2026-09-18,539,2764.78,Processing
ORD006374,P0240,S022,2026-05-25,615,3663.72,Cancelled
ORD006375,P0073,S034,2026-05-10,872,4447.82,Processing
ORD006376,P0192,S036,2026-09-15,969,1694.95,Shipped
ORD006377,P0162,S008,2026-06-23,217,3104.83,Delivered
ORD006378,P0489,S027,2026-08-18,801,129.39,Processing
ORD006379,P0266,S011,2026-06-11,797,3757.45,Cancelled
ORD006380,P0278,S036,2026-07-28,931,1038.9,Cancelled
ORD006381,P0203,S037,2026-05-13,862,3178.18,Processing
ORD006382,P0273,S002,2026-05-24,34,1297.91,Processing
ORD006383,P0131,S029,2026-07-07,373,2599.22,Cancelled
ORD006384,P0461,S018,2026-07-09,530,2159.33,Cancelled
ORD006385,P0051,S026,2026-05-31,237,2460.56,Delivered
ORD006386,P0020,S026,2026-04-26,234,537.19,Shipped
ORD006387,P0456,S011,2026-06-20,589,2216.9,Cancelled
ORD006388,P0063,S017,2026-04-02,367,2571.79,Delivered
ORD006389,P0053,S008,2026-08-02,768,3883.5,Shipped
ORD006390,P0190,S029,2026-04-13,183,2724.81,Shipped
ORD006391,P0360,S025,2026-05-17,914,351.53,Cancelled
ORD006392,P0196,S008,2026-08-08,105,1541.51,Delivered
ORD006393,P0450,S025,2026-05-13,78,455.74,Processing
ORD006394,P0384,S048,2026-07-04,23,3915.64,Shipped
ORD006395,P0364,S041,2026-06-18,277,1901.63,Shipped
ORD006396,P0090,S048,2026-05-29,408,2508.87,Processing
ORD006397,P0260,S049,2026-06-29,262,4625.25,Processing
ORD006398,P0232,S006,2026-07-29,274,4036.7,Processing
ORD006399,P0450,S044,2026-06-06,280,3163.1,Shipped
ORD006400,P0174,S037,2026-06-03,363,3376.09,Cancelled
ORD006401,P0005,S015,2026-03-31,8,4257.62,Delivered
ORD006402,P0490,S027,2026-08-24,659,4897.3,Processing
ORD006403,P0398,S010,2026-07-29,980,1110.53,Cancelled
ORD006404,P0242,S018,2026-08-21,704,637.28,Delivered
ORD006405,P0439,S047,2026-09-06,990,3832.1,Processing
ORD006406,P0409,S034,2026-07-01,238,2680.05,Delivered
ORD006407,P0167,S044,2026-08-19,647,2260.4,Processing
ORD006408,P0016,S050,2026-05-29,734,3026.75,Delivered
ORD006409,P0350,S024,2026-07-06,34,2722.54,Delivered
ORD006410,P0211,S045,2026-05-11,810,1305.51,Delivered
ORD006411,P0141,S034,2026-05-24,644,1266.87,Shipped
ORD006412,P0447,S048,2026-05-11,985,2374.57,Cancelled
ORD006413,P0008,S045,2026-04-01,431,871.88,Cancelled
ORD006414,P0170,S046,2026-08-17,677,2886.24,Delivered
ORD006415,P0416,S012,2026-06-10,609,4773.73,Shipped
ORD006416,P0314,S048,2026-06-04,397,2144.46,Shipped
ORD006417,P0071,S006,2026-06-07,760,3760.35,Cancelled
ORD006418,P0358,S023,2026-09-18,866,2181.26,Cancelled
ORD006419,P0087,S033,2026-06-19,8,4836.47,Delivered
ORD006420,P0496,S048,2026-07-08,911,4980.28,Delivered
ORD006421,P0229,S014,2026-09-05,278,1537.1,Shipped
ORD006422,P0385,S021,2026-09-18,600,928.78,Shipped
ORD006423,P0061,S027,2026-09-12,729,1072.16,Processing
ORD006424,P0217,S018,2026-05-04,932,3664.09,Cancelled
ORD006425,P0352,S044,2026-04-16,873,240.45,Delivered
ORD006426,P0007,S030,2026-07-15,570,4830.12,Delivered
ORD006427,P0350,S046,2026-04-25,638,1426.51,Shipped
ORD006428,P0208,S005,2026-07-16,756,3694.8,Delivered
ORD006429,P0448,S050,2026-06-01,970,4700.15,Shipped
ORD006430,P0145,S006,2026-08-14,716,4605.8,Shipped
ORD006431,P0321,S046,2026-05-07,913,3189.13,Processing
ORD006432,P0366,S023,2026-06-12,793,757.26,Processing
ORD006433,P0110,S031,2026-09-03,174,3375.77,Cancelled
ORD006434,P0441,S026,2026-06-23,675,2464.79,Delivered
ORD006435,P0107,S004,2026-09-08,941,701.22,Shipped
ORD006436,P0141,S041,2026-06-28,468,4753.42,Cancelled
ORD006437,P0424,S006,2026-04-17,350,2593.09,Processing
ORD006438,P0428,S034,2026-04-09,887,4939.65,Cancelled
ORD006439,P0346,S034,2026-04-02,810,2976.64,Delivered
ORD006440,P0250,S047,2026-03-24,591,612.9,Cancelled
ORD006441,P0039,S020,2026-04-23,956,2012.63,Shipped
ORD006442,P0365,S042,2026-06-29,84,4839.51,Processing
ORD006443,P0389,S037,2026-04-08,469,1822.57,Shipped
ORD006444,P0375,S050,2026-05-07,310,4367.08,Cancelled
ORD006445,P0492,S047,2026-05-17,833,3850.39,Shipped
ORD006446,P0124,S032,2026-05-10,739,3348.84,Shipped
ORD006447,P0346,S047,2026-08-14,508,2297.87,Delivered
ORD006448,P0287,S036,2026-07-22,909,613.79,Processing
ORD006449,P0125,S012,2026-06-19,343,4657.79,Processing
ORD006450,P0385,S042,2026-04-15,745,3856.76,Delivered
ORD006451,P0497,S011,2026-08-11,774,838.33,Cancelled
ORD006452,P0498,S038,2026-08-17,62,3076.38,Cancelled
ORD006453,P0373,S002,2026-07-07,152,2710.3,Shipped
ORD006454,P0282,S014,2026-05-15,849,2859.74,Shipped
ORD006455,P0033,S027,2026-07-19,315,2018.53,Processing
ORD006456,P0394,S046,2026-04-20,2,4147.25,Processing
ORD006457,P0382,S031,2026-09-14,10,4161.51,Delivered
ORD006458,P0024,S016,2026-07-16,500,2605.73,Delivered
ORD006459,P0324,S033,2026-08-06,770,3668.54,Cancelled
ORD006460,P0116,S011,2026-08-19,38,2498.57,Delivered
ORD006461,P0494,S033,2026-08-17,241,1372.08,Shipped
ORD006462,P0080,S044,2026-08-23,712,3460.91,Cancelled
ORD006463,P0277,S029,2026-06-09,886,2052.74,Processing
ORD006464,P0210,S023,2026-08-28,61,4263.59,Shipped
ORD006465,P0443,S018,2026-09-12,832,1708.17,Shipped
ORD006466,P0069,S028,2026-07-15,483,1981.88,Shipped
ORD006467,P0396,S039,2026-04-15,523,809.2,Delivered
ORD006468,P0301,S018,2026-07-16,511,2388.38,Shipped
ORD006469,P0440,S003,2026-03-24,199,1543.58,Processing
ORD006470,P0032,S012,2026-05-01,448,4875.09,Cancelled
ORD006471,P0116,S004,2026-08-27,222,633.79,Cancelled
ORD006472,P0488,S017,2026-09-09,354,867.43,Shipped
ORD006473,P0115,S016,2026-07-15,11,3062.82,Delivered
ORD006474,P0386,S050,2026-07-20,840,1296.97,Delivered
ORD006475,P0117,S022,2026-06-29,89,2169.08,Shipped
ORD006476,P0332,S010,2026-04-30,279,2330.27,Cancelled
ORD006477,P0063,S009,2026-06-26,351,3543.37,Processing
ORD006478,P0390,S041,2026-07-25,589,2971.84,Delivered
ORD006479,P0369,S023,2026-04-08,861,4193.03,Processing
ORD006480,P0371,S050,2026-07-04,418,3006.39,Processing
ORD006481,P0070,S032,2026-05-12,445,1160.44,Shipped
ORD006482,P0077,S035,2026-04-26,967,1781.21,Cancelled
ORD006483,P0396,S050,2026-05-03,533,1162.08,Processing
ORD006484,P0255,S044,2026-05-19,181,939.33,Processing
ORD006485,P0019,S015,2026-04-19,830,1154.84,Cancelled
ORD006486,P0366,S004,2026-09-18,8,2720.66,Shipped
ORD006487,P0336,S014,2026-04-29,258,4678.67,Delivered
ORD006488,P0381,S029,2026-05-15,12,1342.82,Processing
ORD006489,P0455,S049,2026-05-22,202,3417.17,Processing
ORD006490,P0144,S024,2026-08-07,409,3176.74,Delivered
ORD006491,P0185,S042,2026-04-25,499,4455.35,Delivered
ORD006492,P0238,S015,2026-05-31,451,514.13,Shipped
ORD006493,P0347,S008,2026-09-15,489,4747.89,Cancelled
ORD006494,P0009,S042,2026-08-09,643,1936.95,Shipped
ORD006495,P0183,S020,2026-09-20,310,3642.25,Processing
ORD006496,P0189,S032,2026-04-17,682,3486.67,Processing
ORD006497,P0318,S043,2026-07-20,162,2181.03,Delivered
ORD006498,P0106,S046,2026-06-14,149,3149.9,Cancelled
ORD006499,P0332,S039,2026-05-13,439,2616.75,Shipped
ORD006500,P0105,S017,2026-08-28,744,4808.15,Processing
ORD006501,P0412,S037,2026-09-02,39,1112.53,Cancelled
ORD006502,P0467,S039,2026-08-28,480,4569.39,Processing
ORD006503,P0109,S006,2026-09-13,711,1867.75,Processing
ORD006504,P0049,S039,2026-05-05,523,1876.91,Cancelled
ORD006505,P0409,S024,2026-06-20,799,412.68,Delivered
ORD006506,P0170,S001,2026-04-25,406,2185.2,Cancelled
ORD006507,P0344,S050,2026-09-03,38,2022.33,Cancelled
ORD006508,P0153,S032,2026-05-20,428,2360.45,Shipped
ORD006509,P0296,S044,2026-08-16,545,2148.53,Processing
ORD006510,P0299,S023,2026-08-14,742,3082.03,Delivered
ORD006511,P0271,S022,2026-05-22,190,1558.99,Cancelled
ORD006512,P0087,S010,2026-06-29,106,1633.02,Cancelled
ORD006513,P0465,S044,2026-05-24,453,1481.83,Cancelled
ORD006514,P0306,S039,2026-05-21,264,3079.28,Shipped
ORD006515,P0103,S036,2026-03-25,577,1745.85,Shipped
ORD006516,P0186,S028,2026-07-08,798,3315.99,Shipped
ORD006517,P0039,S031,2026-05-13,60,2572.6,Processing
ORD006518,P0028,S010,2026-04-01,757,4262.34,Delivered
ORD006519,P0075,S048,2026-09-09,827,4725.09,Processing
ORD006520,P0344,S025,2026-06-29,227,3417.65,Processing
ORD006521,P0377,S025,2026-06-21,673,3975.7,Processing
ORD006522,P0424,S012,2026-09-20,175,4735.9,Processing
ORD006523,P0471,S033,2026-06-04,463,1346.83,Processing
ORD006524,P0034,S028,2026-08-24,684,1963.27,Delivered
ORD006525,P0064,S003,2026-08-19,618,61.78,Cancelled
ORD006526,P0369,S047,2026-07-03,24,3741.47,Processing
ORD006527,P0212,S020,2026-05-02,312,4620.63,Cancelled
ORD006528,P0454,S037,2026-08-13,644,3457.34,Cancelled
ORD006529,P0183,S040,2026-08-02,372,3154.2,Shipped
ORD006530,P0248,S028,2026-04-16,815,300.82,Delivered
ORD006531,P0102,S032,2026-08-24,100,4593.1,Shipped
ORD006532,P0339,S024,2026-09-08,654,4748.44,Delivered
ORD006533,P0147,S023,2026-03-27,770,2459.3,Processing
ORD006534,P0215,S028,2026-06-01,985,2877.5,Shipped
ORD006535,P0469,S032,2026-05-28,812,1074.91,Processing
ORD006536,P0226,S050,2026-08-09,563,4412.09,Shipped
ORD006537,P0257,S037,2026-04-26,31,3299.31,Cancelled
ORD006538,P0177,S006,2026-07-13,567,965.0,Shipped
ORD006539,P0227,S006,2026-07-17,608,2648.04,Processing
ORD006540,P0141,S016,2026-07-15,835,1327.47,Delivered
ORD006541,P0420,S026,2026-08-26,521,1601.37,Processing
ORD006542,P0021,S026,2026-07-30,162,3737.06,Delivered
ORD006543,P0123,S003,2026-05-01,524,4304.26,Cancelled
ORD006544,P0202,S039,2026-06-03,976,3202.5,Shipped
ORD006545,P0153,S050,2026-05-19,896,1168.65,Shipped
ORD006546,P0208,S039,2026-08-06,338,892.25,Delivered
ORD006547,P0420,S007,2026-05-10,703,1784.79,Delivered
ORD006548,P0259,S029,2026-05-23,66,35.49,Delivered
ORD006549,P0170,S020,2026-05-16,430,3113.27,Cancelled
ORD006550,P0001,S020,2026-07-11,602,4013.88,Processing
ORD006551,P0207,S017,2026-07-24,452,1388.26,Cancelled
ORD006552,P0063,S043,2026-08-20,760,4407.89,Cancelled
ORD006553,P0096,S012,2026-04-13,119,4064.32,Delivered
ORD006554,P0373,S037,2026-05-23,836,3406.09,Shipped
ORD006555,P0283,S027,2026-06-21,728,2518.52,Delivered
ORD006556,P0289,S041,2026-09-03,46,221.6,Shipped
ORD006557,P0161,S034,2026-04-24,617,1115.84,Processing
ORD006558,P0068,S035,2026-06-27,426,3576.1,Cancelled
ORD006559,P0052,S015,2026-03-24,528,1575.84,Delivered
ORD006560,P0086,S038,2026-03-30,347,3929.17,Cancelled
ORD006561,P0405,S034,2026-05-12,12,538.58,Delivered
ORD006562,P0095,S019,2026-04-10,831,1775.57,Cancelled
ORD006563,P0494,S035,2026-04-17,95,4556.99,Delivered
ORD006564,P0383,S042,2026-06-30,828,462.18,Shipped
ORD006565,P0291,S050,2026-08-26,593,588.52,Cancelled
ORD006566,P0402,S047,2026-08-31,383,190.55,Shipped
ORD006567,P0062,S037,2026-06-18,98,3362.5,Processing
ORD006568,P0211,S035,2026-08-18,449,416.6,Cancelled
ORD006569,P0253,S005,2026-09-09,495,48.86,Delivered
ORD006570,P0160,S040,2026-09-04,971,746.54,Processing
ORD006571,P0385,S036,2026-05-04,929,3579.79,Shipped
ORD006572,P0252,S045,2026-03-28,104,3004.81,Delivered
ORD006573,P0493,S038,2026-05-02,226,1045.6,Processing
ORD006574,P0391,S013,2026-04-12,287,2886.67,Processing
ORD006575,P0022,S037,2026-04-27,893,4710.64,Shipped
ORD006576,P0341,S004,2026-04-03,967,4960.21,Processing
ORD006577,P0447,S044,2026-07-24,75,4678.81,Cancelled
ORD006578,P0186,S034,2026-07-28,570,1750.3,Processing
ORD006579,P0131,S035,2026-07-16,8,1949.41,Delivered
ORD006580,P0354,S012,2026-04-10,927,2078.42,Processing
ORD006581,P0333,S015,2026-04-01,939,307.13,Cancelled
ORD006582,P0426,S024,2026-08-22,966,376.43,Shipped
ORD006583,P0345,S006,2026-07-27,173,559.74,Cancelled
ORD006584,P0426,S042,2026-04-05,65,2714.79,Delivered
ORD006585,P0374,S009,2026-09-10,885,3344.19,Processing
ORD006586,P0315,S039,2026-09-13,949,1116.04,Delivered
ORD006587,P0167,S023,2026-05-09,598,4375.34,Cancelled
ORD006588,P0369,S009,2026-08-19,61,2151.66,Processing
ORD006589,P0059,S019,2026-05-19,836,3317.12,Cancelled
ORD006590,P0337,S045,2026-08-13,518,3508.56,Delivered
ORD006591,P0452,S038,2026-03-29,721,1940.65,Delivered
ORD006592,P0391,S026,2026-08-17,881,2742.39,Shipped
ORD006593,P0016,S023,2026-06-23,168,454.38,Processing
ORD006594,P0432,S014,2026-04-05,812,2116.74,Delivered
ORD006595,P0403,S018,2026-07-05,795,525.06,Delivered
ORD006596,P0131,S048,2026-05-27,816,4038.29,Delivered
ORD006597,P0360,S005,2026-08-09,709,3059.81,Delivered
ORD006598,P0020,S050,2026-05-28,566,4205.49,Shipped
ORD006599,P0289,S021,2026-07-10,270,1409.64,Shipped
ORD006600,P0420,S026,2026-03-31,12,2957.21,Shipped
ORD006601,P0018,S027,2026-07-30,848,667.2,Cancelled
ORD006602,P0175,S026,2026-05-30,443,2974.66,Processing
ORD006603,P0317,S041,2026-09-15,560,4573.62,Shipped
ORD006604,P0335,S003,2026-08-17,499,1296.88,Shipped
ORD006605,P0157,S010,2026-04-13,682,3097.13,Delivered
ORD006606,P0318,S023,2026-06-06,466,4650.26,Cancelled
ORD006607,P0092,S021,2026-07-12,869,960.77,Shipped
ORD006608,P0208,S049,2026-07-18,400,3028.05,Shipped
ORD006609,P0023,S007,2026-05-12,401,4691.39,Shipped
ORD006610,P0072,S034,2026-07-28,646,2010.26,Cancelled
ORD006611,P0345,S046,2026-06-07,385,4451.78,Shipped
ORD006612,P0465,S001,2026-08-20,138,4830.77,Cancelled
ORD006613,P0312,S029,2026-04-26,981,1946.54,Delivered
ORD006614,P0199,S009,2026-07-01,788,3598.61,Cancelled
ORD006615,P0005,S050,2026-07-13,195,1549.12,Processing
ORD006616,P0414,S026,2026-06-01,898,2746.47,Cancelled
ORD006617,P0334,S003,2026-07-25,128,1985.21,Cancelled
ORD006618,P0430,S032,2026-05-03,764,2460.45,Shipped
ORD006619,P0081,S005,2026-04-04,919,1825.98,Cancelled
ORD006620,P0106,S006,2026-04-26,735,4689.68,Shipped
ORD006621,P0141,S012,2026-04-30,985,1023.36,Processing
ORD006622,P0424,S048,2026-06-19,400,4157.4,Delivered
ORD006623,P0165,S048,2026-08-04,858,2617.18,Shipped
ORD006624,P0200,S005,2026-08-24,464,906.97,Shipped
ORD006625,P0174,S050,2026-04-07,154,51.19,Shipped
ORD006626,P0170,S013,2026-05-21,786,447.41,Delivered
ORD006627,P0140,S024,2026-08-02,941,2074.41,Shipped
ORD006628,P0492,S040,2026-08-27,236,1447.89,Processing
ORD006629,P0077,S009,2026-05-25,744,3591.96,Delivered
ORD006630,P0310,S006,2026-03-25,905,742.95,Shipped
ORD006631,P0456,S048,2026-05-29,232,3630.43,Shipped
ORD006632,P0329,S005,2026-09-18,288,4311.98,Cancelled
ORD006633,P0114,S017,2026-08-02,712,4535.6,Processing
ORD006634,P0432,S041,2026-09-14,477,4380.99,Cancelled
ORD006635,P0391,S035,2026-08-22,155,3448.98,Shipped
ORD006636,P0388,S010,2026-04-04,99,4640.57,Cancelled
ORD006637,P0076,S015,2026-08-06,95,1092.88,Delivered
ORD006638,P0056,S042,2026-07-30,16,4800.97,Cancelled
ORD006639,P0442,S020,2026-05-01,167,4867.39,Shipped
ORD006640,P0266,S050,2026-07-20,632,3776.55,Cancelled
ORD006641,P0348,S022,2026-05-18,371,2524.63,Cancelled
ORD006642,P0398,S023,2026-06-04,888,646.21,Processing
ORD006643,P0154,S033,2026-09-19,536,4752.25,Processing
ORD006644,P0384,S049,2026-05-13,506,4121.59,Processing
ORD006645,P0160,S019,2026-06-12,766,936.54,Shipped
ORD006646,P0168,S008,2026-05-14,70,4496.19,Processing
ORD006647,P0013,S022,2026-08-12,48,4924.68,Shipped
ORD006648,P0188,S015,2026-06-18,568,3683.72,Processing
ORD006649,P0493,S031,2026-08-01,163,45.51,Shipped
ORD006650,P0204,S031,2026-07-14,446,1904.66,Cancelled
ORD006651,P0273,S009,2026-04-04,554,2734.45,Cancelled
ORD006652,P0165,S046,2026-06-08,714,4140.7,Cancelled
ORD006653,P0371,S043,2026-04-13,133,287.52,Cancelled
ORD006654,P0107,S005,2026-06-12,701,4211.6,Processing
ORD006655,P0285,S024,2026-07-01,619,956.02,Shipped
ORD006656,P0203,S009,2026-04-27,98,3286.77,Delivered
ORD006657,P0431,S019,2026-07-25,729,4493.4,Delivered
ORD006658,P0405,S017,2026-05-28,226,28.93,Delivered
ORD006659,P0413,S025,2026-03-27,84,1394.04,Shipped
ORD006660,P0073,S038,2026-06-23,808,4337.65,Cancelled
ORD006661,P0181,S046,2026-06-10,473,1566.32,Processing
ORD006662,P0036,S039,2026-05-17,815,3065.53,Cancelled
ORD006663,P0416,S008,2026-04-17,700,4257.95,Processing
ORD006664,P0420,S016,2026-05-21,909,1390.37,Cancelled
ORD006665,P0319,S028,2026-05-05,863,3080.17,Delivered
ORD006666,P0013,S049,2026-04-16,47,3734.1,Shipped
ORD006667,P0151,S020,2026-05-20,615,3002.26,Shipped
ORD006668,P0359,S023,2026-08-09,834,2762.23,Cancelled
ORD006669,P0036,S047,2026-08-31,544,2622.23,Delivered
ORD006670,P0263,S026,2026-07-23,55,4740.67,Processing
ORD006671,P0188,S037,2026-04-22,605,775.7,Shipped
ORD006672,P0234,S028,2026-05-18,941,1105.76,Processing
ORD006673,P0463,S019,2026-07-27,598,4338.75,Processing
ORD006674,P0061,S011,2026-05-17,172,939.22,Shipped
ORD006675,P0286,S003,2026-05-30,952,4400.35,Delivered
ORD006676,P0231,S014,2026-06-06,703,597.12,Shipped
ORD006677,P0112,S026,2026-08-05,569,2321.99,Cancelled
ORD006678,P0371,S032,2026-07-22,262,41.82,Delivered
ORD006679,P0207,S025,2026-05-19,421,4299.55,Shipped
ORD006680,P0007,S001,2026-07-04,689,4835.23,Cancelled
ORD006681,P0083,S036,2026-04-28,873,781.73,Processing
ORD006682,P0331,S035,2026-09-15,131,613.4,Processing
ORD006683,P0213,S035,2026-07-30,169,2409.0,Shipped
ORD006684,P0069,S028,2026-07-14,268,3544.49,Processing
ORD006685,P0106,S013,2026-08-24,871,65.36,Shipped
ORD006686,P0330,S038,2026-06-24,859,2160.13,Processing
ORD006687,P0390,S003,2026-09-09,922,2017.46,Cancelled
ORD006688,P0455,S018,2026-04-01,557,1768.05,Processing
ORD006689,P0094,S013,2026-04-17,259,3270.62,Shipped
ORD006690,P0175,S034,2026-05-15,831,3637.75,Delivered
ORD006691,P0495,S034,2026-04-21,674,1553.34,Cancelled
ORD006692,P0051,S010,2026-06-21,991,1314.33,Delivered
ORD006693,P0447,S025,2026-03-31,768,1182.84,Delivered
ORD006694,P0388,S046,2026-07-23,20,1541.58,Processing
ORD006695,P0130,S041,2026-06-28,973,2649.85,Delivered
ORD006696,P0211,S047,2026-09-16,347,2901.13,Shipped
ORD006697,P0413,S041,2026-08-12,727,1867.64,Shipped
ORD006698,P0038,S040,2026-05-05,253,2503.21,Processing
ORD006699,P0107,S049,2026-04-19,874,2056.46,Cancelled
ORD006700,P0296,S032,2026-06-18,182,2449.42,Cancelled
ORD006701,P0267,S032,2026-07-11,488,2445.7,Processing
ORD006702,P0404,S036,2026-06-24,436,368.79,Shipped
ORD006703,P0249,S017,2026-04-15,610,374.14,Shipped
ORD006704,P0397,S036,2026-05-19,25,4800.07,Shipped
ORD006705,P0222,S032,2026-05-08,876,660.08,Processing
ORD006706,P0311,S001,2026-08-26,696,4058.94,Cancelled
ORD006707,P0187,S002,2026-04-22,34,478.94,Delivered
ORD006708,P0313,S007,2026-05-20,343,1546.66,Delivered
ORD006709,P0145,S012,2026-06-10,768,1002.06,Shipped
ORD006710,P0317,S011,2026-07-29,777,382.18,Delivered
ORD006711,P0002,S047,2026-04-15,538,4754.3,Delivered
ORD006712,P0398,S017,2026-06-30,846,2306.74,Delivered
ORD006713,P0430,S041,2026-06-11,820,3296.78,Delivered
ORD006714,P0464,S031,2026-06-19,230,2656.27,Delivered
ORD006715,P0233,S040,2026-06-29,962,2865.76,Cancelled
ORD006716,P0119,S025,2026-09-10,463,915.72,Delivered
ORD006717,P0346,S026,2026-08-20,122,234.82,Processing
ORD006718,P0235,S012,2026-05-12,443,1534.71,Processing
ORD006719,P0187,S033,2026-04-07,818,1940.9,Cancelled
ORD006720,P0459,S018,2026-05-03,934,1821.73,Cancelled
ORD006721,P0341,S049,2026-04-19,662,1826.54,Cancelled
ORD006722,P0101,S011,2026-08-29,787,4383.45,Cancelled
ORD006723,P0061,S008,2026-03-25,698,1684.86,Delivered
ORD006724,P0347,S032,2026-07-21,211,3130.5,Processing
ORD006725,P0003,S038,2026-07-07,435,2544.8,Cancelled
ORD006726,P0283,S045,2026-08-01,549,4338.74,Cancelled
ORD006727,P0018,S049,2026-04-09,537,1721.68,Cancelled
ORD006728,P0483,S023,2026-05-14,513,1898.73,Cancelled
ORD006729,P0151,S014,2026-08-22,972,3487.34,Processing
ORD006730,P0141,S018,2026-07-07,905,2485.96,Processing
ORD006731,P0103,S010,2026-06-29,502,1984.11,Cancelled
ORD006732,P0218,S049,2026-09-08,896,1759.74,Cancelled
ORD006733,P0377,S022,2026-05-30,531,2227.8,Cancelled
ORD006734,P0317,S017,2026-06-30,839,2921.0,Shipped
ORD006735,P0382,S006,2026-07-15,358,1774.38,Processing
ORD006736,P0438,S029,2026-06-02,929,1271.18,Shipped
ORD006737,P0019,S046,2026-09-05,654,657.25,Delivered
ORD006738,P0124,S029,2026-06-25,508,856.57,Delivered
ORD006739,P0372,S018,2026-08-14,696,4160.43,Cancelled
ORD006740,P0450,S015,2026-06-12,658,3122.48,Shipped
ORD006741,P0122,S029,2026-03-30,825,4075.56,Shipped
ORD006742,P0444,S003,2026-08-12,792,4839.51,Delivered
ORD006743,P0118,S035,2026-06-27,222,1001.62,Shipped
ORD006744,P0298,S013,2026-07-05,192,3610.86,Delivered
ORD006745,P0209,S039,2026-05-26,389,1521.69,Delivered
ORD006746,P0471,S018,2026-09-18,831,3906.21,Cancelled
ORD006747,P0235,S014,2026-05-19,57,4838.28,Shipped
ORD006748,P0181,S001,2026-04-15,740,4400.76,Processing
ORD006749,P0416,S046,2026-05-08,264,4193.77,Shipped
ORD006750,P0024,S048,2026-04-19,901,714.35,Shipped
ORD006751,P0118,S035,2026-08-03,463,3161.88,Cancelled
ORD006752,P0104,S019,2026-05-15,947,1978.9,Shipped
ORD006753,P0219,S018,2026-09-05,709,4917.41,Cancelled
ORD006754,P0382,S003,2026-07-12,254,1099.87,Processing
ORD006755,P0101,S037,2026-07-26,635,2377.94,Delivered
ORD006756,P0305,S010,2026-06-17,802,277.89,Shipped
ORD006757,P0028,S006,2026-04-10,22,903.41,Cancelled
ORD006758,P0023,S031,2026-07-13,824,2671.27,Shipped
ORD006759,P0201,S020,2026-04-22,531,1319.23,Cancelled
ORD006760,P0290,S041,2026-07-23,481,1018.9,Processing
ORD006761,P0442,S002,2026-05-23,438,445.1,Shipped
ORD006762,P0456,S021,2026-05-18,458,4312.43,Shipped
ORD006763,P0362,S031,2026-06-01,541,2954.31,Shipped
ORD006764,P0485,S023,2026-03-29,685,3789.43,Processing
ORD006765,P0017,S012,2026-07-06,779,2342.04,Cancelled
ORD006766,P0241,S022,2026-08-06,444,3783.52,Delivered
ORD006767,P0044,S041,2026-07-25,867,4572.37,Delivered
ORD006768,P0308,S012,2026-05-03,245,4416.4,Cancelled
ORD006769,P0442,S014,2026-04-17,584,557.84,Processing
ORD006770,P0237,S017,2026-07-27,373,2995.13,Shipped
ORD006771,P0053,S045,2026-09-12,755,4830.5,Processing
ORD006772,P0211,S033,2026-07-29,457,54.82,Delivered
ORD006773,P0297,S005,2026-07-27,777,233.9,Cancelled
ORD006774,P0187,S008,2026-09-04,908,159.51,Cancelled
ORD006775,P0021,S032,2026-05-31,37,4828.43,Processing
ORD006776,P0349,S042,2026-08-08,309,2212.42,Shipped
ORD006777,P0497,S013,2026-08-02,825,63.04,Shipped
ORD006778,P0431,S050,2026-08-03,360,2317.58,Cancelled
ORD006779,P0338,S019,2026-06-16,707,3395.18,Shipped
ORD006780,P0318,S009,2026-05-30,491,931.67,Delivered
ORD006781,P0006,S013,2026-08-28,121,4335.69,Processing
ORD006782,P0403,S025,2026-09-09,823,4930.28,Processing
ORD006783,P0220,S032,2026-04-14,763,2601.09,Shipped
ORD006784,P0137,S003,2026-05-29,565,2814.22,Shipped
ORD006785,P0111,S002,2026-08-21,205,4979.28,Delivered
ORD006786,P0321,S024,2026-07-20,447,35.34,Shipped
ORD006787,P0217,S040,2026-05-02,640,3908.38,Delivered
ORD006788,P0082,S014,2026-06-24,854,4561.28,Delivered
ORD006789,P0311,S039,2026-04-26,675,3116.03,Cancelled
ORD006790,P0113,S002,2026-05-13,983,3005.98,Processing
ORD006791,P0184,S026,2026-05-25,362,1331.04,Delivered
ORD006792,P0016,S029,2026-05-25,612,3216.91,Delivered
ORD006793,P0141,S004,2026-06-22,824,908.2,Cancelled
ORD006794,P0474,S011,2026-05-16,27,596.2,Shipped
ORD006795,P0048,S036,2026-05-18,1000,4607.71,Delivered
ORD006796,P0150,S009,2026-03-29,206,401.15,Processing
ORD006797,P0020,S049,2026-09-19,710,4273.07,Processing
ORD006798,P0155,S034,2026-04-07,896,630.98,Delivered
ORD006799,P0122,S004,2026-08-16,932,4804.07,Shipped
ORD006800,P0148,S046,2026-08-06,460,1095.4,Shipped
ORD006801,P0388,S032,2026-07-15,615,2240.88,Processing
ORD006802,P0416,S034,2026-08-21,964,3744.86,Shipped
ORD006803,P0327,S044,2026-06-16,336,1191.14,Delivered
ORD006804,P0440,S006,2026-06-27,549,792.5,Processing
ORD006805,P0097,S049,2026-09-13,528,4353.0,Cancelled
ORD006806,P0437,S009,2026-06-02,601,1781.63,Delivered
ORD006807,P0176,S012,2026-07-31,892,1818.06,Cancelled
ORD006808,P0215,S050,2026-09-15,541,3919.38,Delivered
ORD006809,P0464,S022,2026-06-18,606,214.68,Delivered
ORD006810,P0064,S037,2026-08-02,434,3642.37,Shipped
ORD006811,P0135,S048,2026-06-09,514,2272.88,Delivered
ORD006812,P0410,S022,2026-09-12,16,4124.54,Shipped
ORD006813,P0284,S019,2026-08-02,600,3699.86,Shipped
ORD006814,P0262,S037,2026-03-31,140,3275.49,Shipped
ORD006815,P0365,S019,2026-07-06,43,1194.26,Shipped
ORD006816,P0228,S027,2026-03-30,610,4652.1,Shipped
ORD006817,P0308,S045,2026-06-22,820,3870.21,Processing
ORD006818,P0441,S022,2026-06-26,521,2558.79,Delivered
ORD006819,P0388,S046,2026-07-31,138,3323.6,Cancelled
ORD006820,P0398,S022,2026-07-14,308,2240.67,Cancelled
ORD006821,P0255,S032,2026-08-31,279,1866.8,Processing
ORD006822,P0146,S046,2026-06-26,121,639.69,Cancelled
ORD006823,P0436,S019,2026-04-30,755,2938.11,Processing
ORD006824,P0306,S031,2026-07-25,631,202.3,Cancelled
ORD006825,P0364,S019,2026-04-08,896,1661.36,Shipped
ORD006826,P0146,S036,2026-08-24,853,1559.59,Cancelled
ORD006827,P0459,S017,2026-07-20,945,3600.94,Delivered
ORD006828,P0219,S009,2026-07-13,203,3391.94,Shipped
ORD006829,P0338,S032,2026-07-09,121,778.65,Shipped
ORD006830,P0114,S022,2026-08-21,924,159.06,Processing
ORD006831,P0221,S029,2026-07-17,270,3124.09,Delivered
ORD006832,P0155,S008,2026-06-28,802,782.77,Processing
ORD006833,P0076,S044,2026-07-27,495,1992.53,Processing
ORD006834,P0483,S019,2026-04-09,837,1845.41,Delivered
ORD006835,P0322,S013,2026-09-17,283,525.06,Delivered
ORD006836,P0174,S019,2026-04-07,984,1829.04,Processing
ORD006837,P0181,S023,2026-06-06,638,4817.5,Shipped
ORD006838,P0411,S012,2026-07-13,982,623.9,Processing
ORD006839,P0191,S043,2026-05-15,496,3499.78,Cancelled
ORD006840,P0261,S004,2026-07-08,574,4103.66,Shipped
ORD006841,P0155,S048,2026-03-25,595,467.37,Cancelled
ORD006842,P0151,S013,2026-04-06,82,2373.51,Shipped
ORD006843,P0349,S031,2026-06-16,573,1612.09,Processing
ORD006844,P0321,S046,2026-04-16,593,2289.39,Processing
ORD006845,P0201,S036,2026-05-20,393,4436.96,Processing
ORD006846,P0343,S044,2026-04-10,431,189.87,Shipped
ORD006847,P0348,S002,2026-09-05,91,176.73,Shipped
ORD006848,P0101,S039,2026-08-12,81,473.24,Shipped
ORD006849,P0089,S003,2026-05-15,166,2035.43,Delivered
ORD006850,P0313,S046,2026-04-01,195,3433.0,Processing
ORD006851,P0482,S037,2026-05-18,444,1222.54,Delivered
ORD006852,P0466,S001,2026-05-10,682,3348.86,Processing
ORD006853,P0287,S041,2026-08-10,459,2598.61,Delivered
ORD006854,P0273,S040,2026-08-14,217,2645.78,Shipped
ORD006855,P0267,S007,2026-07-17,771,3782.05,Cancelled
ORD006856,P0207,S016,2026-07-12,766,4411.03,Processing
ORD006857,P0279,S015,2026-03-26,307,2567.39,Delivered
ORD006858,P0151,S012,2026-05-10,761,3831.96,Cancelled
ORD006859,P0247,S018,2026-06-06,153,3642.37,Cancelled
ORD006860,P0141,S002,2026-06-10,264,2320.87,Processing
ORD006861,P0392,S011,2026-09-15,780,2479.57,Cancelled
ORD006862,P0123,S029,2026-07-06,609,3926.63,Shipped
ORD006863,P0048,S044,2026-08-03,710,2752.83,Cancelled
ORD006864,P0140,S040,2026-06-09,581,852.14,Cancelled
ORD006865,P0229,S043,2026-08-05,91,1536.72,Shipped
ORD006866,P0418,S040,2026-06-30,223,4913.96,Shipped
ORD006867,P0048,S021,2026-05-26,339,4042.35,Cancelled
ORD006868,P0335,S010,2026-06-11,201,3079.1,Delivered
ORD006869,P0321,S025,2026-05-02,812,3971.69,Delivered
ORD006870,P0481,S037,2026-08-13,825,1881.41,Cancelled
ORD006871,P0215,S043,2026-07-01,828,2601.61,Delivered
ORD006872,P0276,S012,2026-09-09,860,704.13,Processing
ORD006873,P0341,S050,2026-05-25,666,3154.42,Processing
ORD006874,P0197,S036,2026-05-31,503,695.48,Delivered
ORD006875,P0240,S014,2026-05-20,236,2434.99,Shipped
ORD006876,P0199,S044,2026-04-06,730,330.97,Cancelled
ORD006877,P0471,S020,2026-07-27,724,4417.42,Shipped
ORD006878,P0257,S016,2026-07-28,53,4641.93,Shipped
ORD006879,P0300,S025,2026-06-15,703,4002.41,Shipped
ORD006880,P0398,S029,2026-09-12,679,2002.98,Shipped
ORD006881,P0258,S025,2026-07-19,576,3388.24,Delivered
ORD006882,P0173,S005,2026-06-22,871,3676.46,Cancelled
ORD006883,P0384,S031,2026-09-03,668,2127.5,Shipped
ORD006884,P0136,S014,2026-08-25,992,2077.01,Processing
ORD006885,P0240,S003,2026-05-05,377,2061.32,Shipped
ORD006886,P0182,S013,2026-07-13,904,1264.04,Shipped
ORD006887,P0022,S004,2026-05-08,299,763.12,Cancelled
ORD006888,P0129,S030,2026-07-15,733,507.76,Shipped
ORD006889,P0026,S016,2026-04-28,334,423.28,Delivered
ORD006890,P0498,S034,2026-08-17,356,3356.64,Delivered
ORD006891,P0210,S024,2026-06-19,643,515.4,Processing
ORD006892,P0451,S036,2026-06-13,328,257.81,Delivered
ORD006893,P0135,S013,2026-08-31,935,936.29,Processing
ORD006894,P0257,S031,2026-08-15,921,2122.34,Processing
ORD006895,P0438,S032,2026-05-10,688,2959.31,Delivered
ORD006896,P0066,S014,2026-06-03,210,2744.36,Delivered
ORD006897,P0021,S048,2026-07-04,820,2531.98,Delivered
ORD006898,P0023,S003,2026-07-27,373,764.0,Delivered
ORD006899,P0137,S023,2026-08-06,471,4501.9,Shipped
ORD006900,P0426,S050,2026-08-19,417,1815.63,Delivered
ORD006901,P0434,S009,2026-06-17,485,104.54,Processing
ORD006902,P0316,S040,2026-06-21,440,487.46,Delivered
ORD006903,P0111,S021,2026-06-06,926,4900.76,Processing
ORD006904,P0160,S001,2026-04-04,643,2425.06,Shipped
ORD006905,P0114,S003,2026-04-24,439,393.29,Processing
ORD006906,P0056,S026,2026-04-28,563,2942.49,Shipped
ORD006907,P0412,S013,2026-06-18,843,2304.91,Shipped
ORD006908,P0123,S010,2026-07-16,45,1424.26,Delivered
ORD006909,P0065,S029,2026-08-27,289,1252.06,Delivered
ORD006910,P0212,S028,2026-05-08,422,1763.44,Delivered
ORD006911,P0114,S013,2026-05-07,412,441.38,Cancelled
ORD006912,P0174,S033,2026-06-23,23,2098.41,Processing
ORD006913,P0233,S021,2026-05-27,340,1698.48,Cancelled
ORD006914,P0482,S009,2026-07-18,916,280.15,Processing
ORD006915,P0323,S031,2026-07-05,766,296.64,Cancelled
ORD006916,P0058,S001,2026-06-12,8,4447.4,Shipped
ORD006917,P0473,S028,2026-09-15,564,2442.27,Cancelled
ORD006918,P0002,S021,2026-08-19,474,4785.09,Delivered
ORD006919,P0043,S045,2026-05-08,536,465.63,Cancelled
ORD006920,P0446,S045,2026-07-18,614,1021.02,Processing
ORD006921,P0187,S013,2026-05-24,589,4019.28,Processing
ORD006922,P0323,S024,2026-03-28,280,2653.33,Shipped
ORD006923,P0446,S027,2026-04-13,339,2370.67,Delivered
ORD006924,P0298,S019,2026-07-15,193,734.95,Delivered
ORD006925,P0271,S015,2026-09-20,33,748.05,Processing
ORD006926,P0350,S017,2026-07-03,423,3751.88,Shipped
ORD006927,P0476,S044,2026-08-31,339,3698.69,Delivered
ORD006928,P0370,S003,2026-04-29,312,353.43,Delivered
ORD006929,P0364,S020,2026-06-14,558,2527.08,Shipped
ORD006930,P0026,S039,2026-04-18,227,959.9,Cancelled
ORD006931,P0371,S016,2026-06-25,230,4902.8,Processing
ORD006932,P0004,S021,2026-05-23,494,3546.25,Shipped
ORD006933,P0155,S013,2026-09-19,477,3505.78,Delivered
ORD006934,P0296,S035,2026-03-24,922,1416.22,Cancelled
ORD006935,P0120,S029,2026-05-30,952,2250.38,Processing
ORD006936,P0403,S030,2026-04-17,11,4143.99,Shipped
ORD006937,P0032,S008,2026-07-14,839,927.84,Processing
ORD006938,P0461,S044,2026-08-12,855,4026.92,Processing
ORD006939,P0420,S037,2026-08-31,763,2358.8,Cancelled
ORD006940,P0431,S035,2026-09-04,384,1909.6,Delivered
ORD006941,P0194,S039,2026-07-18,456,1881.13,Shipped
ORD006942,P0049,S032,2026-08-25,975,3700.09,Processing
ORD006943,P0391,S045,2026-03-31,71,4905.35,Shipped
ORD006944,P0457,S038,2026-06-24,86,3874.52,Processing
ORD006945,P0368,S042,2026-05-26,76,2445.75,Processing
ORD006946,P0148,S042,2026-06-28,512,149.37,Shipped
ORD006947,P0023,S025,2026-06-08,359,3523.99,Shipped
ORD006948,P0424,S010,2026-06-22,758,1676.9,Processing
ORD006949,P0240,S002,2026-06-26,680,2492.34,Cancelled
ORD006950,P0004,S037,2026-06-26,268,1965.87,Delivered
ORD006951,P0276,S042,2026-07-22,329,2132.64,Processing
ORD006952,P0057,S038,2026-07-17,678,4095.69,Cancelled
ORD006953,P0390,S009,2026-03-30,955,4152.67,Cancelled
ORD006954,P0063,S036,2026-04-09,447,2567.54,Delivered
ORD006955,P0014,S039,2026-04-23,908,4697.06,Processing
ORD006956,P0430,S001,2026-07-13,602,3250.27,Shipped
ORD006957,P0002,S036,2026-08-17,69,3271.87,Delivered
ORD006958,P0447,S013,2026-04-05,140,2502.97,Cancelled
ORD006959,P0087,S034,2026-09-10,25,1730.18,Cancelled
ORD006960,P0422,S032,2026-07-21,872,2483.86,Delivered
ORD006961,P0143,S043,2026-04-14,603,2326.09,Cancelled
ORD006962,P0067,S007,2026-07-31,108,2820.21,Cancelled
ORD006963,P0336,S050,2026-09-05,753,3003.49,Cancelled
ORD006964,P0223,S002,2026-06-10,988,2459.38,Processing
ORD006965,P0163,S039,2026-09-02,371,1957.81,Delivered
ORD006966,P0419,S011,2026-08-22,153,194.22,Delivered
ORD006967,P0189,S026,2026-05-15,246,4278.86,Cancelled
ORD006968,P0375,S034,2026-06-04,802,3354.39,Processing
ORD006969,P0023,S004,2026-06-22,508,1791.05,Cancelled
ORD006970,P0383,S018,2026-07-21,901,4054.26,Cancelled
ORD006971,P0243,S013,2026-09-03,372,2711.29,Processing
ORD006972,P0251,S047,2026-04-21,509,1318.08,Cancelled
ORD006973,P0256,S029,2026-06-04,622,1201.4,Shipped
ORD006974,P0282,S020,2026-09-07,222,2689.86,Shipped
ORD006975,P0310,S038,2026-06-30,605,2353.68,Delivered
ORD006976,P0180,S010,2026-05-08,792,190.12,Delivered
ORD006977,P0103,S004,2026-08-27,714,1906.03,Shipped
ORD006978,P0328,S037,2026-07-11,127,752.03,Cancelled
ORD006979,P0296,S006,2026-04-21,583,2106.94,Processing
ORD006980,P0190,S016,2026-05-16,695,197.48,Delivered
ORD006981,P0392,S036,2026-05-25,490,2788.49,Delivered
ORD006982,P0329,S026,2026-06-14,544,671.7,Cancelled
ORD006983,P0119,S016,2026-06-27,338,4217.08,Processing
ORD006984,P0354,S011,2026-07-10,55,687.4,Shipped
ORD006985,P0490,S032,2026-08-11,260,2405.47,Delivered
ORD006986,P0096,S036,2026-04-22,162,2022.12,Processing
ORD006987,P0382,S024,2026-06-06,126,2265.77,Processing
ORD006988,P0071,S038,2026-04-25,227,422.69,Cancelled
ORD006989,P0221,S022,2026-08-01,928,4664.18,Processing
ORD006990,P0334,S018,2026-08-16,703,3608.89,Cancelled
ORD006991,P0429,S049,2026-06-27,660,3245.38,Shipped
ORD006992,P0495,S031,2026-06-15,710,3304.23,Cancelled
ORD006993,P0041,S030,2026-08-15,308,1027.16,Processing
ORD006994,P0155,S014,2026-09-11,310,3207.29,Processing
ORD006995,P0127,S033,2026-06-21,948,3481.38,Delivered
ORD006996,P0170,S032,2026-09-16,361,167.97,Processing
ORD006997,P0081,S004,2026-07-19,634,1365.65,Delivered
ORD006998,P0195,S038,2026-05-11,719,4274.67,Cancelled
ORD006999,P0181,S027,2026-09-04,191,4411.48,Shipped
ORD007000,P0103,S037,2026-05-13,103,2040.61,Cancelled
ORD007001,P0500,S001,2026-07-19,826,2609.06,Shipped
ORD007002,P0009,S026,2026-06-15,587,3797.5,Processing
ORD007003,P0330,S018,2026-08-19,273,4011.31,Delivered
ORD007004,P0009,S020,2026-04-10,150,4291.96,Cancelled
ORD007005,P0319,S013,2026-05-29,358,1399.24,Processing
ORD007006,P0472,S001,2026-04-22,110,4255.5,Delivered
ORD007007,P0280,S041,2026-07-31,630,2084.14,Delivered
ORD007008,P0492,S010,2026-05-17,781,4239.14,Processing
ORD007009,P0230,S021,2026-06-26,216,2648.06,Delivered
ORD007010,P0046,S021,2026-04-18,734,2502.43,Processing
ORD007011,P0235,S024,2026-06-08,406,275.52,Delivered
ORD007012,P0147,S044,2026-07-07,166,1927.9,Shipped
ORD007013,P0466,S021,2026-06-17,291,2086.97,Processing
ORD007014,P0467,S012,2026-03-24,985,625.97,Processing
ORD007015,P0364,S017,2026-06-19,813,1953.04,Processing
ORD007016,P0340,S016,2026-04-29,584,1429.61,Cancelled
ORD007017,P0385,S029,2026-04-14,253,3335.38,Processing
ORD007018,P0198,S025,2026-06-02,935,319.67,Shipped
ORD007019,P0242,S044,2026-05-29,51,3606.5,Delivered
ORD007020,P0026,S016,2026-07-08,949,2857.7,Delivered
ORD007021,P0227,S037,2026-04-06,793,1793.78,Cancelled
ORD007022,P0173,S009,2026-05-11,77,1306.2,Delivered
ORD007023,P0001,S011,2026-05-08,170,1462.42,Delivered
ORD007024,P0174,S026,2026-07-26,69,1921.02,Delivered
ORD007025,P0173,S028,2026-08-26,260,3325.64,Delivered
ORD007026,P0375,S022,2026-08-06,277,618.01,Processing
ORD007027,P0101,S028,2026-09-12,402,1804.69,Delivered
ORD007028,P0266,S022,2026-04-28,963,2990.44,Delivered
ORD007029,P0464,S028,2026-06-16,714,3797.5,Shipped
ORD007030,P0060,S029,2026-08-12,663,3066.99,Shipped
ORD007031,P0281,S011,2026-07-23,580,307.13,Shipped
ORD007032,P0378,S020,2026-05-08,607,899.62,Delivered
ORD007033,P0442,S008,2026-08-20,659,3431.01,Shipped
ORD007034,P0293,S038,2026-05-03,933,3041.95,Delivered
ORD007035,P0057,S019,2026-06-06,8,3757.89,Processing
ORD007036,P0493,S024,2026-08-02,711,3519.33,Processing
ORD007037,P0062,S019,2026-08-19,876,850.36,Shipped
ORD007038,P0003,S008,2026-05-02,849,819.83,Delivered
ORD007039,P0231,S020,2026-04-20,912,224.36,Delivered
ORD007040,P0462,S033,2026-08-29,663,1520.6,Shipped
ORD007041,P0317,S033,2026-07-13,526,4802.18,Cancelled
ORD007042,P0187,S040,2026-07-05,305,2723.36,Processing
ORD007043,P0096,S039,2026-07-20,128,1243.99,Cancelled
ORD007044,P0455,S043,2026-07-19,335,4747.62,Delivered
ORD007045,P0160,S018,2026-07-08,711,3199.93,Delivered
ORD007046,P0098,S010,2026-06-12,737,577.26,Delivered
ORD007047,P0051,S013,2026-04-17,64,2591.74,Processing
ORD007048,P0053,S023,2026-05-18,413,4145.82,Processing
ORD007049,P0149,S012,2026-05-23,557,1261.02,Delivered
ORD007050,P0076,S047,2026-04-25,898,3676.53,Shipped
ORD007051,P0090,S026,2026-07-03,489,4169.82,Processing
ORD007052,P0006,S009,2026-05-03,321,1242.02,Shipped
ORD007053,P0124,S035,2026-05-03,435,2210.65,Delivered
ORD007054,P0243,S025,2026-07-16,31,1561.57,Processing
ORD007055,P0471,S047,2026-08-29,203,3262.55,Cancelled
ORD007056,P0362,S028,2026-09-03,726,1981.74,Cancelled
ORD007057,P0027,S035,2026-06-09,718,4383.8,Cancelled
ORD007058,P0442,S009,2026-07-26,77,208.19,Shipped
ORD007059,P0407,S019,2026-05-08,864,3443.86,Delivered
ORD007060,P0427,S014,2026-05-24,716,188.62,Shipped
ORD007061,P0010,S045,2026-04-11,690,4073.73,Cancelled
ORD007062,P0146,S030,2026-04-30,824,4873.38,Shipped
ORD007063,P0094,S028,2026-06-02,355,1453.81,Delivered
ORD007064,P0382,S043,2026-07-13,545,2967.13,Processing
ORD007065,P0092,S032,2026-08-22,865,2177.67,Processing
ORD007066,P0283,S021,2026-08-19,717,934.55,Delivered
ORD007067,P0087,S033,2026-08-12,591,961.71,Cancelled
ORD007068,P0099,S043,2026-09-05,642,840.4,Cancelled
ORD007069,P0334,S028,2026-08-11,529,116.5,Delivered
ORD007070,P0093,S042,2026-06-02,898,1168.92,Cancelled
ORD007071,P0119,S006,2026-09-06,534,3074.84,Shipped
ORD007072,P0121,S005,2026-08-19,841,412.41,Cancelled
ORD007073,P0297,S038,2026-09-14,192,3375.57,Processing
ORD007074,P0128,S020,2026-06-13,725,2343.22,Delivered
ORD007075,P0004,S031,2026-06-20,876,4983.33,Delivered
ORD007076,P0246,S024,2026-07-28,7,3618.84,Shipped
ORD007077,P0145,S043,2026-08-15,592,3051.01,Cancelled
ORD007078,P0401,S023,2026-05-13,468,1895.65,Cancelled
ORD007079,P0491,S027,2026-09-20,129,3845.8,Processing
ORD007080,P0479,S001,2026-08-10,832,1633.52,Shipped
ORD007081,P0313,S050,2026-04-11,843,1293.45,Shipped
ORD007082,P0143,S048,2026-06-23,176,822.79,Shipped
ORD007083,P0171,S022,2026-08-20,104,988.76,Processing
ORD007084,P0381,S021,2026-04-01,628,345.93,Shipped
ORD007085,P0298,S027,2026-04-17,214,3300.64,Shipped
ORD007086,P0472,S048,2026-04-21,721,4619.96,Delivered
ORD007087,P0306,S027,2026-03-30,510,1550.03,Delivered
ORD007088,P0118,S028,2026-09-12,235,2015.49,Shipped
ORD007089,P0006,S022,2026-08-25,752,161.89,Delivered
ORD007090,P0122,S032,2026-07-27,905,4608.68,Processing
ORD007091,P0122,S017,2026-04-29,138,2104.85,Cancelled
ORD007092,P0403,S030,2026-07-30,890,4803.1,Delivered
ORD007093,P0453,S044,2026-05-13,177,1090.23,Delivered
ORD007094,P0265,S006,2026-04-28,452,325.01,Processing
ORD007095,P0484,S020,2026-06-22,691,2221.17,Shipped
ORD007096,P0489,S008,2026-04-28,73,4516.76,Cancelled
ORD007097,P0486,S038,2026-06-13,434,1228.4,Cancelled
ORD007098,P0037,S006,2026-05-18,314,3035.56,Processing
ORD007099,P0054,S002,2026-05-24,548,2524.3,Processing
ORD007100,P0028,S028,2026-05-24,750,3836.57,Shipped
ORD007101,P0426,S002,2026-09-12,28,1182.03,Delivered
ORD007102,P0411,S002,2026-08-01,250,3527.87,Shipped
ORD007103,P0488,S024,2026-08-11,733,472.47,Delivered
ORD007104,P0067,S005,2026-04-04,513,773.8,Delivered
ORD007105,P0130,S002,2026-09-20,558,445.35,Delivered
ORD007106,P0266,S017,2026-04-27,996,2119.06,Cancelled
ORD007107,P0282,S031,2026-09-02,546,2233.62,Processing
ORD007108,P0389,S005,2026-05-10,289,2843.68,Cancelled
ORD007109,P0108,S043,2026-03-26,132,4813.6,Shipped
ORD007110,P0330,S020,2026-05-11,681,2482.92,Processing
ORD007111,P0158,S020,2026-05-15,133,531.32,Cancelled
ORD007112,P0034,S003,2026-06-24,825,113.85,Cancelled
ORD007113,P0034,S001,2026-03-24,645,1468.56,Processing
ORD007114,P0121,S022,2026-04-24,376,1676.45,Cancelled
ORD007115,P0156,S009,2026-08-17,49,3606.55,Processing
ORD007116,P0349,S009,2026-09-15,696,1167.79,Shipped
ORD007117,P0387,S045,2026-07-10,476,661.08,Delivered
ORD007118,P0194,S050,2026-07-27,79,3556.76,Cancelled
ORD007119,P0464,S030,2026-08-12,503,2123.36,Cancelled
ORD007120,P0443,S005,2026-06-26,223,2505.5,Cancelled
ORD007121,P0040,S009,2026-09-08,809,1073.28,Delivered
ORD007122,P0498,S037,2026-08-07,229,3077.47,Processing
ORD007123,P0143,S033,2026-04-03,488,1131.88,Shipped
ORD007124,P0060,S038,2026-06-24,259,1602.23,Cancelled
ORD007125,P0414,S006,2026-08-01,661,3685.36,Cancelled
ORD007126,P0144,S008,2026-05-20,552,2782.05,Delivered
ORD007127,P0493,S038,2026-07-29,674,2019.67,Shipped
ORD007128,P0021,S016,2026-09-13,642,3172.07,Delivered
ORD007129,P0449,S032,2026-06-21,825,1601.8,Shipped
ORD007130,P0099,S037,2026-08-29,109,3838.48,Shipped
ORD007131,P0339,S026,2026-05-24,738,709.64,Shipped
ORD007132,P0424,S020,2026-06-03,616,964.16,Processing
ORD007133,P0094,S029,2026-08-20,84,3374.62,Shipped
ORD007134,P0016,S027,2026-05-27,234,2587.64,Cancelled
ORD007135,P0005,S009,2026-07-18,56,3697.02,Delivered
ORD007136,P0101,S030,2026-06-22,573,3287.08,Processing
ORD007137,P0352,S023,2026-04-07,368,3415.38,Shipped
ORD007138,P0387,S015,2026-06-18,690,1604.86,Shipped
ORD007139,P0231,S049,2026-04-02,962,4592.79,Cancelled
ORD007140,P0240,S045,2026-07-18,991,2521.64,Processing
ORD007141,P0367,S047,2026-09-04,139,4875.02,Delivered
ORD007142,P0380,S003,2026-04-01,467,3900.33,Delivered
ORD007143,P0012,S050,2026-06-02,775,3096.57,Cancelled
ORD007144,P0064,S012,2026-04-10,303,2018.64,Cancelled
ORD007145,P0343,S032,2026-06-25,551,3467.32,Shipped
ORD007146,P0483,S002,2026-04-17,976,3473.34,Shipped
ORD007147,P0219,S027,2026-08-12,496,418.28,Cancelled
ORD007148,P0487,S018,2026-05-28,153,4800.05,Processing
ORD007149,P0154,S032,2026-06-06,61,3481.56,Cancelled
ORD007150,P0043,S008,2026-07-22,825,88.2,Delivered
ORD007151,P0238,S030,2026-07-30,798,78.76,Processing
ORD007152,P0168,S030,2026-05-03,796,244.56,Shipped
ORD007153,P0151,S015,2026-09-08,805,3776.04,Cancelled
ORD007154,P0069,S020,2026-05-25,861,1887.28,Cancelled
ORD007155,P0290,S040,2026-08-06,896,2419.59,Shipped
ORD007156,P0416,S044,2026-08-24,62,3776.27,Delivered
ORD007157,P0409,S015,2026-05-29,526,4913.23,Cancelled
ORD007158,P0320,S039,2026-07-15,900,3706.02,Processing
ORD007159,P0207,S037,2026-05-29,165,1425.31,Delivered
ORD007160,P0438,S034,2026-06-04,125,535.36,Processing
ORD007161,P0048,S033,2026-04-08,437,3841.34,Shipped
ORD007162,P0070,S016,2026-05-25,86,4072.22,Shipped
ORD007163,P0195,S024,2026-09-16,100,2555.42,Delivered
ORD007164,P0238,S024,2026-05-05,609,412.56,Cancelled
ORD007165,P0012,S016,2026-04-07,278,1217.74,Cancelled
ORD007166,P0102,S047,2026-06-01,864,781.24,Cancelled
ORD007167,P0241,S019,2026-09-14,30,4862.8,Shipped
ORD007168,P0195,S009,2026-05-16,323,466.13,Processing
ORD007169,P0064,S005,2026-05-15,842,1689.42,Delivered
ORD007170,P0035,S008,2026-09-03,607,4181.48,Delivered
ORD007171,P0071,S002,2026-09-03,389,67.79,Delivered
ORD007172,P0378,S026,2026-05-26,666,2919.46,Delivered
ORD007173,P0185,S009,2026-04-01,181,386.18,Shipped
ORD007174,P0084,S042,2026-05-30,886,2124.92,Cancelled
ORD007175,P0485,S016,2026-09-07,767,3773.06,Processing
ORD007176,P0136,S043,2026-08-14,140,1586.65,Cancelled
ORD007177,P0064,S027,2026-04-23,112,4816.97,Shipped
ORD007178,P0392,S040,2026-09-11,585,3579.96,Shipped
ORD007179,P0377,S010,2026-06-01,424,3962.61,Delivered
ORD007180,P0141,,2026-08-07,323,1056.17,Shipped
ORD007181,P0498,S010,2026-08-08,412,2654.54,Shipped
ORD007182,P0274,S007,2026-04-08,277,4259.06,Shipped
ORD007183,P0094,S013,2026-04-01,137,982.32,Shipped
ORD007184,P0118,S023,2026-08-22,524,289.26,Processing
ORD007185,P0378,S041,2026-09-11,342,4380.72,Processing
ORD007186,P0266,S002,2026-08-01,345,149.81,Cancelled
ORD007187,P0024,S032,2026-06-12,734,3331.61,Delivered
ORD007188,P0352,S041,2026-08-20,841,2260.81,Processing
ORD007189,P0133,S019,2026-06-24,934,666.23,Processing
ORD007190,P0361,S045,2026-06-03,485,2466.78,Cancelled
ORD007191,P0147,S050,2026-05-27,932,1374.63,Cancelled
ORD007192,P0407,S038,2026-05-30,252,179.28,Cancelled
ORD007193,P0414,S004,2026-06-04,50,2179.46,Cancelled
ORD007194,P0273,S033,2026-08-16,947,687.23,Shipped
ORD007195,P0223,S009,2026-08-10,984,3711.16,Cancelled
ORD007196,P0413,S024,2026-06-25,822,1047.38,Cancelled
ORD007197,P0117,S036,2026-08-22,361,4517.03,Shipped
ORD007198,P0412,S025,2026-09-07,22,2918.22,Processing
ORD007199,P0012,S017,2026-04-24,25,2344.26,Shipped
ORD007200,P0415,S023,2026-05-27,749,998.6,Cancelled
ORD007201,P0048,S049,2026-04-04,445,311.63,Processing
ORD007202,P0432,S041,2026-04-29,762,1271.83,Delivered
ORD007203,P0289,S010,2026-07-14,407,4761.47,Shipped
ORD007204,P0481,S007,2026-09-11,724,2389.85,Processing
ORD007205,P0352,S026,2026-04-24,793,293.29,Processing
ORD007206,P0031,S042,2026-06-27,846,1163.38,Shipped
ORD007207,P0346,S041,2026-05-26,612,2547.49,Shipped
ORD007208,P0481,S010,2026-05-31,471,2788.49,Shipped
ORD007209,P0352,S016,2026-05-02,438,463.12,Cancelled
ORD007210,P0467,S017,2026-08-22,584,2076.56,Shipped
ORD007211,P0475,S020,2026-06-18,620,3496.26,Shipped
ORD007212,P0182,S030,2026-08-30,751,2540.3,Delivered
ORD007213,P0230,S047,2026-05-07,198,3630.98,Cancelled
ORD007214,P0349,S047,2026-06-05,884,3297.15,Processing
ORD007215,P0374,S007,2026-07-14,542,1150.62,Processing
ORD007216,P0144,S002,2026-09-14,166,1074.25,Processing
ORD007217,P0442,S043,2026-07-02,937,655.42,Cancelled
ORD007218,P0237,S027,2026-04-19,941,4080.35,Delivered
ORD007219,P0142,S003,2026-09-10,285,3644.72,Cancelled
ORD007220,P0340,S024,2026-06-18,102,413.04,Cancelled
ORD007221,P0259,S006,2026-05-22,980,622.62,Delivered
ORD007222,P0004,S009,2026-06-21,725,4348.55,Processing
ORD007223,P0368,S039,2026-08-07,166,198.93,Shipped
ORD007224,P0326,S022,2026-09-13,602,1788.97,Processing
ORD007225,P0400,S027,2026-07-15,503,2412.78,Shipped
ORD007226,P0106,S040,2026-05-09,216,1598.54,Shipped
ORD007227,P0467,S049,2026-05-18,235,4101.4,Cancelled
ORD007228,P0375,S009,2026-05-12,733,2207.92,Processing
ORD007229,P0215,S050,2026-08-26,765,2896.55,Delivered
ORD007230,P0062,S003,2026-06-20,13,698.39,Delivered
ORD007231,P0226,S049,2026-07-27,170,347.88,Processing
ORD007232,P0321,S017,2026-08-31,977,4983.39,Cancelled
ORD007233,P0342,S025,2026-08-16,995,3952.47,Shipped
ORD007234,P0448,S032,2026-05-18,70,1812.35,Shipped
ORD007235,P0128,S008,2026-07-23,993,141.46,Processing
ORD007236,P0287,S037,2026-03-25,573,980.78,Cancelled
ORD007237,P0016,S043,2026-05-19,830,2846.04,Shipped
ORD007238,P0244,S040,2026-04-06,215,4208.07,Cancelled
ORD007239,P0436,S015,2026-07-17,108,4912.2,Cancelled
ORD007240,P0456,S018,2026-05-12,964,437.32,Shipped
ORD007241,P0175,S004,2026-08-03,916,4893.74,Processing
ORD007242,P0354,,2026-09-15,686,4563.12,Shipped
ORD007243,P0328,S045,2026-08-26,28,2632.17,Cancelled
ORD007244,P0367,S002,2026-08-10,1,3041.4,Cancelled
ORD007245,P0089,S002,2026-05-01,575,3279.49,Cancelled
ORD007246,P0447,S011,2026-04-14,967,3768.34,Shipped
ORD007247,P0093,S016,2026-06-20,611,4979.87,Shipped
ORD007248,P0212,S050,2026-08-16,39,665.71,Processing
ORD007249,P0417,S021,2026-04-12,831,3107.2,Cancelled
ORD007250,P0059,S030,2026-06-21,370,2232.94,Delivered
ORD007251,P0086,S013,2026-05-13,15,4097.07,Delivered
ORD007252,P0443,S001,2026-07-13,908,3028.99,Delivered
ORD007253,P0173,S001,2026-07-21,174,4774.17,Shipped
ORD007254,P0485,S015,2026-04-24,956,129.85,Cancelled
ORD007255,P0321,S035,2026-08-02,434,2473.19,Shipped
ORD007256,P0359,S032,2026-08-03,333,1709.97,Shipped
ORD007257,P0301,S022,2026-03-25,589,3767.75,Shipped
ORD007258,P0023,S019,2026-06-17,634,4145.94,Cancelled
ORD007259,P0462,S016,2026-05-08,401,2067.38,Shipped
ORD007260,P0202,S009,2026-09-13,457,898.13,Cancelled
ORD007261,P0054,S035,2026-06-18,934,632.95,Processing
ORD007262,P0158,S015,2026-04-03,667,2771.68,Shipped
ORD007263,P0350,S045,2026-04-04,266,4534.26,Processing
ORD007264,P0250,S025,2026-04-20,268,3315.37,Shipped
ORD007265,P0446,S013,2026-08-25,879,2874.23,Shipped
ORD007266,P0218,S046,2026-04-20,771,4434.39,Cancelled
ORD007267,P0496,S003,2026-05-28,453,2784.0,Cancelled
ORD007268,P0262,S048,2026-08-15,854,4325.8,Shipped
ORD007269,P0162,S029,2026-08-07,278,3106.77,Delivered
ORD007270,P0203,S042,2026-04-06,831,4686.83,Cancelled
ORD007271,P0078,S028,2026-09-04,297,4748.59,Cancelled
ORD007272,P0121,S042,2026-08-30,593,2255.58,Shipped
ORD007273,P0233,S031,2026-05-18,54,371.67,Processing
ORD007274,P0295,S014,2026-06-03,900,4219.12,Cancelled
ORD007275,P0183,S044,2026-05-31,687,2992.2,Processing
ORD007276,P0127,S029,2026-05-29,560,82.8,Cancelled
ORD007277,P0150,S003,2026-03-24,495,3145.05,Processing
ORD007278,P0177,S005,2026-07-01,822,2549.71,Cancelled
ORD007279,P0202,S038,2026-06-27,183,4928.89,Processing
ORD007280,P0427,S050,2026-04-05,797,4702.97,Processing
ORD007281,P0497,S047,2026-09-11,163,2353.42,Processing
ORD007282,P0398,S032,2026-06-19,121,713.51,Cancelled
ORD007283,P0095,S005,2026-07-25,159,4264.65,Delivered
ORD007284,P0283,S050,2026-03-30,350,2294.6,Shipped
ORD007285,P0059,S024,2026-08-21,240,717.89,Shipped
ORD007286,P0175,S050,2026-05-09,398,1909.48,Delivered
ORD007287,P0277,S047,2026-08-19,875,14.19,Shipped
ORD007288,P0416,S035,2026-07-27,218,2042.25,Delivered
ORD007289,P0489,S014,2026-09-18,32,1018.9,Shipped
ORD007290,P0421,S016,2026-04-11,842,3187.99,Shipped
ORD007291,P0097,S009,2026-09-07,603,2582.76,Cancelled
ORD007292,P0137,S040,2026-08-08,912,3401.47,Cancelled
ORD007293,P0418,S002,2026-07-14,755,2496.69,Delivered
ORD007294,P0023,S002,2026-07-11,511,1369.06,Cancelled
ORD007295,P0426,S018,2026-04-18,807,1205.67,Cancelled
ORD007296,P0027,S018,2026-04-01,751,2960.35,Cancelled
ORD007297,P0457,S019,2026-06-11,202,1943.72,Cancelled
ORD007298,P0339,S047,2026-04-14,653,4131.37,Cancelled
ORD007299,P0258,S045,2026-05-24,470,2188.95,Delivered
ORD007300,P0457,S031,2026-06-23,725,2454.07,Shipped
ORD007301,P0379,S021,2026-03-25,262,4861.46,Cancelled
ORD007302,P0063,S034,2026-07-11,153,1459.45,Cancelled
ORD007303,P0035,S018,2026-06-10,175,2450.27,Shipped
ORD007304,P0322,S005,2026-05-22,257,553.05,Cancelled
ORD007305,P0215,S014,2026-05-07,726,1298.61,Processing
ORD007306,P0325,S011,2026-04-14,140,1032.72,Processing
ORD007307,P0446,S038,2026-08-18,855,4007.01,Processing
ORD007308,P0161,S037,2026-04-24,805,128.81,Cancelled
ORD007309,P0421,S008,2026-09-18,217,4307.22,Processing
ORD007310,P0357,S001,2026-09-09,297,3594.69,Shipped
ORD007311,P0215,S030,2026-06-21,946,3977.39,Delivered
ORD007312,P0425,S043,2026-06-25,273,561.21,Cancelled
ORD007313,P0357,S025,2026-09-06,400,45.26,Shipped
ORD007314,P0281,S038,2026-07-08,858,1161.06,Delivered
ORD007315,P0206,S044,2026-04-18,839,3695.55,Shipped
ORD007316,P0335,S026,2026-07-14,504,4603.92,Cancelled
ORD007317,P0478,S024,2026-07-04,837,2374.43,Cancelled
ORD007318,P0206,S017,2026-06-30,493,4863.6,Delivered
ORD007319,P0181,S009,2026-08-14,9,2505.67,Shipped
ORD007320,P0072,S038,2026-09-04,447,1561.15,Shipped
ORD007321,P0037,S032,2026-05-10,373,319.5,Cancelled
ORD007322,P0069,S038,2026-08-06,572,2511.38,Processing
ORD007323,P0185,S020,2026-07-21,759,1386.61,Processing
ORD007324,P0221,S005,2026-03-25,704,3502.16,Shipped
ORD007325,P0021,S027,2026-09-17,912,3040.55,Cancelled
ORD007326,P0119,S042,2026-09-13,539,2164.65,Shipped
ORD007327,P0032,S025,2026-04-01,820,2399.97,Shipped
ORD007328,P0441,S028,2026-07-08,208,2924.94,Processing
ORD007329,P0410,S006,2026-05-04,264,1243.39,Processing
ORD007330,P0279,S045,2026-04-15,195,4999.12,Processing
ORD007331,P0421,S002,2026-05-24,919,404.11,Delivered
ORD007332,P0135,S043,2026-08-01,22,2008.41,Shipped
ORD007333,P0273,S021,2026-07-30,352,2620.12,Shipped
ORD007334,P0069,S045,2026-06-27,297,1783.84,Cancelled
ORD007335,P0176,S005,2026-04-19,284,972.36,Cancelled
ORD007336,P0178,S030,2026-05-27,725,4768.96,Processing
ORD007337,P0038,S029,2026-06-13,981,2863.63,Processing
ORD007338,P0257,S030,2026-09-06,730,4627.89,Processing
ORD007339,P0179,S026,2026-06-16,979,2126.83,Cancelled
ORD007340,P0337,S014,2026-05-26,828,4206.45,Shipped
ORD007341,P0224,S043,2026-08-08,257,350.78,Processing
ORD007342,P0484,S044,2026-06-15,397,4520.75,Delivered
ORD007343,P0315,S048,2026-08-24,598,4966.0,Cancelled
ORD007344,P0136,S028,2026-04-26,957,3017.76,Cancelled
ORD007345,P0361,S011,2026-07-09,607,987.67,Shipped
ORD007346,P0221,S034,2026-04-28,881,1815.82,Delivered
ORD007347,P0495,S038,2026-07-26,469,964.28,Cancelled
ORD007348,P0373,S039,2026-08-15,908,4933.15,Delivered
ORD007349,P0068,S042,2026-03-25,953,4085.56,Cancelled
ORD007350,P0311,S049,2026-04-12,60,3401.58,Shipped
ORD007351,P0443,S009,2026-09-13,857,55.05,Cancelled
ORD007352,P0052,S009,2026-05-03,128,3881.47,Shipped
ORD007353,P0039,S037,2026-09-03,43,3173.22,Shipped
ORD007354,P0088,S020,2026-06-29,836,4931.25,Shipped
ORD007355,P0353,S012,2026-07-08,155,187.9,Cancelled
ORD007356,P0218,S027,2026-06-18,223,3164.53,Processing
ORD007357,P0109,S044,2026-08-25,362,191.98,Processing
ORD007358,P0097,S047,2026-06-05,135,1922.47,Shipped
ORD007359,P0345,S035,2026-05-24,94,4772.5,Delivered
ORD007360,P0028,S042,2026-05-23,507,1576.26,Shipped
ORD007361,P0345,S018,2026-04-09,916,806.53,Processing
ORD007362,P0271,S020,2026-06-04,195,3767.59,Shipped
ORD007363,P0250,S018,2026-04-05,378,82.27,Processing
ORD007364,P0483,S012,2026-05-26,528,280.0,Cancelled
ORD007365,P0072,S017,2026-03-30,277,29.51,Processing
ORD007366,P0013,S040,2026-04-15,13,2345.61,Delivered
ORD007367,P0286,S012,2026-09-11,242,3391.62,Processing
ORD007368,P0388,S032,2026-04-26,487,3151.7,Processing
ORD007369,P0224,S023,2026-07-27,352,1293.7,Cancelled
ORD007370,P0225,S009,2026-04-09,455,1791.27,Processing
ORD007371,P0165,S020,2026-06-18,571,4634.49,Shipped
ORD007372,P0481,S007,2026-07-21,185,4546.6,Cancelled
ORD007373,P0055,S022,2026-07-11,913,3419.87,Processing
ORD007374,P0382,S009,2026-08-18,622,1338.62,Cancelled
ORD007375,P0427,S009,2026-04-06,985,354.18,Delivered
ORD007376,P0051,S014,2026-09-04,906,1280.87,Processing
ORD007377,P0128,S037,2026-09-02,52,2188.95,Cancelled
ORD007378,P0438,S048,2026-08-29,553,4862.44,Shipped
ORD007379,P0093,S019,2026-07-31,832,2237.85,Processing
ORD007380,P0361,S037,2026-05-18,72,4158.42,Delivered
ORD007381,P0231,S008,2026-05-19,706,3006.57,Processing
ORD007382,P0178,S039,2026-07-15,249,2841.12,Shipped
ORD007383,P0237,S043,2026-06-12,943,446.8,Shipped
ORD007384,P0044,S048,2026-05-09,92,2112.9,Processing
ORD007385,P0018,S046,2026-05-08,401,4283.31,Shipped
ORD007386,P0046,S003,2026-08-24,4,3588.54,Shipped
ORD007387,P0202,S017,2026-05-11,898,1085.8,Shipped
ORD007388,P0129,S014,2026-06-06,844,810.24,Cancelled
ORD007389,P0048,S017,2026-08-21,151,789.99,Delivered
ORD007390,P0029,S030,2026-09-01,645,759.73,Cancelled
ORD007391,P0368,S033,2026-07-03,245,1602.51,Cancelled
ORD007392,P0025,S041,2026-08-01,520,4513.27,Cancelled
ORD007393,P0164,S043,2026-08-10,494,541.05,Processing
ORD007394,P0277,S049,2026-05-11,382,1098.06,Delivered
ORD007395,P0302,S003,2026-04-04,922,309.39,Cancelled
ORD007396,P0325,S009,2026-05-17,351,2577.25,Cancelled
ORD007397,P0491,S031,2026-09-05,955,2235.26,Shipped
ORD007398,P0207,S024,2026-06-04,565,2071.81,Cancelled
ORD007399,P0284,S043,2026-05-05,317,4820.0,Delivered
ORD007400,P0149,S018,2026-05-24,823,2111.58,Processing
ORD007401,P0095,S046,2026-05-19,294,4102.03,Shipped
ORD007402,P0404,S049,2026-09-06,687,2071.41,Shipped
ORD007403,P0172,S019,2026-04-09,767,2059.98,Processing
ORD007404,P0062,S030,2026-06-17,321,2480.45,Shipped
ORD007405,P0419,S033,2026-04-10,376,550.04,Cancelled
ORD007406,P0292,S044,2026-07-03,396,1801.29,Shipped
ORD007407,P0210,S021,2026-08-19,809,2065.09,Delivered
ORD007408,P0472,S050,2026-09-03,941,4642.42,Processing
ORD007409,P0381,S021,2026-07-16,158,919.87,Cancelled
ORD007410,P0265,S017,2026-06-01,653,706.96,Delivered
ORD007411,P0082,S012,2026-08-15,995,4437.64,Shipped
ORD007412,P0375,S017,2026-04-16,347,1772.1,Shipped
ORD007413,P0233,S042,2026-05-13,134,1156.96,Cancelled
ORD007414,P0024,S018,2026-07-07,72,1430.85,Cancelled
ORD007415,P0110,S004,2026-06-10,190,3097.95,Cancelled
ORD007416,P0280,S005,2026-04-04,226,3952.48,Processing
ORD007417,P0303,S036,2026-05-08,147,618.08,Processing
ORD007418,P0327,S049,2026-06-24,153,1563.87,Processing
ORD007419,P0079,S011,2026-08-26,622,3193.43,Delivered
ORD007420,P0367,S044,2026-04-15,684,4721.51,Shipped
ORD007421,P0202,S009,2026-08-16,571,1308.9,Cancelled
ORD007422,P0347,S042,2026-07-12,684,2962.32,Shipped
ORD007423,P0309,S004,2026-05-13,944,2733.39,Processing
ORD007424,P0337,S019,2026-09-08,770,2499.15,Cancelled
ORD007425,P0320,S002,2026-09-15,52,4754.91,Cancelled
ORD007426,P0080,S020,2026-07-31,311,2002.2,Cancelled
ORD007427,P0312,S020,2026-06-28,705,2814.42,Cancelled
ORD007428,P0420,S001,2026-09-15,697,4839.1,Shipped
ORD007429,P0266,S027,2026-05-16,518,802.26,Shipped
ORD007430,P0272,S021,2026-03-28,344,2900.61,Shipped
ORD007431,P0219,S011,2026-09-02,585,2388.85,Processing
ORD007432,P0195,S037,2026-06-28,769,4252.88,Processing
ORD007433,P0168,S029,2026-04-29,753,4074.94,Cancelled
ORD007434,P0324,S020,2026-05-25,736,4141.26,Cancelled
ORD007435,P0420,S046,2026-08-09,621,3560.91,Cancelled
ORD007436,P0373,S044,2026-04-07,277,2342.95,Processing
ORD007437,P0349,S016,2026-09-12,260,3193.79,Cancelled
ORD007438,P0204,S007,2026-07-08,48,1773.66,Shipped
ORD007439,P0374,S048,2026-08-24,396,443.8,Delivered
ORD007440,P0446,S033,2026-06-28,406,852.34,Cancelled
ORD007441,P0357,S034,2026-08-04,979,2359.67,Processing
ORD007442,P0498,S017,2026-06-01,619,4471.73,Shipped
ORD007443,P0387,S016,2026-03-28,697,4676.35,Shipped
ORD007444,P0267,S028,2026-04-14,637,3539.31,Cancelled
ORD007445,P0118,S043,2026-04-15,307,1372.63,Processing
ORD007446,P0336,S016,2026-09-18,890,516.47,Processing
ORD007447,P0015,S008,2026-08-10,405,2900.72,Processing
ORD007448,P0241,S027,2026-05-31,600,349.9,Processing
ORD007449,P0427,S014,2026-09-05,506,4828.13,Processing
ORD007450,P0497,S040,2026-09-01,565,4037.19,Delivered
ORD007451,P0449,S011,2026-09-12,164,4652.6,Delivered
ORD007452,P0198,S014,2026-04-12,99,2510.86,Shipped
ORD007453,P0016,S001,2026-05-09,643,774.92,Delivered
ORD007454,P0078,S014,2026-06-25,75,4641.62,Processing
ORD007455,P0327,S049,2026-07-03,703,1092.09,Delivered
ORD007456,P0394,S001,2026-06-06,608,2771.03,Delivered
ORD007457,P0249,S003,2026-05-05,188,1229.59,Cancelled
ORD007458,P0096,S003,2026-07-25,854,570.86,Shipped
ORD007459,P0010,S016,2026-08-25,101,3318.8,Cancelled
ORD007460,P0326,S021,2026-07-26,409,4521.2,Delivered
ORD007461,P0358,S001,2026-03-25,707,534.94,Delivered
ORD007462,P0193,S022,2026-07-20,864,4797.83,Processing
ORD007463,P0481,S019,2026-05-07,871,1551.45,Processing
ORD007464,P0112,S033,2026-05-28,932,3892.81,Delivered
ORD007465,P0468,S005,2026-06-27,321,1430.54,Cancelled
ORD007466,P0223,S040,2026-06-09,119,576.7,Delivered
ORD007467,P0283,S029,2026-09-16,12,675.54,Processing
ORD007468,P0496,S012,2026-08-07,928,175.56,Shipped
ORD007469,P0024,S040,2026-04-06,244,3287.38,Delivered
ORD007470,P0478,S047,2026-08-10,207,1422.33,Delivered
ORD007471,P0429,S014,2026-05-08,172,575.15,Delivered
ORD007472,P0192,S039,2026-03-30,892,3553.84,Processing
ORD007473,P0358,S005,2026-05-30,560,1174.85,Shipped
ORD007474,P0365,S029,2026-05-10,394,809.28,Processing
ORD007475,P0445,S003,2026-09-07,906,828.49,Processing
ORD007476,P0051,S028,2026-04-21,479,2824.36,Shipped
ORD007477,P0271,S048,2026-05-05,221,845.65,Cancelled
ORD007478,P0348,S002,2026-07-28,104,3749.01,Delivered
ORD007479,P0229,S033,2026-07-04,114,573.57,Cancelled
ORD007480,P0407,S048,2026-07-21,550,2063.06,Processing
ORD007481,P0004,S012,2026-08-24,328,488.29,Processing
ORD007482,P0204,S017,2026-07-31,773,854.73,Cancelled
ORD007483,P0400,S002,2026-05-22,175,863.87,Shipped
ORD007484,P0248,,2026-04-14,827,4656.04,Shipped
ORD007485,P0329,S002,2026-05-16,290,4727.66,Delivered
ORD007486,P0406,S013,2026-06-24,80,3045.59,Shipped
ORD007487,P0032,S043,2026-04-12,351,147.07,Shipped
ORD007488,P0002,S034,2026-06-13,266,2513.98,Processing
ORD007489,P0150,S027,2026-08-11,952,2452.05,Delivered
ORD007490,P0401,S032,2026-05-22,517,1260.01,Cancelled
ORD007491,P0252,S004,2026-08-27,752,44.62,Processing
ORD007492,P0334,S029,2026-03-30,403,1370.28,Shipped
ORD007493,P0174,S033,2026-04-03,238,1616.43,Delivered
ORD007494,P0255,S011,2026-04-14,453,843.32,Cancelled
ORD007495,P0477,S047,2026-05-25,141,2747.0,Delivered
ORD007496,P0434,S045,2026-04-23,561,4539.8,Processing
ORD007497,P0185,S007,2026-03-26,93,3759.52,Delivered
ORD007498,P0131,S002,2026-05-12,438,4478.0,Cancelled
ORD007499,P0016,S005,2026-08-07,908,3093.58,Delivered
ORD007500,P0016,S012,2026-06-25,311,216.87,Shipped
ORD007501,P0034,S044,2026-04-09,481,3193.8,Shipped
ORD007502,P0411,S005,2026-07-23,737,452.69,Delivered
ORD007503,P0202,S018,2026-09-11,554,1764.7,Cancelled
ORD007504,P0224,S033,2026-08-16,570,2033.64,Processing
ORD007505,P0337,S006,2026-09-01,168,4472.23,Shipped
ORD007506,P0230,S048,2026-04-07,677,3024.78,Shipped
ORD007507,P0153,S035,2026-09-02,702,410.45,Processing
ORD007508,P0337,S034,2026-08-09,124,2891.97,Delivered
ORD007509,P0386,S018,2026-04-18,841,4544.84,Cancelled
ORD007510,P0408,S045,2026-07-29,412,2328.96,Cancelled
ORD007511,P0300,S022,2026-04-11,133,1347.19,Cancelled
ORD007512,P0050,S031,2026-03-31,40,2845.54,Delivered
ORD007513,P0217,S020,2026-07-17,340,384.76,Cancelled
ORD007514,P0389,S003,2026-07-21,133,4422.71,Processing
ORD007515,P0003,S017,2026-08-13,721,4926.03,Processing
ORD007516,P0232,S033,2026-06-10,895,819.19,Cancelled
ORD007517,P0070,S021,2026-09-08,883,956.09,Processing
ORD007518,P0317,S023,2026-04-08,652,2944.4,Processing
ORD007519,P0138,S034,2026-08-07,578,2782.59,Processing
ORD007520,P0363,S033,2026-06-24,511,881.51,Cancelled
ORD007521,P0318,S039,2026-05-06,898,4748.55,Processing
ORD007522,P0372,S022,2026-08-31,718,2368.26,Delivered
ORD007523,P0359,S017,2026-05-04,31,4472.46,Processing
ORD007524,P0258,S026,2026-08-18,682,2124.2,Shipped
ORD007525,P0147,S035,2026-06-30,293,1340.17,Cancelled
ORD007526,P0300,S036,2026-05-26,239,1602.28,Cancelled
ORD007527,P0178,S009,2026-09-13,728,1206.33,Delivered
ORD007528,P0376,S036,2026-08-12,427,3310.95,Cancelled
ORD007529,P0404,S010,2026-05-05,485,1252.15,Processing
ORD007530,P0439,S020,2026-05-23,917,24.84,Cancelled
ORD007531,P0081,S004,2026-09-01,873,530.76,Cancelled
ORD007532,P0126,S018,2026-05-12,799,304.91,Shipped
ORD007533,P0450,S009,2026-09-16,95,1878.25,Processing
ORD007534,P0452,S045,2026-05-28,352,893.49,Cancelled
ORD007535,P0206,S011,2026-05-17,819,4345.02,Cancelled
ORD007536,P0455,S014,2026-05-09,200,1828.54,Delivered
ORD007537,P0142,S018,2026-06-04,373,1821.72,Delivered
ORD007538,P0483,S020,2026-09-07,209,1361.77,Shipped
ORD007539,P0044,S005,2026-04-30,108,2341.27,Shipped
ORD007540,P0136,S019,2026-08-18,582,1668.92,Shipped
ORD007541,P0392,S006,2026-05-05,647,2775.53,Shipped
ORD007542,P0439,,2026-05-08,787,1508.27,Processing
ORD007543,P0057,S024,2026-07-31,77,815.49,Delivered
ORD007544,P0466,S027,2026-04-24,280,3764.63,Processing
ORD007545,P0339,S025,2026-05-27,296,898.39,Cancelled
ORD007546,P0130,S029,2026-05-07,746,1029.44,Processing
ORD007547,P0465,S040,2026-09-06,634,2646.28,Cancelled
ORD007548,P0392,S042,2026-06-27,584,4061.79,Shipped
ORD007549,P0438,S001,2026-05-24,63,2328.94,Delivered
ORD007550,P0189,S042,2026-05-29,78,3986.72,Processing
ORD007551,P0246,S037,2026-06-03,182,4587.83,Processing
ORD007552,P0174,S030,2026-04-05,833,4444.37,Processing
ORD007553,P0167,S048,2026-05-29,202,4988.23,Delivered
ORD007554,P0047,S009,2026-07-30,258,2028.46,Shipped
ORD007555,P0381,S031,2026-05-24,548,3203.36,Cancelled
ORD007556,P0158,S014,2026-05-06,763,246.75,Delivered
ORD007557,P0324,S027,2026-05-31,14,2134.61,Cancelled
ORD007558,P0372,S002,2026-04-22,387,4046.92,Cancelled
ORD007559,P0384,S029,2026-05-25,936,1554.46,Delivered
ORD007560,P0410,S005,2026-04-30,532,4565.18,Delivered
ORD007561,P0174,S001,2026-06-30,435,396.86,Shipped
ORD007562,P0043,S023,2026-07-14,596,54.85,Delivered
ORD007563,P0164,S001,2026-05-05,143,3638.46,Processing
ORD007564,P0213,S003,2026-04-13,2,4549.77,Delivered
ORD007565,P0467,S031,2026-05-10,170,2794.03,Cancelled
ORD007566,P0493,S015,2026-08-01,655,676.98,Processing
ORD007567,P0284,S026,2026-04-08,910,408.94,Shipped
ORD007568,P0191,S003,2026-04-29,871,2315.85,Cancelled
ORD007569,P0317,S039,2026-06-29,834,3186.88,Cancelled
ORD007570,P0449,S017,2026-07-31,168,171.78,Delivered
ORD007571,P0035,S019,2026-09-05,87,1398.54,Shipped
ORD007572,P0132,S026,2026-04-27,15,3211.78,Processing
ORD007573,P0087,S016,2026-07-27,723,4221.26,Cancelled
ORD007574,P0368,S023,2026-04-10,593,1847.39,Shipped
ORD007575,P0363,S039,2026-08-24,280,2290.22,Shipped
ORD007576,P0241,S045,2026-09-08,448,1074.57,Cancelled
ORD007577,P0392,S039,2026-09-19,516,860.48,Processing
ORD007578,P0175,S021,2026-03-31,511,2394.52,Cancelled
ORD007579,P0421,S039,2026-09-08,657,2677.86,Processing
ORD007580,P0228,S028,2026-07-01,17,2350.54,Delivered
ORD007581,P0189,S038,2026-04-03,224,3030.17,Delivered
ORD007582,P0003,S050,2026-06-13,288,4088.37,Processing
ORD007583,P0029,S016,2026-08-16,350,4865.69,Cancelled
ORD007584,P0448,S009,2026-03-30,544,1784.27,Cancelled
ORD007585,P0324,S025,2026-08-29,436,3586.27,Cancelled
ORD007586,P0183,S020,2026-05-17,693,2345.33,Cancelled
ORD007587,P0465,S032,2026-03-28,335,4227.85,Processing
ORD007588,P0030,S006,2026-04-15,513,1461.91,Cancelled
ORD007589,P0340,S009,2026-05-05,389,1560.9,Shipped
ORD007590,P0270,S002,2026-04-19,898,3927.42,Shipped
ORD007591,P0299,S019,2026-06-20,63,2513.53,Processing
ORD007592,P0208,S024,2026-06-14,247,1688.47,Shipped
ORD007593,P0126,S031,2026-09-04,792,2271.25,Shipped
ORD007594,P0422,S029,2026-04-02,741,4473.6,Shipped
ORD007595,P0235,S015,2026-06-14,498,4378.66,Shipped
ORD007596,P0416,S048,2026-08-14,819,3636.47,Processing
ORD007597,P0039,S011,2026-06-16,175,4716.41,Shipped
ORD007598,P0235,S038,2026-07-09,866,3204.71,Delivered
ORD007599,P0252,S021,2026-09-08,792,857.79,Processing
ORD007600,P0302,S049,2026-07-24,650,4539.82,Shipped
ORD007601,P0352,S049,2026-08-15,868,4960.41,Shipped
ORD007602,P0108,S040,2026-05-04,407,2486.79,Delivered
ORD007603,P0031,S015,2026-04-29,681,2589.86,Shipped
ORD007604,P0225,S001,2026-04-02,61,2805.75,Delivered
ORD007605,P0293,S046,2026-06-19,85,4707.31,Shipped
ORD007606,P0213,S037,2026-04-29,758,1606.2,Shipped
ORD007607,P0429,S045,2026-05-19,557,1710.14,Processing
ORD007608,P0483,S039,2026-09-12,892,2415.55,Processing
ORD007609,P0083,S040,2026-06-17,292,2091.98,Shipped
ORD007610,P0371,S028,2026-04-26,766,846.22,Shipped
ORD007611,P0262,S023,2026-04-08,145,121.89,Processing
ORD007612,P0135,S027,2026-05-15,79,354.05,Cancelled
ORD007613,P0254,S013,2026-08-05,460,728.18,Processing
ORD007614,P0196,S023,2026-09-06,618,4466.58,Processing
ORD007615,P0112,S045,2026-09-08,520,214.92,Delivered
ORD007616,P0034,S031,2026-08-27,88,4024.2,Cancelled
ORD007617,P0126,S013,2026-04-05,849,3692.55,Processing
ORD007618,P0259,S024,2026-04-08,299,1414.04,Shipped
ORD007619,P0215,S042,2026-05-26,824,4326.44,Delivered
ORD007620,P0093,S044,2026-09-10,17,3156.0,Processing
ORD007621,P0114,S031,2026-04-15,933,2771.09,Delivered
ORD007622,P0351,S005,2026-05-03,33,2905.96,Cancelled
ORD007623,P0372,S047,2026-07-26,955,2071.85,Cancelled
ORD007624,P0233,S016,2026-07-20,874,2086.03,Cancelled
ORD007625,P0160,S023,2026-06-28,357,1500.99,Delivered
ORD007626,P0129,S033,2026-05-16,114,3070.77,Shipped
ORD007627,P0184,S050,2026-05-14,757,3612.36,Delivered
ORD007628,P0072,S025,2026-04-05,640,1029.55,Shipped
ORD007629,P0106,S016,2026-06-27,843,256.09,Processing
ORD007630,P0354,S016,2026-05-12,194,3267.48,Delivered
ORD007631,P0187,S044,2026-05-15,764,4917.15,Shipped
ORD007632,P0267,S021,2026-09-07,345,3736.09,Delivered
ORD007633,P0012,S010,2026-07-20,386,1259.49,Cancelled
ORD007634,P0410,S028,2026-04-28,15,1933.68,Shipped
ORD007635,P0164,S041,2026-04-20,127,3734.29,Shipped
ORD007636,P0418,S033,2026-06-10,489,2190.53,Delivered
ORD007637,P0492,S019,2026-07-09,576,4920.51,Shipped
ORD007638,P0070,S030,2026-09-09,714,4394.96,Cancelled
ORD007639,P0028,S012,2026-05-26,598,1416.55,Cancelled
ORD007640,P0168,S031,2026-08-16,941,852.69,Processing
ORD007641,P0018,S011,2026-09-10,235,3705.23,Shipped
ORD007642,P0318,S014,2026-07-31,465,2315.86,Delivered
ORD007643,P0192,S035,2026-05-04,186,2689.69,Delivered
ORD007644,P0343,S046,2026-08-22,604,4769.05,Shipped
ORD007645,P0184,S006,2026-08-25,394,3396.7,Shipped
ORD007646,P0299,S005,2026-08-30,768,3537.28,Shipped
ORD007647,P0429,S026,2026-06-12,673,4998.87,Shipped
ORD007648,P0129,S050,2026-07-12,330,730.45,Delivered
ORD007649,P0133,S005,2026-03-31,992,1858.3,Shipped
ORD007650,P0449,S048,2026-05-02,539,1884.65,Shipped
ORD007651,P0131,S032,2026-06-16,912,56.58,Delivered
ORD007652,P0302,S031,2026-07-30,781,2445.46,Shipped
ORD007653,P0064,S044,2026-04-04,309,1885.0,Delivered
ORD007654,P0348,S049,2026-08-28,234,2123.36,Processing
ORD007655,P0488,S022,2026-09-04,926,231.86,Processing
ORD007656,P0358,S002,2026-07-30,59,3989.31,Shipped
ORD007657,P0040,S030,2026-09-10,496,4502.54,Delivered
ORD007658,P0254,S016,2026-09-02,277,3508.26,Cancelled
ORD007659,P0345,S016,2026-04-03,109,2073.89,Processing
ORD007660,P0153,S001,2026-09-09,765,2441.76,Processing
ORD007661,P0382,S006,2026-09-15,395,4427.36,Shipped
ORD007662,P0166,S012,2026-07-25,500,1733.1,Processing
ORD007663,P0365,S043,2026-07-30,895,1014.08,Processing
ORD007664,P0387,S026,2026-08-14,502,3439.46,Shipped
ORD007665,P0492,S023,2026-04-16,697,270.62,Cancelled
ORD007666,P0479,S033,2026-08-04,72,1744.16,Cancelled
ORD007667,P0355,S021,2026-04-21,374,4180.9,Cancelled
ORD007668,P0441,S027,2026-04-13,425,2802.79,Shipped
ORD007669,P0290,S016,2026-04-04,431,4671.77,Processing
ORD007670,P0129,S027,2026-07-01,655,80.61,Shipped
ORD007671,P0062,S045,2026-06-12,424,591.67,Delivered
ORD007672,P0107,S038,2026-05-19,343,2082.48,Processing
ORD007673,P0068,S017,2026-05-10,929,1863.54,Delivered
ORD007674,P0077,S024,2026-08-01,405,3038.89,Delivered
ORD007675,P0066,S006,2026-08-22,972,735.17,Cancelled
ORD007676,P0231,S048,2026-08-16,914,1566.33,Cancelled
ORD007677,P0249,S036,2026-08-19,312,2632.72,Cancelled
ORD007678,P0044,S037,2026-05-13,436,4649.27,Delivered
ORD007679,P0083,S032,2026-06-20,643,264.24,Processing
ORD007680,P0293,S012,2026-07-01,185,3811.97,Delivered
ORD007681,P0129,S009,2026-07-10,241,31.58,Delivered
ORD007682,P0248,S019,2026-04-27,416,2936.19,Delivered
ORD007683,P0250,S025,2026-04-21,209,4865.4,Delivered
ORD007684,P0423,S033,2026-08-17,883,2131.98,Cancelled
ORD007685,P0334,S002,2026-09-14,857,2625.59,Shipped
ORD007686,P0416,S025,2026-05-20,5,2106.11,Processing
ORD007687,P0099,S001,2026-05-07,424,950.93,Cancelled
ORD007688,P0106,S042,2026-07-22,755,1770.4,Cancelled
ORD007689,P0201,S040,2026-06-27,749,1453.76,Shipped
ORD007690,P0001,S020,2026-04-09,901,51.92,Delivered
ORD007691,P0438,S048,2026-05-18,164,2349.18,Delivered
ORD007692,P0386,S009,2026-05-18,316,3837.28,Processing
ORD007693,P0156,S045,2026-07-15,391,1043.02,Shipped
ORD007694,P0350,S047,2026-04-25,235,3937.36,Cancelled
ORD007695,P0060,S036,2026-04-13,528,3455.6,Processing
ORD007696,P0495,S016,2026-03-27,855,4878.22,Delivered
ORD007697,P0432,S028,2026-09-15,878,4123.15,Shipped
ORD007698,P0342,S027,2026-07-31,990,702.31,Delivered
ORD007699,P0172,S013,2026-08-14,941,3250.69,Delivered
ORD007700,P0049,S042,2026-04-19,953,826.26,Delivered
ORD007701,P0249,S039,2026-07-21,31,4049.6,Processing
ORD007702,P0201,S028,2026-09-03,395,1972.29,Cancelled
ORD007703,P0369,S040,2026-09-06,312,2406.01,Delivered
ORD007704,P0127,S011,2026-09-06,425,4758.77,Shipped
ORD007705,P0264,S018,2026-08-19,345,60.75,Processing
ORD007706,P0252,S040,2026-09-15,51,3588.46,Shipped
ORD007707,P0427,S015,2026-03-31,503,1812.52,Shipped
ORD007708,P0353,S013,2026-09-02,683,3713.91,Processing
ORD007709,P0364,S017,2026-05-02,758,1721.32,Cancelled
ORD007710,P0169,S027,2026-09-16,463,4154.03,Shipped
ORD007711,P0417,S047,2026-04-05,256,282.03,Cancelled
ORD007712,P0233,S036,2026-07-30,64,2285.85,Delivered
ORD007713,P0359,S050,2026-04-25,-50,1655.52,Shipped
ORD007714,P0150,S035,2026-08-30,619,370.52,Shipped
ORD007715,P0410,S047,2026-05-03,614,4781.44,Processing
ORD007716,P0258,S011,2026-07-31,932,29.85,Delivered
ORD007717,P0062,S018,2026-06-15,602,2339.36,Cancelled
ORD007718,P0138,S037,2026-07-07,92,1238.0,Delivered
ORD007719,P0439,S023,2026-07-06,452,2075.52,Shipped
ORD007720,P0261,S011,2026-04-28,982,678.05,Cancelled
ORD007721,P0430,S037,2026-04-20,672,1645.67,Shipped
ORD007722,P0342,S002,2026-08-15,911,4288.52,Processing
ORD007723,P0157,S036,2026-08-15,877,1325.07,Shipped
ORD007724,P0344,S048,2026-05-11,834,1287.57,Shipped
ORD007725,P0246,S027,2026-07-19,885,1981.49,Processing
ORD007726,P0275,S028,2026-08-09,352,3130.42,Delivered
ORD007727,P0363,S038,2026-04-01,872,461.12,Shipped
ORD007728,P0178,S047,2026-08-23,410,3726.62,Processing
ORD007729,P0485,S014,2026-04-29,578,3487.86,Shipped
ORD007730,P0388,S013,2026-08-22,393,4037.26,Delivered
ORD007731,P0400,S019,2026-08-19,90,779.63,Cancelled
ORD007732,P0213,S025,2026-03-31,109,2813.98,Shipped
ORD007733,P0118,S027,2026-09-11,36,3530.31,Cancelled
ORD007734,P0022,S029,2026-08-07,140,13.58,Processing
ORD007735,P0463,S015,2026-03-31,949,3173.09,Processing
ORD007736,P0482,S036,2026-08-11,103,4718.08,Processing
ORD007737,P0389,S037,2026-03-26,633,2140.35,Cancelled
ORD007738,P0113,S029,2026-07-11,168,4721.85,Processing
ORD007739,P0228,S015,2026-09-05,303,3873.98,Processing
ORD007740,P0186,S027,2026-06-28,495,14.8,Delivered
ORD007741,P0323,S045,2026-08-19,3,1744.06,Shipped
ORD007742,P0413,S019,2026-07-27,860,4311.3,Processing
ORD007743,P0209,S032,2026-08-21,490,179.5,Shipped
ORD007744,P0420,S029,2026-07-02,207,3009.17,Delivered
ORD007745,P0129,S047,2026-07-02,612,38.13,Shipped
ORD007746,P0218,S036,2026-06-01,670,2668.07,Processing
ORD007747,P0026,S049,2026-09-09,363,2592.25,Cancelled
ORD007748,P0064,S004,2026-08-07,871,812.53,Processing
ORD007749,P0070,S038,2026-04-17,821,888.73,Cancelled
ORD007750,P0162,S018,2026-04-25,508,3889.0,Delivered
ORD007751,P0017,S037,2026-09-15,336,2583.25,Shipped
ORD007752,P0435,S006,2026-03-27,799,1476.47,Delivered
ORD007753,P0312,S030,2026-06-12,788,3669.24,Delivered
ORD007754,P0037,S038,2026-03-30,688,287.42,Delivered
ORD007755,P0108,S034,2026-07-17,519,4691.54,Shipped
ORD007756,P0226,S049,2026-07-02,727,1166.64,Shipped
ORD007757,P0145,S016,2026-07-29,865,2015.41,Processing
ORD007758,P0326,S003,2026-08-17,568,3025.87,Delivered
ORD007759,P0055,S037,2026-05-16,544,1596.6,Cancelled
ORD007760,P0035,S034,2026-07-29,225,725.82,Processing
ORD007761,P0180,S019,2026-03-27,129,4663.25,Shipped
ORD007762,P0406,S046,2026-09-07,180,1798.72,Delivered
ORD007763,P0045,S038,2026-04-19,672,218.83,Shipped
ORD007764,P0154,S048,2026-08-24,15,2893.34,Processing
ORD007765,P0296,S019,2026-09-09,65,4130.2,Shipped
ORD007766,P0230,S040,2026-08-15,640,3694.27,Delivered
ORD007767,P0117,S049,2026-09-14,791,706.22,Cancelled
ORD007768,P0215,S030,2026-09-13,399,4264.39,Delivered
ORD007769,P0199,S011,2026-09-01,862,3642.29,Shipped
ORD007770,P0458,S013,2026-04-11,800,4745.45,Shipped
ORD007771,P0332,S014,2026-03-28,578,3063.35,Cancelled
ORD007772,P0112,S035,2026-08-11,473,1440.98,Processing
ORD007773,P0271,S007,2026-03-29,523,990.8,Processing
ORD007774,P0354,S049,2026-05-04,583,3325.9,Cancelled
ORD007775,P0005,S012,2026-09-20,395,3763.03,Processing
ORD007776,P0086,S001,2026-08-01,484,620.82,Shipped
ORD007777,P0041,S036,2026-08-14,334,594.93,Processing
ORD007778,P0040,S031,2026-04-19,522,2080.66,Shipped
ORD007779,P0425,S029,2026-07-14,416,4212.66,Cancelled
ORD007780,P0304,S009,2026-04-11,722,3913.35,Processing
ORD007781,P0448,S015,2026-04-01,61,4610.12,Cancelled
ORD007782,P0412,S029,2026-06-13,277,177.15,Processing
ORD007783,P0348,S001,2026-05-23,215,2094.05,Cancelled
ORD007784,P0251,S034,2026-07-14,494,562.71,Processing
ORD007785,P0389,S039,2026-05-31,484,3315.33,Processing
ORD007786,P0166,S022,2026-06-28,769,4403.42,Delivered
ORD007787,P0473,S026,2026-05-11,289,2885.18,Cancelled
ORD007788,P0486,S017,2026-07-24,715,1823.81,Shipped
ORD007789,P0118,S029,2026-06-12,365,3829.93,Shipped
ORD007790,P0369,S020,2026-07-15,996,4035.74,Processing
ORD007791,P0072,S047,2026-06-14,430,3276.93,Delivered
ORD007792,P0418,S034,2026-04-21,375,4741.91,Delivered
ORD007793,P0162,S048,2026-04-21,444,2386.85,Processing
ORD007794,P0279,S023,2026-05-22,77,1605.64,Cancelled
ORD007795,P0377,S027,2026-06-05,507,4966.0,Shipped
ORD007796,P0339,S027,2026-04-08,769,4329.64,Delivered
ORD007797,P0279,S013,2026-08-26,517,3678.81,Delivered
ORD007798,P0115,S017,2026-08-20,445,1624.82,Delivered
ORD007799,P0389,S032,2026-05-08,328,2550.64,Cancelled
ORD007800,P0128,S041,2026-04-06,307,3735.31,Shipped
ORD007801,P0104,S045,2026-06-28,247,4272.01,Processing
ORD007802,P0154,,2026-05-25,995,4429.83,Processing
ORD007803,P0394,S021,2026-06-03,463,277.45,Delivered
ORD007804,P0443,S022,2026-06-13,740,2357.84,Processing
ORD007805,P0099,S035,2026-07-05,557,47.71,Processing
ORD007806,P0493,S018,2026-05-05,694,3697.54,Processing
ORD007807,P0046,S025,2026-07-20,113,3328.81,Cancelled
ORD007808,P0367,S045,2026-05-04,524,4547.28,Cancelled
ORD007809,P0479,S030,2026-08-19,982,3681.82,Cancelled
ORD007810,P0371,S012,2026-07-08,976,4462.41,Processing
ORD007811,P0241,S002,2026-09-01,215,3425.8,Shipped
ORD007812,P0143,S031,2026-09-06,574,3789.55,Processing
ORD007813,P0270,S007,2026-07-07,585,4954.48,Processing
ORD007814,P0408,S040,2026-04-24,159,902.48,Shipped
ORD007815,P0396,S046,2026-04-16,987,886.75,Processing
ORD007816,P0262,S049,2026-04-28,714,14.87,Cancelled
ORD007817,P0179,S016,2026-05-10,702,2903.03,Delivered
ORD007818,P0185,S018,2026-07-30,350,1846.6,Delivered
ORD007819,P0314,S011,2026-08-09,326,2698.47,Processing
ORD007820,P0134,S050,2026-04-14,4,265.32,Processing
ORD007821,P0206,S015,2026-06-20,29,1023.1,Processing
ORD007822,P0078,S028,2026-07-31,487,962.01,Shipped
ORD007823,P0005,S020,2026-08-27,458,2902.06,Cancelled
ORD007824,P0227,S007,2026-06-24,437,4143.31,Cancelled
ORD007825,P0072,S006,2026-09-07,200,747.32,Shipped
ORD007826,P0269,S027,2026-04-08,177,4253.67,Cancelled
ORD007827,P0161,S025,2026-08-08,300,4802.47,Processing
ORD007828,P0225,S025,2026-06-08,52,3429.26,Processing
ORD007829,P0011,S037,2026-05-16,175,4256.68,Cancelled
ORD007830,P0267,S039,2026-05-08,811,3258.82,Shipped
ORD007831,P0240,S043,2026-07-03,219,1970.73,Delivered
ORD007832,P0104,S016,2026-07-03,17,4261.13,Shipped
ORD007833,P0022,S007,2026-07-01,481,796.91,Cancelled
ORD007834,P0264,S050,2026-05-01,15,1185.73,Processing
ORD007835,P0456,S026,2026-09-19,320,3047.24,Shipped
ORD007836,P0256,S019,2026-09-10,585,412.87,Delivered
ORD007837,P0414,S016,2026-07-12,261,4267.64,Processing
ORD007838,P0018,S015,2026-09-14,966,484.14,Delivered
ORD007839,P0211,S016,2026-07-01,788,1882.97,Processing
ORD007840,P0269,S018,2026-04-29,372,4187.06,Shipped
ORD007841,P0149,S049,2026-04-11,3,2671.77,Shipped
ORD007842,P0316,S025,2026-07-18,156,822.58,Shipped
ORD007843,P0392,S007,2026-04-12,650,19.15,Shipped
ORD007844,P0219,S006,2026-08-05,38,1919.42,Cancelled
ORD007845,P0379,S043,2026-04-04,810,310.07,Cancelled
ORD007846,P0152,S027,2026-03-25,606,97.76,Delivered
ORD007847,P0135,S040,2026-07-15,676,1684.15,Delivered
ORD007848,P0457,S009,2026-06-29,924,1568.2,Delivered
ORD007849,P0214,S025,2026-03-30,642,2463.12,Shipped
ORD007850,P0241,S015,2026-06-13,869,4140.28,Delivered
ORD007851,P0179,S004,2026-07-12,896,896.72,Shipped
ORD007852,P0460,S014,2026-05-02,793,2628.91,Processing
ORD007853,P0137,S048,2026-06-20,261,4237.22,Delivered
ORD007854,P0040,S005,2026-07-19,658,4625.77,Cancelled
ORD007855,P0316,S034,2026-05-06,384,129.65,Processing
ORD007856,P0338,S002,2026-09-09,355,3197.08,Delivered
ORD007857,P0223,S029,2026-07-10,97,1270.38,Shipped
ORD007858,P0477,S015,2026-05-22,673,1004.01,Delivered
ORD007859,P0392,S006,2026-07-29,261,2280.86,Shipped
ORD007860,P0131,S048,2026-06-23,830,339.28,Processing
ORD007861,P0386,S049,2026-06-06,593,897.09,Delivered
ORD007862,P0260,S043,2026-05-09,923,2748.88,Shipped
ORD007863,P0093,S004,2026-09-07,522,2936.68,Shipped
ORD007864,P0057,S029,2026-04-28,894,1968.46,Delivered
ORD007865,P0498,S011,2026-04-23,428,3040.31,Processing
ORD007866,P0495,S003,2026-06-17,872,1644.77,Delivered
ORD007867,P0378,S015,2026-07-24,730,688.0,Delivered
ORD007868,P0455,S039,2026-05-22,303,1200.66,Processing
ORD007869,P0385,S011,2026-09-16,375,238.68,Processing
ORD007870,P0129,S039,2026-07-26,407,4072.28,Processing
ORD007871,P0118,S033,2026-08-14,984,1415.76,Delivered
ORD007872,P0430,S015,2026-09-13,494,3215.37,Shipped
ORD007873,P0108,S039,2026-05-28,599,2963.44,Processing
ORD007874,P0388,S023,2026-08-14,756,2627.48,Processing
ORD007875,P0014,S034,2026-05-20,421,3206.42,Delivered
ORD007876,P0285,S027,2026-06-05,672,1236.5,Processing
ORD007877,P0333,S003,2026-08-22,528,1603.42,Delivered
ORD007878,P0499,S004,2026-06-17,773,4151.07,Cancelled
ORD007879,P0055,S022,2026-09-09,599,148.38,Shipped
ORD007880,P0286,S009,2026-04-23,934,1064.9,Cancelled
ORD007881,P0054,S004,2026-05-06,630,269.41,Shipped
ORD007882,P0132,S031,2026-06-05,587,3457.45,Delivered
ORD007883,P0037,S031,2026-09-17,128,2427.28,Shipped
ORD007884,P0016,S013,2026-03-26,728,1288.44,Cancelled
ORD007885,P0348,S033,2026-08-06,705,1392.44,Cancelled
ORD007886,P0346,S032,2026-06-16,773,1048.46,Shipped
ORD007887,P0307,S025,2026-06-03,415,1891.42,Delivered
ORD007888,P0070,S015,2026-07-15,404,1898.44,Delivered
ORD007889,P0436,S031,2026-06-06,270,526.65,Delivered
ORD007890,P0055,S035,2026-08-13,2,972.87,Processing
ORD007891,P0328,S010,2026-07-30,365,4202.57,Processing
ORD007892,P0348,S038,2026-08-07,641,1417.38,Shipped
ORD007893,P0298,S016,2026-05-18,793,1831.43,Cancelled
ORD007894,P0071,S026,2026-03-28,623,3873.03,Shipped
ORD007895,P0499,S029,2026-07-25,383,670.67,Cancelled
ORD007896,P0288,S019,2026-07-09,970,2799.01,Delivered
ORD007897,P0342,S048,2026-05-18,102,2142.49,Cancelled
ORD007898,P0268,S005,2026-07-22,471,1582.34,Shipped
ORD007899,P0284,S005,2026-09-05,255,1698.13,Cancelled
ORD007900,P0454,S018,2026-06-30,161,3052.97,Processing
ORD007901,P0113,S001,2026-08-27,215,4782.03,Shipped
ORD007902,P0307,S024,2026-05-24,139,3705.08,Cancelled
ORD007903,P0268,S042,2026-04-03,551,4908.61,Processing
ORD007904,P0308,S036,2026-05-09,857,2345.26,Processing
ORD007905,P0361,S002,2026-06-06,96,429.6,Cancelled
ORD007906,P0234,S022,2026-06-09,279,3640.29,Processing
ORD007907,P0446,S042,2026-09-12,461,4282.51,Delivered
ORD007908,P0390,S038,2026-06-02,976,3083.63,Cancelled
ORD007909,P0274,S005,2026-07-19,618,1557.05,Cancelled
ORD007910,P0295,S031,2026-06-18,969,2259.09,Cancelled
ORD007911,P0400,S003,2026-04-17,680,1010.85,Shipped
ORD007912,P0176,S031,2026-03-29,211,4543.53,Cancelled
ORD007913,P0463,S047,2026-08-09,595,491.89,Delivered
ORD007914,P0444,S048,2026-08-03,21,1473.76,Delivered
ORD007915,P0346,S032,2026-09-20,990,4419.45,Cancelled
ORD007916,P0328,S018,2026-08-30,912,1080.74,Cancelled
ORD007917,P0413,S007,2026-05-04,920,3426.67,Cancelled
ORD007918,P0233,S005,2026-09-09,694,3597.36,Delivered
ORD007919,P0164,S033,2026-07-01,474,913.38,Cancelled
ORD007920,P0158,S049,2026-05-26,72,602.39,Shipped
ORD007921,P0440,S022,2026-08-08,451,4983.68,Cancelled
ORD007922,P0478,S008,2026-07-17,964,735.48,Shipped
ORD007923,P0356,S011,2026-07-24,563,4161.26,Processing
ORD007924,P0431,S008,2026-08-21,171,4248.99,Shipped
ORD007925,P0085,S017,2026-09-06,592,4776.86,Delivered
ORD007926,P0451,S026,2026-08-30,27,3194.5,Shipped
ORD007927,P0369,S045,2026-04-18,357,3390.16,Shipped
ORD007928,P0099,S030,2026-06-26,731,1142.28,Shipped
ORD007929,P0234,S027,2026-05-17,209,628.65,Shipped
ORD007930,P0290,S026,2026-06-26,995,2475.15,Cancelled
ORD007931,P0223,S049,2026-04-24,638,4174.7,Shipped
ORD007932,P0364,S007,2026-08-11,278,3751.17,Delivered
ORD007933,P0031,S048,2026-03-25,752,1365.93,Cancelled
ORD007934,P0211,S003,2026-06-26,153,1199.82,Delivered
ORD007935,P0373,S028,2026-04-06,320,4845.27,Delivered
ORD007936,P0394,S039,2026-07-15,498,802.95,Cancelled
ORD007937,P0380,S011,2026-08-05,181,3667.55,Shipped
ORD007938,P0079,S030,2026-06-10,947,1038.6,Shipped
ORD007939,P0302,S046,2026-05-29,498,2882.86,Processing
ORD007940,P0059,S042,2026-06-27,942,2986.82,Processing
ORD007941,P0209,S041,2026-07-07,844,4386.43,Shipped
ORD007942,P0376,S024,2026-07-16,521,4507.67,Cancelled
ORD007943,P0360,S043,2026-08-14,991,3637.92,Cancelled
ORD007944,P0467,S004,2026-04-10,860,3507.25,Processing
ORD007945,P0382,S045,2026-08-21,147,1779.49,Delivered
ORD007946,P0355,S032,2026-07-12,-50,610.66,Shipped
ORD007947,P0366,S026,2026-05-12,3,3841.57,Delivered
ORD007948,P0149,S015,2026-07-23,718,109.9,Delivered
ORD007949,P0180,S025,2026-05-03,977,3968.41,Delivered
ORD007950,P0062,S013,2026-06-07,922,507.02,Cancelled
ORD007951,P0239,S023,2026-07-28,152,2406.68,Delivered
ORD007952,P0057,S010,2026-07-14,903,2244.92,Cancelled
ORD007953,P0225,S028,2026-04-19,219,3709.03,Shipped
ORD007954,P0211,S049,2026-03-26,303,900.45,Cancelled
ORD007955,P0292,S047,2026-05-03,623,4584.7,Shipped
ORD007956,P0263,S036,2026-05-16,645,512.45,Cancelled
ORD007957,P0204,S009,2026-07-20,956,4324.4,Cancelled
ORD007958,P0074,S048,2026-04-01,357,1566.93,Delivered
ORD007959,P0328,S015,2026-07-03,589,343.06,Shipped
ORD007960,P0140,S031,2026-07-09,130,1683.96,Delivered
ORD007961,P0197,S030,2026-06-04,913,2566.74,Delivered
ORD007962,P0105,S028,2026-09-14,636,117.0,Delivered
ORD007963,P0364,S045,2026-06-13,360,173.74,Processing
ORD007964,P0467,S005,2026-07-02,244,1294.26,Cancelled
ORD007965,P0048,S009,2026-05-20,159,3966.89,Delivered
ORD007966,P0197,S029,2026-07-12,446,2035.67,Shipped
ORD007967,P0336,S001,2026-06-05,333,1179.22,Processing
ORD007968,P0081,S041,2026-06-03,995,3263.13,Cancelled
ORD007969,P0143,S015,2026-08-15,343,1126.08,Processing
ORD007970,P0382,S028,2026-07-30,936,375.66,Delivered
ORD007971,P0284,S005,2026-06-25,246,4880.23,Delivered
ORD007972,P0232,S015,2026-06-17,192,587.57,Cancelled
ORD007973,P0439,S036,2026-07-15,776,4677.51,Cancelled
ORD007974,P0183,S022,2026-06-07,853,1867.73,Cancelled
ORD007975,P0162,S008,2026-04-21,31,2207.93,Shipped
ORD007976,P0188,S032,2026-09-10,9,1827.21,Processing
ORD007977,P0485,S024,2026-08-30,37,2815.02,Cancelled
ORD007978,P0149,S006,2026-05-31,130,3864.48,Shipped
ORD007979,P0301,S038,2026-09-12,858,4255.82,Cancelled
ORD007980,P0089,S021,2026-09-07,575,1991.76,Processing
ORD007981,P0127,S021,2026-07-04,442,134.53,Cancelled
ORD007982,P0096,S022,2026-09-05,682,1735.73,Shipped
ORD007983,P0248,S049,2026-04-15,975,2941.02,Cancelled
ORD007984,P0488,S024,2026-09-17,78,4331.34,Processing
ORD007985,P0450,S034,2026-07-23,257,2943.93,Processing
ORD007986,P0428,S012,2026-04-10,466,4015.05,Shipped
ORD007987,P0414,S022,2026-05-27,543,3235.36,Delivered
ORD007988,P0253,S028,2026-08-30,705,805.92,Processing
ORD007989,P0214,S049,2026-05-31,92,1989.59,Cancelled
ORD007990,P0164,S010,2026-04-12,962,3502.56,Cancelled
ORD007991,P0128,S010,2026-06-17,832,714.28,Shipped
ORD007992,P0021,S048,2026-07-17,693,2555.19,Delivered
ORD007993,P0139,S034,2026-04-20,708,549.62,Cancelled
ORD007994,P0316,S036,2026-04-11,549,1369.62,Shipped
ORD007995,P0230,S050,2026-05-26,810,4742.52,Delivered
ORD007996,P0458,S026,2026-04-27,528,558.73,Processing
ORD007997,P0373,S001,2026-03-26,534,4259.87,Shipped
ORD007998,P0278,S038,2026-08-02,623,4364.39,Shipped
ORD007999,P0466,S033,2026-09-07,43,2737.07,Shipped
ORD008000,P0099,S014,2026-03-28,290,3564.87,Delivered
ORD008001,P0018,S036,2026-06-19,859,3707.96,Delivered
ORD008002,P0193,S046,2026-06-18,227,1712.96,Cancelled
ORD008003,P0303,S003,2026-08-22,650,930.05,Delivered
ORD008004,P0036,S007,2026-05-23,421,3511.26,Shipped
ORD008005,P0012,S009,2026-07-09,984,3185.49,Processing
ORD008006,P0464,S028,2026-06-06,986,2245.61,Cancelled
ORD008007,P0074,S033,2026-05-29,118,753.67,Shipped
ORD008008,P0269,S013,2026-08-15,407,3888.86,Delivered
ORD008009,P0419,S018,2026-07-19,637,2551.15,Shipped
ORD008010,P0462,S045,2026-08-20,742,1611.95,Delivered
ORD008011,P0200,S001,2026-05-07,883,2897.84,Delivered
ORD008012,P0115,S006,2026-05-25,742,4218.71,Cancelled
ORD008013,P0214,S044,2026-06-26,363,2482.23,Delivered
ORD008014,P0201,S023,2026-07-09,503,4254.6,Delivered
ORD008015,P0012,S019,2026-05-17,589,3121.87,Delivered
ORD008016,P0121,S033,2026-06-09,584,3380.31,Cancelled
ORD008017,P0333,S007,2026-06-06,408,1360.64,Delivered
ORD008018,P0198,S010,2026-08-06,897,3623.31,Shipped
ORD008019,P0407,S009,2026-05-11,788,644.12,Processing
ORD008020,P0242,S010,2026-03-29,278,4467.79,Cancelled
ORD008021,P0131,S007,2026-06-30,939,939.88,Delivered
ORD008022,P0343,S037,2026-05-18,373,4075.57,Shipped
ORD008023,P0129,S021,2026-07-27,558,1990.34,Delivered
ORD008024,P0166,S033,2026-09-16,205,2887.28,Shipped
ORD008025,P0266,S015,2026-04-02,378,1363.76,Shipped
ORD008026,P0346,S041,2026-04-29,486,2579.64,Shipped
ORD008027,P0280,S033,2026-08-15,128,2951.66,Delivered
ORD008028,P0314,S025,2026-07-12,382,1910.64,Processing
ORD008029,P0190,S043,2026-05-08,938,2993.53,Processing
ORD008030,P0224,S045,2026-07-19,168,702.89,Cancelled
ORD008031,P0121,S006,2026-08-08,826,878.35,Shipped
ORD008032,P0464,S017,2026-05-22,126,2666.79,Shipped
ORD008033,P0326,S031,2026-06-18,856,2809.51,Delivered
ORD008034,P0464,S009,2026-05-04,916,2574.47,Delivered
ORD008035,P0255,S006,2026-07-18,695,4866.07,Cancelled
ORD008036,P0289,S019,2026-04-26,372,4339.06,Delivered
ORD008037,P0384,S025,2026-04-27,677,3794.42,Shipped
ORD008038,P0233,S015,2026-05-31,796,1830.12,Processing
ORD008039,P0049,S042,2026-06-03,289,3485.62,Delivered
ORD008040,P0381,S014,2026-03-31,191,4749.4,Delivered
ORD008041,P0221,S043,2026-08-06,767,2140.49,Cancelled
ORD008042,P0327,S004,2026-08-17,910,2128.51,Cancelled
ORD008043,P0241,S031,2026-05-28,662,3177.4,Delivered
ORD008044,P0041,S043,2026-04-17,894,316.97,Delivered
ORD008045,P0118,S033,2026-08-12,257,1242.03,Cancelled
ORD008046,P0089,S026,2026-08-13,19,3963.85,Cancelled
ORD008047,P0365,S031,2026-07-22,805,3108.15,Shipped
ORD008048,P0114,S013,2026-09-04,888,4666.64,Shipped
ORD008049,P0069,S021,2026-04-29,217,2961.45,Processing
ORD008050,P0136,S009,2026-04-27,369,4426.51,Cancelled
ORD008051,P0231,S050,2026-07-24,186,2285.38,Shipped
ORD008052,P0229,S044,2026-06-24,348,249.03,Delivered
ORD008053,P0412,S034,2026-09-08,539,4387.55,Processing
ORD008054,P0052,S019,2026-04-16,539,1551.97,Delivered
ORD008055,P0365,S025,2026-05-21,195,2660.91,Cancelled
ORD008056,P0251,S035,2026-08-07,853,2532.44,Shipped
ORD008057,P0416,S002,2026-05-08,777,3742.91,Shipped
ORD008058,P0170,S045,2026-07-20,641,3462.8,Processing
ORD008059,P0340,S033,2026-06-26,811,2974.35,Cancelled
ORD008060,P0029,S025,2026-07-23,591,3510.8,Processing
ORD008061,P0302,S012,2026-09-14,539,1708.26,Processing
ORD008062,P0328,S004,2026-09-05,154,4953.99,Shipped
ORD008063,P0209,S006,2026-06-11,873,2104.24,Cancelled
ORD008064,P0487,S019,2026-08-22,422,3733.19,Cancelled
ORD008065,P0232,S034,2026-09-05,681,3967.6,Cancelled
ORD008066,P0368,S027,2026-05-18,765,4598.35,Processing
ORD008067,P0167,S040,2026-08-17,736,1459.98,Shipped
ORD008068,P0070,S046,2026-08-20,996,332.57,Shipped
ORD008069,P0089,S015,2026-07-14,976,3166.46,Delivered
ORD008070,P0317,S018,2026-04-15,472,1076.68,Cancelled
ORD008071,P0217,S009,2026-08-17,411,3376.67,Cancelled
ORD008072,P0150,S050,2026-06-22,983,2818.0,Cancelled
ORD008073,P0238,S037,2026-09-13,88,3542.92,Processing
ORD008074,P0011,S003,2026-04-27,564,3593.31,Delivered
ORD008075,P0404,S002,2026-03-29,100,3714.35,Processing
ORD008076,P0419,S027,2026-07-31,684,2086.92,Delivered
ORD008077,P0094,S021,2026-07-03,88,1615.84,Shipped
ORD008078,P0175,S007,2026-08-21,260,4336.53,Delivered
ORD008079,P0359,S026,2026-08-15,456,499.79,Delivered
ORD008080,P0262,S001,2026-09-09,2,3568.73,Shipped
ORD008081,P0356,S031,2026-08-02,922,925.13,Processing
ORD008082,P0090,S031,2026-09-08,879,3370.2,Shipped
ORD008083,P0302,S026,2026-09-17,434,1754.36,Processing
ORD008084,P0153,S034,2026-08-29,204,4268.87,Shipped
ORD008085,P0234,S008,2026-04-22,601,2329.1,Shipped
ORD008086,P0093,S042,2026-04-09,223,4324.58,Shipped
ORD008087,P0389,S016,2026-05-15,336,1167.75,Cancelled
ORD008088,P0192,S044,2026-07-20,459,3402.43,Cancelled
ORD008089,P0109,S017,2026-07-15,925,3613.7,Processing
ORD008090,P0410,S050,2026-07-01,343,2664.84,Cancelled
ORD008091,P0025,S014,2026-06-14,682,357.3,Shipped
ORD008092,P0303,S029,2026-09-05,614,469.83,Delivered
ORD008093,P0468,S031,2026-07-22,77,3151.45,Processing
ORD008094,P0016,S027,2026-08-01,88,4702.45,Delivered
ORD008095,P0432,S017,2026-07-25,404,1971.25,Cancelled
ORD008096,P0391,S032,2026-08-25,853,3345.85,Cancelled
ORD008097,P0407,S048,2026-05-01,93,2302.72,Processing
ORD008098,P0394,S015,2026-06-06,378,1956.34,Processing
ORD008099,P0112,S010,2026-04-05,357,3788.27,Cancelled
ORD008100,P0191,S046,2026-08-17,148,4419.05,Shipped
ORD008101,P0229,S047,2026-08-07,754,4448.37,Cancelled
ORD008102,P0164,S047,2026-05-15,11,2378.0,Delivered
ORD008103,P0339,S032,2026-04-07,181,2617.73,Processing
ORD008104,P0305,S020,2026-09-07,832,2311.65,Cancelled
ORD008105,P0486,S047,2026-05-31,426,3748.33,Delivered
ORD008106,P0349,S025,2026-05-09,91,1308.94,Processing
ORD008107,P0208,S043,2026-09-08,955,1190.31,Cancelled
ORD008108,P0441,S029,2026-05-08,342,1978.37,Shipped
ORD008109,P0115,S038,2026-05-28,889,3812.65,Shipped
ORD008110,P0323,S039,2026-04-09,857,1691.1,Cancelled
ORD008111,P0009,S004,2026-05-18,668,1975.39,Cancelled
ORD008112,P0365,S008,2026-04-30,812,4953.05,Shipped
ORD008113,P0040,S025,2026-09-13,266,291.87,Cancelled
ORD008114,P0029,S020,2026-09-05,860,4548.4,Delivered
ORD008115,P0105,S048,2026-04-16,670,1826.09,Processing
ORD008116,P0374,S031,2026-09-16,767,3162.64,Processing
ORD008117,P0213,S024,2026-08-25,954,808.86,Processing
ORD008118,P0163,S038,2026-08-23,768,2725.19,Cancelled
ORD008119,P0241,S045,2026-07-19,63,1679.85,Shipped
ORD008120,P0304,S038,2026-08-03,732,3853.79,Cancelled
ORD008121,P0094,S045,2026-04-15,602,4600.47,Cancelled
ORD008122,P0392,S039,2026-08-26,953,489.53,Shipped
ORD008123,P0282,S012,2026-09-20,998,4112.24,Cancelled
ORD008124,P0026,S043,2026-03-26,131,2873.66,Processing
ORD008125,P0423,S007,2026-09-18,218,4903.24,Cancelled
ORD008126,P0293,S013,2026-08-01,483,4078.7,Cancelled
ORD008127,P0081,S005,2026-03-29,256,2178.45,Shipped
ORD008128,P0185,S032,2026-04-12,494,427.12,Processing
ORD008129,P0035,S034,2026-08-26,273,872.18,Shipped
ORD008130,P0370,S038,2026-04-09,362,3984.52,Delivered
ORD008131,P0224,S043,2026-07-23,929,1829.29,Processing
ORD008132,P0113,S045,2026-05-02,378,1814.04,Processing
ORD008133,P0280,S021,2026-09-16,570,2456.33,Delivered
ORD008134,P0100,S001,2026-07-13,803,3337.82,Processing
ORD008135,P0399,S046,2026-08-11,182,3045.68,Processing
ORD008136,P0183,S010,2026-05-23,557,4270.77,Cancelled
ORD008137,P0192,S047,2026-04-19,916,977.49,Cancelled
ORD008138,P0249,S011,2026-06-08,421,2635.98,Shipped
ORD008139,P0137,S027,2026-07-29,284,3382.68,Shipped
ORD008140,P0233,S044,2026-04-01,155,4485.36,Processing
ORD008141,P0389,S001,2026-04-19,946,4824.88,Shipped
ORD008142,P0026,S034,2026-09-15,560,255.1,Cancelled
ORD008143,P0207,S048,2026-06-12,318,4095.94,Shipped
ORD008144,P0383,S044,2026-03-30,347,2719.25,Delivered
ORD008145,P0272,S001,2026-06-13,112,17.53,Cancelled
ORD008146,P0305,S032,2026-07-26,824,4831.33,Shipped
ORD008147,P0223,S006,2026-07-29,603,1068.61,Cancelled
ORD008148,P0100,S025,2026-06-28,805,3173.66,Cancelled
ORD008149,P0125,S015,2026-06-16,240,1508.74,Cancelled
ORD008150,P0142,S048,2026-07-15,588,2048.04,Processing
ORD008151,P0488,S031,2026-05-13,592,4471.88,Processing
ORD008152,P0407,S045,2026-05-02,441,4600.19,Processing
ORD008153,P0059,S040,2026-07-30,948,380.58,Delivered
ORD008154,P0112,S032,2026-05-09,298,1041.61,Cancelled
ORD008155,P0148,S021,2026-05-25,52,1622.43,Processing
ORD008156,P0308,S019,2026-04-22,9,1604.26,Delivered
ORD008157,P0243,S009,2026-05-27,770,2089.38,Cancelled
ORD008158,P0289,S028,2026-09-04,168,2979.91,Shipped
ORD008159,P0487,S038,2026-06-22,499,2259.98,Cancelled
ORD008160,P0009,S037,2026-06-28,546,3757.86,Shipped
ORD008161,P0059,S039,2026-08-19,571,474.74,Shipped
ORD008162,P0369,S015,2026-07-26,399,2184.83,Processing
ORD008163,P0226,S042,2026-08-28,542,2640.49,Cancelled
ORD008164,P0260,S048,2026-06-08,610,3418.27,Shipped
ORD008165,P0447,S024,2026-09-07,464,591.18,Delivered
ORD008166,P0314,S035,2026-09-01,260,4796.36,Shipped
ORD008167,P0478,S025,2026-08-24,67,4594.91,Processing
ORD008168,P0164,S012,2026-08-15,348,2399.67,Cancelled
ORD008169,P0248,S018,2026-07-24,243,2198.56,Processing
ORD008170,P0073,S015,2026-04-13,520,1378.08,Cancelled
ORD008171,P0190,S025,2026-07-15,925,4075.95,Delivered
ORD008172,P0388,S037,2026-08-11,853,2600.56,Shipped
ORD008173,P0253,S038,2026-06-27,892,3347.38,Processing
ORD008174,P0375,S012,2026-04-25,834,2977.3,Delivered
ORD008175,P0166,S038,2026-04-08,13,1605.25,Shipped
ORD008176,P0225,S015,2026-04-22,389,1617.2,Shipped
ORD008177,P0017,S021,2026-06-04,747,2840.7,Processing
ORD008178,P0156,S012,2026-06-02,298,2049.66,Cancelled
ORD008179,P0069,S013,2026-04-19,625,1179.12,Delivered
ORD008180,P0173,S016,2026-07-06,208,1865.58,Processing
ORD008181,P0314,S031,2026-06-26,322,4664.19,Delivered
ORD008182,P0203,S011,2026-08-17,516,937.66,Delivered
ORD008183,P0207,S001,2026-08-23,538,2455.53,Cancelled
ORD008184,P0167,S041,2026-09-01,482,2526.19,Processing
ORD008185,P0403,S031,2026-09-19,195,2330.7,Cancelled
ORD008186,P0025,S038,2026-05-26,955,2349.63,Processing
ORD008187,P0329,S033,2026-08-19,743,1243.82,Cancelled
ORD008188,P0211,S002,2026-06-30,583,2502.6,Cancelled
ORD008189,P0415,S021,2026-07-30,953,1681.53,Delivered
ORD008190,P0352,S042,2026-04-07,300,1394.43,Shipped
ORD008191,P0024,S029,2026-09-09,722,711.08,Cancelled
ORD008192,P0484,S040,2026-05-03,917,4865.36,Delivered
ORD008193,P0042,S002,2026-09-15,952,2212.8,Processing
ORD008194,P0354,S010,2026-05-09,415,1784.91,Cancelled
ORD008195,P0082,S023,2026-08-03,297,1935.2,Delivered
ORD008196,P0319,S020,2026-06-17,687,401.26,Shipped
ORD008197,P0256,S008,2026-07-10,70,2299.48,Shipped
ORD008198,P0300,S036,2026-05-15,861,3855.53,Cancelled
ORD008199,P0143,S041,2026-05-05,324,2772.54,Cancelled
ORD008200,P0018,S033,2026-09-11,688,2509.06,Delivered
ORD008201,P0169,S046,2026-07-28,323,3826.42,Delivered
ORD008202,P0101,S048,2026-06-25,402,1700.27,Cancelled
ORD008203,P0224,S034,2026-04-29,223,4353.43,Shipped
ORD008204,P0394,S030,2026-04-01,759,3494.09,Delivered
ORD008205,P0043,S013,2026-06-21,873,236.76,Cancelled
ORD008206,P0094,S005,2026-07-16,799,651.17,Delivered
ORD008207,P0199,S036,2026-06-13,249,2768.43,Delivered
ORD008208,P0248,S034,2026-05-09,960,1674.66,Cancelled
ORD008209,P0450,S036,2026-08-16,790,786.4,Shipped
ORD008210,P0088,S020,2026-08-17,87,1121.25,Delivered
ORD008211,P0124,S001,2026-07-24,892,4432.96,Processing
ORD008212,P0019,S034,2026-08-15,381,2658.17,Delivered
ORD008213,P0287,S017,2026-07-06,700,4607.43,Processing
ORD008214,P0399,S049,2026-07-10,529,4645.04,Cancelled
ORD008215,P0083,S013,2026-07-15,549,1979.38,Shipped
ORD008216,P0212,S003,2026-09-10,957,2001.46,Cancelled
ORD008217,P0479,S023,2026-06-27,578,1785.07,Processing
ORD008218,P0149,S007,2026-06-15,831,25.0,Cancelled
ORD008219,P0461,S043,2026-07-25,134,1775.42,Delivered
ORD008220,P0021,S012,2026-06-07,337,3445.34,Delivered
ORD008221,P0322,S035,2026-03-30,934,1607.58,Shipped
ORD008222,P0230,S010,2026-08-06,217,1719.64,Shipped
ORD008223,P0402,S031,2026-06-24,645,753.4,Delivered
ORD008224,P0148,S008,2026-05-02,17,3966.92,Delivered
ORD008225,P0031,S030,2026-06-26,753,4750.41,Shipped
ORD008226,P0126,S008,2026-08-19,416,1901.09,Delivered
ORD008227,P0393,S044,2026-07-11,842,581.76,Shipped
ORD008228,P0188,S041,2026-09-02,392,4846.34,Delivered
ORD008229,P0332,S019,2026-05-22,18,3526.09,Cancelled
ORD008230,P0336,S023,2026-09-09,47,220.04,Shipped
ORD008231,P0283,S020,2026-06-17,35,4745.33,Processing
ORD008232,P0321,S031,2026-04-26,24,2036.63,Delivered
ORD008233,P0197,S020,2026-09-06,622,3950.27,Processing
ORD008234,P0224,S042,2026-06-17,357,3698.12,Delivered
ORD008235,P0116,S042,2026-09-13,404,1063.72,Processing
ORD008236,P0150,S032,2026-07-05,144,4355.43,Shipped
ORD008237,P0167,S050,2026-06-24,523,4582.36,Delivered
ORD008238,P0020,S034,2026-07-26,748,1112.45,Shipped
ORD008239,P0401,S049,2026-04-09,792,1490.97,Processing
ORD008240,P0140,S042,2026-05-29,652,4361.12,Cancelled
ORD008241,P0360,S016,2026-07-04,688,3041.27,Delivered
ORD008242,P0134,S023,2026-04-01,217,2962.57,Delivered
ORD008243,P0360,S047,2026-06-01,564,4340.22,Cancelled
ORD008244,P0324,S011,2026-07-28,863,1587.73,Shipped
ORD008245,P0352,S037,2026-03-26,386,556.35,Cancelled
ORD008246,P0290,S038,2026-04-06,515,4726.65,Processing
ORD008247,P0255,S001,2026-04-11,976,2954.03,Delivered
ORD008248,P0497,S027,2026-07-03,983,2671.19,Delivered
ORD008249,P0458,S002,2026-05-20,236,4291.07,Shipped
ORD008250,P0309,S007,2026-06-29,696,911.36,Delivered
ORD008251,P0028,S007,2026-06-25,391,1269.39,Shipped
ORD008252,P0198,S010,2026-07-06,379,2201.57,Delivered
ORD008253,P0444,S023,2026-05-02,225,2114.3,Processing
ORD008254,P0207,S038,2026-07-14,513,2267.62,Processing
ORD008255,P0403,S049,2026-05-04,967,4433.03,Shipped
ORD008256,P0406,S048,2026-07-29,655,2925.96,Shipped
ORD008257,P0144,S024,2026-07-27,39,2781.31,Cancelled
ORD008258,P0239,S015,2026-04-23,668,1110.15,Shipped
ORD008259,P0049,S028,2026-07-28,38,4470.09,Processing
ORD008260,P0481,S006,2026-06-29,272,4173.04,Shipped
ORD008261,P0045,S027,2026-07-16,341,194.09,Shipped
ORD008262,P0393,S007,2026-05-30,379,934.92,Shipped
ORD008263,P0496,S023,2026-06-04,699,3301.39,Processing
ORD008264,P0463,S027,2026-08-24,757,2984.39,Shipped
ORD008265,P0045,S043,2026-05-28,690,4198.01,Delivered
ORD008266,P0478,S047,2026-05-19,838,2319.91,Delivered
ORD008267,P0305,S033,2026-05-28,497,4144.17,Processing
ORD008268,P0309,S013,2026-03-29,831,2742.43,Processing
ORD008269,P0127,S039,2026-07-15,402,4655.23,Processing
ORD008270,P0461,S012,2026-06-11,837,2381.36,Cancelled
ORD008271,P0361,S032,2026-03-24,289,3302.88,Delivered
ORD008272,P0224,S017,2026-06-11,866,3816.87,Shipped
ORD008273,P0408,S011,2026-03-24,446,3472.02,Processing
ORD008274,P0098,S019,2026-06-22,159,1634.49,Shipped
ORD008275,P0045,S036,2026-06-30,203,725.46,Cancelled
ORD008276,P0426,S006,2026-05-02,213,2671.48,Delivered
ORD008277,P0185,S023,2026-09-16,75,4213.9,Shipped
ORD008278,P0477,S009,2026-06-01,892,4839.03,Shipped
ORD008279,P0444,S031,2026-04-29,348,43.07,Cancelled
ORD008280,P0258,S041,2026-08-09,64,2557.66,Shipped
ORD008281,P0449,S034,2026-09-05,945,867.9,Delivered
ORD008282,P0081,S031,2026-07-14,74,764.97,Processing
ORD008283,P0158,S003,2026-05-15,709,3323.16,Processing
ORD008284,P0272,S007,2026-07-27,751,3917.25,Processing
ORD008285,P0241,S011,2026-07-06,463,1244.82,Processing
ORD008286,P0065,S029,2026-07-06,458,4580.29,Cancelled
ORD008287,P0150,S028,2026-07-14,904,3075.89,Delivered
ORD008288,P0325,S019,2026-08-19,781,1930.17,Cancelled
ORD008289,P0362,S030,2026-09-03,771,1478.17,Processing
ORD008290,P0149,S018,2026-08-18,622,3056.77,Delivered
ORD008291,P0214,S032,2026-05-14,355,3189.66,Cancelled
ORD008292,P0444,S047,2026-05-03,769,4423.55,Cancelled
ORD008293,P0134,S046,2026-07-31,835,3021.66,Delivered
ORD008294,P0170,S015,2026-09-15,415,3249.18,Cancelled
ORD008295,P0257,S014,2026-09-05,782,941.76,Processing
ORD008296,P0204,S008,2026-04-12,924,3568.69,Processing
ORD008297,P0248,S029,2026-04-20,612,83.92,Processing
ORD008298,P0022,S014,2026-06-09,568,3406.14,Processing
ORD008299,P0103,S007,2026-05-11,670,1601.3,Delivered
ORD008300,P0009,S007,2026-08-02,408,2020.05,Delivered
ORD008301,P0128,S028,2026-05-03,139,2693.35,Delivered
ORD008302,P0114,S033,2026-08-23,542,4184.38,Shipped
ORD008303,P0037,S008,2026-05-12,363,1387.4,Processing
ORD008304,P0248,S035,2026-08-15,931,480.29,Cancelled
ORD008305,P0134,S006,2026-05-25,881,1594.43,Delivered
ORD008306,P0345,S025,2026-03-29,794,2137.27,Cancelled
ORD008307,P0121,S046,2026-05-09,390,1772.55,Shipped
ORD008308,P0020,S010,2026-07-03,421,4565.12,Processing
ORD008309,P0160,S032,2026-04-29,566,3199.1,Processing
ORD008310,P0478,S022,2026-04-30,108,3195.26,Processing
ORD008311,P0493,S042,2026-07-11,102,4714.4,Processing
ORD008312,P0023,S027,2026-06-18,129,334.65,Shipped
ORD008313,P0040,S021,2026-04-01,888,2405.54,Cancelled
ORD008314,P0010,S026,2026-09-06,140,3548.39,Delivered
ORD008315,P0289,S040,2026-04-02,490,3216.41,Processing
ORD008316,P0272,S026,2026-07-10,429,4664.57,Delivered
ORD008317,P0110,S027,2026-08-07,566,473.79,Cancelled
ORD008318,P0477,S044,2026-08-13,956,828.16,Shipped
ORD008319,P0227,S015,2026-04-03,483,4928.34,Delivered
ORD008320,P0352,S030,2026-08-05,85,4618.41,Processing
ORD008321,P0010,S013,2026-08-19,634,59.96,Processing
ORD008322,P0468,S004,2026-03-30,350,4229.14,Cancelled
ORD008323,P0204,S003,2026-05-08,494,46.29,Processing
ORD008324,P0480,S019,2026-09-06,505,1434.23,Shipped
ORD008325,P0230,S040,2026-09-07,536,3584.17,Processing
ORD008326,P0119,S011,2026-04-09,473,1149.78,Delivered
ORD008327,P0481,S012,2026-06-16,157,2984.31,Processing
ORD008328,P0070,S037,2026-05-07,465,3356.4,Processing
ORD008329,P0132,S003,2026-06-15,115,1490.61,Processing
ORD008330,P0351,S019,2026-08-11,502,3856.57,Shipped
ORD008331,P0121,S042,2026-06-06,88,2534.24,Cancelled
ORD008332,P0185,S039,2026-06-11,275,2278.06,Delivered
ORD008333,P0244,S041,2026-04-07,852,4152.53,Processing
ORD008334,P0386,S028,2026-06-01,222,2004.92,Processing
ORD008335,P0432,S023,2026-07-24,369,4890.57,Shipped
ORD008336,P0009,S018,2026-09-05,852,4591.39,Processing
ORD008337,P0253,S024,2026-08-09,40,77.92,Cancelled
ORD008338,P0497,S003,2026-07-20,632,2909.48,Processing
ORD008339,P0228,S010,2026-04-22,98,3154.44,Delivered
ORD008340,P0393,S024,2026-05-21,602,3536.0,Delivered
ORD008341,P0099,S014,2026-06-04,243,558.86,Shipped
ORD008342,P0216,S038,2026-09-12,431,1330.56,Delivered
ORD008343,P0043,S020,2026-04-05,416,164.66,Processing
ORD008344,P0168,S012,2026-05-16,8,4247.55,Cancelled
ORD008345,P0090,S025,2026-05-05,56,3436.01,Processing
ORD008346,P0199,S048,2026-04-12,283,660.96,Cancelled
ORD008347,P0429,S015,2026-07-04,237,593.69,Delivered
ORD008348,P0027,S036,2026-06-06,977,789.26,Delivered
ORD008349,P0033,S031,2026-03-25,88,3458.58,Delivered
ORD008350,P0407,S038,2026-08-25,303,1589.01,Shipped
ORD008351,P0172,S049,2026-04-04,113,3022.58,Shipped
ORD008352,P0284,S005,2026-03-31,613,4480.98,Delivered
ORD008353,P0431,S049,2026-03-25,834,1670.25,Cancelled
ORD008354,P0327,S023,2026-05-22,162,4014.82,Processing
ORD008355,P0307,S024,2026-06-25,90,2364.49,Cancelled
ORD008356,P0186,S012,2026-05-24,271,556.04,Delivered
ORD008357,P0361,S012,2026-05-01,826,4642.99,Cancelled
ORD008358,P0051,S004,2026-07-24,407,2076.92,Cancelled
ORD008359,P0087,S019,2026-03-29,596,846.37,Processing
ORD008360,P0453,S029,2026-06-25,451,2224.54,Delivered
ORD008361,P0155,S038,2026-09-10,45,1842.37,Delivered
ORD008362,P0173,S013,2026-07-29,155,651.24,Cancelled
ORD008363,P0320,S040,2026-09-14,868,4181.31,Shipped
ORD008364,P0202,S008,2026-05-04,324,2639.35,Delivered
ORD008365,P0418,S047,2026-07-04,568,4310.72,Delivered
ORD008366,P0498,S007,2026-07-24,325,4330.19,Delivered
ORD008367,P0035,S017,2026-04-16,167,3619.36,Delivered
ORD008368,P0150,S045,2026-05-03,826,2508.75,Shipped
ORD008369,P0495,S027,2026-06-10,451,1092.0,Processing
ORD008370,P0039,S048,2026-07-15,482,4479.55,Shipped
ORD008371,P0294,S001,2026-04-16,699,2055.24,Shipped
ORD008372,P0464,S021,2026-06-11,671,276.99,Shipped
ORD008373,P0380,S001,2026-07-23,197,1278.29,Delivered
ORD008374,P0408,S006,2026-09-06,956,2469.67,Delivered
ORD008375,P0015,S025,2026-07-20,107,1039.42,Delivered
ORD008376,P0054,S044,2026-04-22,129,2265.15,Processing
ORD008377,P0341,S034,2026-04-16,647,4142.97,Delivered
ORD008378,P0084,S002,2026-07-18,961,1229.51,Shipped
ORD008379,P0301,S025,2026-07-22,367,4775.54,Cancelled
ORD008380,P0007,S002,2026-05-29,66,2852.98,Shipped
ORD008381,P0439,S009,2026-06-06,800,2000.07,Delivered
ORD008382,P0284,S010,2026-07-14,873,1461.63,Delivered
ORD008383,P0446,S018,2026-07-09,211,1363.46,Processing
ORD008384,P0492,S043,2026-06-09,725,4933.77,Delivered
ORD008385,P0130,S031,2026-04-24,325,4389.47,Cancelled
ORD008386,P0074,S018,2026-07-13,932,3766.94,Processing
ORD008387,P0118,S004,2026-04-25,660,2132.89,Shipped
ORD008388,P0381,S005,2026-04-25,816,405.38,Shipped
ORD008389,P0029,S015,2026-07-04,531,4035.4,Shipped
ORD008390,P0322,S045,2026-04-18,347,3070.77,Processing
ORD008391,P0471,S045,2026-06-03,433,1960.64,Processing
ORD008392,P0433,S049,2026-04-09,508,1440.26,Shipped
ORD008393,P0097,S049,2026-06-15,948,1175.77,Cancelled
ORD008394,P0298,S021,2026-06-01,10,2156.44,Shipped
ORD008395,P0421,S019,2026-09-05,106,489.68,Processing
ORD008396,P0476,S042,2026-07-23,107,4657.43,Shipped
ORD008397,P0218,S048,2026-09-04,907,3950.88,Delivered
ORD008398,P0007,S032,2026-09-15,557,2997.12,Delivered
ORD008399,P0248,S035,2026-09-03,439,2887.25,Shipped
ORD008400,P0383,S025,2026-07-17,55,566.26,Processing
ORD008401,P0141,S007,2026-03-27,713,3371.66,Shipped
ORD008402,P0146,S032,2026-09-03,314,4190.69,Processing
ORD008403,P0137,S045,2026-05-23,229,1861.89,Cancelled
ORD008404,P0222,S049,2026-05-26,618,2394.3,Delivered
ORD008405,P0219,S033,2026-09-10,791,1807.65,Shipped
ORD008406,P0040,S043,2026-05-24,829,4210.25,Cancelled
ORD008407,P0025,S017,2026-06-13,5,3977.86,Processing
ORD008408,P0010,S006,2026-07-23,934,3740.69,Shipped
ORD008409,P0204,S036,2026-08-30,587,3485.69,Shipped
ORD008410,P0010,S048,2026-09-04,636,1798.76,Delivered
ORD008411,P0371,S043,2026-06-15,961,1778.0,Shipped
ORD008412,P0472,S037,2026-07-25,157,2515.93,Shipped
ORD008413,P0374,S010,2026-07-16,400,1997.12,Delivered
ORD008414,P0485,S014,2026-07-03,759,4395.03,Processing
ORD008415,P0040,S028,2026-06-05,963,3180.88,Delivered
ORD008416,P0178,S018,2026-08-23,37,4064.36,Cancelled
ORD008417,P0379,S032,2026-05-08,526,3233.94,Delivered
ORD008418,P0273,S048,2026-08-01,764,3284.08,Cancelled
ORD008419,P0410,S013,2026-07-30,92,3813.07,Processing
ORD008420,P0421,S008,2026-09-10,472,4683.39,Shipped
ORD008421,P0072,S036,2026-08-25,153,3894.75,Processing
ORD008422,P0124,S006,2026-05-16,190,1653.33,Cancelled
ORD008423,P0071,S023,2026-07-29,3,4124.57,Processing
ORD008424,P0436,S023,2026-08-03,966,3785.78,Cancelled
ORD008425,P0218,S012,2026-04-24,706,2307.86,Delivered
ORD008426,P0048,S013,2026-05-29,286,3957.88,Cancelled
ORD008427,P0363,S032,2026-09-07,194,728.43,Shipped
ORD008428,P0252,S015,2026-09-06,717,2455.47,Shipped
ORD008429,P0465,S007,2026-05-09,693,4480.5,Processing
ORD008430,P0312,S017,2026-03-27,190,183.08,Processing
ORD008431,P0134,S008,2026-07-25,379,3250.92,Cancelled
ORD008432,P0317,S046,2026-04-09,632,1444.57,Shipped
ORD008433,P0441,S043,2026-04-05,338,4981.91,Processing
ORD008434,P0492,S022,2026-09-09,232,4762.09,Delivered
ORD008435,P0187,S023,2026-08-18,706,4243.45,Cancelled
ORD008436,P0312,S046,2026-07-28,622,1126.45,Shipped
ORD008437,P0402,S012,2026-09-11,501,1062.17,Shipped
ORD008438,P0077,S015,2026-07-18,534,3611.08,Delivered
ORD008439,P0492,S044,2026-07-10,804,4523.35,Processing
ORD008440,P0077,S006,2026-08-20,246,1609.89,Delivered
ORD008441,P0455,S041,2026-09-08,76,1204.51,Processing
ORD008442,P0055,S002,2026-04-05,487,1647.58,Shipped
ORD008443,P0023,S012,2026-09-13,890,1308.07,Shipped
ORD008444,P0427,S050,2026-08-05,833,1448.85,Delivered
ORD008445,P0109,S009,2026-05-06,843,3649.13,Processing
ORD008446,P0439,S011,2026-05-21,929,176.57,Cancelled
ORD008447,P0269,S049,2026-05-26,330,4433.56,Cancelled
ORD008448,P0482,S050,2026-04-08,776,3823.01,Shipped
ORD008449,P0300,S007,2026-05-16,255,2405.39,Shipped
ORD008450,P0450,S029,2026-08-14,982,2600.71,Cancelled
ORD008451,P0087,S008,2026-08-29,231,4749.81,Delivered
ORD008452,P0418,S048,2026-07-10,568,937.16,Cancelled
ORD008453,P0028,S034,2026-09-06,7,3090.18,Processing
ORD008454,P0035,S024,2026-07-16,110,3126.73,Delivered
ORD008455,P0432,S035,2026-07-16,309,1357.08,Processing
ORD008456,P0002,S013,2026-08-09,455,3193.37,Cancelled
ORD008457,P0279,S008,2026-05-22,99,1124.43,Processing
ORD008458,P0032,S043,2026-07-16,257,2878.57,Cancelled
ORD008459,P0157,S024,2026-05-06,321,1549.85,Cancelled
ORD008460,P0452,S001,2026-07-26,16,1611.16,Processing
ORD008461,P0165,S042,2026-06-23,966,2543.45,Processing
ORD008462,P0470,S017,2026-05-15,566,3620.48,Delivered
ORD008463,P0015,S043,2026-08-01,569,4057.52,Processing
ORD008464,P0165,S004,2026-08-03,826,4653.1,Shipped
ORD008465,P0247,S038,2026-07-27,999,2771.13,Processing
ORD008466,P0264,S032,2026-06-19,754,1776.99,Cancelled
ORD008467,P0191,S028,2026-04-10,789,1480.99,Shipped
ORD008468,P0111,S048,2026-05-23,35,2236.78,Delivered
ORD008469,P0211,S027,2026-06-29,698,4459.59,Delivered
ORD008470,P0456,S043,2026-09-05,715,2013.93,Processing
ORD008471,P0052,S037,2026-04-16,808,4934.71,Cancelled
ORD008472,P0048,S007,2026-09-18,987,2955.51,Shipped
ORD008473,P0014,S039,2026-05-19,251,2455.47,Delivered
ORD008474,P0131,S044,2026-05-11,59,1159.53,Cancelled
ORD008475,P0040,S030,2026-08-30,9,3872.05,Processing
ORD008476,P0293,S041,2026-07-26,668,1063.93,Cancelled
ORD008477,P0416,S035,2026-04-17,595,694.26,Delivered
ORD008478,P0147,S024,2026-03-27,530,656.66,Cancelled
ORD008479,P0413,S007,2026-04-29,401,920.73,Shipped
ORD008480,P0499,S045,2026-07-16,306,643.62,Cancelled
ORD008481,P0139,S031,2026-08-14,250,745.68,Shipped
ORD008482,P0394,S028,2026-04-08,968,1649.09,Processing
ORD008483,P0339,S039,2026-08-18,25,1683.09,Processing
ORD008484,P0414,S029,2026-06-30,640,3182.32,Processing
ORD008485,P0417,S029,2026-03-30,163,4533.56,Delivered
ORD008486,P0177,S031,2026-08-30,562,4065.39,Delivered
ORD008487,P0161,S045,2026-05-22,999,3511.57,Delivered
ORD008488,P0051,S037,2026-08-08,619,3770.11,Cancelled
ORD008489,P0441,S048,2026-08-09,270,1395.62,Cancelled
ORD008490,P0488,S046,2026-06-15,458,4994.5,Delivered
ORD008491,P0135,S019,2026-07-16,190,177.75,Shipped
ORD008492,P0029,S041,2026-05-29,371,4521.88,Shipped
ORD008493,P0341,S021,2026-09-16,430,2426.88,Shipped
ORD008494,P0289,S012,2026-03-26,50,594.05,Cancelled
ORD008495,P0256,S021,2026-09-05,616,3684.25,Processing
ORD008496,P0474,S002,2026-04-02,74,1128.14,Shipped
ORD008497,P0041,S020,2026-08-31,895,176.01,Delivered
ORD008498,P0323,S031,2026-07-01,20,2858.85,Shipped
ORD008499,P0489,S028,2026-06-01,368,1553.55,Shipped
ORD008500,P0500,S004,2026-03-25,14,210.6,Shipped
ORD008501,P0012,S019,2026-04-02,731,2067.6,Shipped
ORD008502,P0320,S030,2026-05-27,395,2646.83,Processing
ORD008503,P0375,S035,2026-06-07,830,2209.19,Processing
ORD008504,P0209,S002,2026-06-24,289,4967.68,Processing
ORD008505,P0203,S028,2026-06-04,138,1588.12,Cancelled
ORD008506,P0043,S013,2026-04-08,544,207.22,Cancelled
ORD008507,P0170,S048,2026-08-25,82,454.99,Delivered
ORD008508,P0342,S007,2026-05-06,812,4073.99,Shipped
ORD008509,P0349,S043,2026-05-08,382,308.79,Delivered
ORD008510,P0290,S022,2026-06-26,617,122.25,Processing
ORD008511,P0174,S002,2026-04-20,450,4341.41,Delivered
ORD008512,P0132,S005,2026-07-29,648,2169.86,Shipped
ORD008513,P0487,S031,2026-07-25,878,3833.54,Cancelled
ORD008514,P0420,S050,2026-05-11,854,4075.38,Delivered
ORD008515,P0493,S015,2026-09-16,796,4116.72,Processing
ORD008516,P0299,S030,2026-04-24,412,2364.33,Processing
ORD008517,P0158,S025,2026-06-24,103,2072.34,Shipped
ORD008518,P0143,S025,2026-06-06,608,2102.91,Shipped
ORD008519,P0259,S039,2026-09-04,925,3797.94,Shipped
ORD008520,P0158,S006,2026-09-14,965,3324.74,Processing
ORD008521,P0261,S050,2026-05-10,69,4335.39,Processing
ORD008522,P0324,S009,2026-07-15,279,4709.21,Shipped
ORD008523,P0478,S046,2026-07-28,610,4086.93,Processing
ORD008524,P0235,S048,2026-08-19,735,1629.83,Delivered
ORD008525,P0469,S020,2026-05-31,995,2656.06,Shipped
ORD008526,P0456,S001,2026-03-29,589,3306.14,Cancelled
ORD008527,P0436,S049,2026-06-18,885,2726.63,Cancelled
ORD008528,P0452,S038,2026-05-23,159,3225.36,Shipped
ORD008529,P0380,S033,2026-08-14,507,2805.15,Cancelled
ORD008530,P0245,S026,2026-05-25,683,3196.61,Cancelled
ORD008531,P0412,S017,2026-07-09,875,2865.12,Processing
ORD008532,P0272,S003,2026-07-17,330,1248.67,Processing
ORD008533,P0058,S037,2026-06-21,103,4276.46,Cancelled
ORD008534,P0217,S009,2026-04-24,868,2695.76,Cancelled
ORD008535,P0227,S028,2026-06-10,827,2294.08,Cancelled
ORD008536,P0487,S026,2026-09-17,772,296.29,Delivered
ORD008537,P0062,S039,2026-08-21,195,4471.7,Processing
ORD008538,P0430,S017,2026-06-29,130,1719.13,Processing
ORD008539,P0230,S028,2026-04-21,886,2901.06,Delivered
ORD008540,P0407,S023,2026-08-06,431,3762.6,Cancelled
ORD008541,P0295,S008,2026-06-13,27,3145.47,Cancelled
ORD008542,P0408,S047,2026-05-17,606,3264.07,Cancelled
ORD008543,P0024,S043,2026-07-26,311,4280.05,Cancelled
ORD008544,P0495,S031,2026-07-24,939,4126.17,Delivered
ORD008545,P0018,S023,2026-06-01,825,2256.9,Cancelled
ORD008546,P0070,S024,2026-04-07,975,3751.84,Delivered
ORD008547,P0189,S019,2026-06-24,263,3092.33,Delivered
ORD008548,P0426,S040,2026-09-03,709,3118.7,Shipped
ORD008549,P0416,S021,2026-07-19,136,1857.31,Processing
ORD008550,P0133,S018,2026-07-27,957,3734.12,Shipped
ORD008551,P0173,S047,2026-06-23,345,3550.5,Cancelled
ORD008552,P0483,S049,2026-07-01,690,2055.9,Processing
ORD008553,P0354,S018,2026-06-18,995,926.88,Shipped
ORD008554,P0290,S022,2026-03-30,975,1086.92,Delivered
ORD008555,P0231,S011,2026-09-15,482,4643.39,Cancelled
ORD008556,P0271,S041,2026-04-26,724,3480.65,Processing
ORD008557,P0200,S037,2026-07-23,335,3364.53,Cancelled
ORD008558,P0485,S046,2026-04-08,569,2909.53,Shipped
ORD008559,P0377,S042,2026-05-03,437,4086.36,Delivered
ORD008560,P0210,S028,2026-05-23,831,3054.54,Delivered
ORD008561,P0096,S050,2026-09-02,476,2181.54,Shipped
ORD008562,P0277,S012,2026-05-30,657,4523.3,Shipped
ORD008563,P0355,S024,2026-05-13,48,292.6,Cancelled
ORD008564,P0426,S026,2026-08-25,822,522.03,Shipped
ORD008565,P0245,S032,2026-05-20,892,3906.84,Shipped
ORD008566,P0143,S032,2026-04-28,109,2106.17,Shipped
ORD008567,P0034,S038,2026-08-15,115,1954.06,Cancelled
ORD008568,P0171,S002,2026-08-19,876,4183.41,Cancelled
ORD008569,P0176,S039,2026-05-07,181,1727.9,Delivered
ORD008570,P0311,S005,2026-07-01,358,2141.19,Cancelled
ORD008571,P0032,S031,2026-08-06,640,2553.03,Processing
ORD008572,P0245,S043,2026-04-06,48,115.46,Delivered
ORD008573,P0111,S049,2026-05-13,871,3750.16,Delivered
ORD008574,P0107,S050,2026-04-29,492,1505.26,Processing
ORD008575,P0294,S046,2026-07-12,180,3791.89,Shipped
ORD008576,P0145,S007,2026-08-30,566,28.87,Cancelled
ORD008577,P0296,S041,2026-09-12,361,4539.06,Delivered
ORD008578,P0331,S045,2026-04-23,179,2866.09,Shipped
ORD008579,P0462,S017,2026-07-09,41,1243.91,Delivered
ORD008580,P0080,S036,2026-08-09,474,4967.55,Delivered
ORD008581,P0223,S023,2026-05-30,605,1750.9,Delivered
ORD008582,P0075,S002,2026-09-07,830,950.94,Processing
ORD008583,P0417,S048,2026-08-15,61,4963.97,Cancelled
ORD008584,P0349,S028,2026-07-12,662,2902.53,Processing
ORD008585,P0294,S019,2026-05-18,847,952.54,Processing
ORD008586,P0183,S044,2026-07-25,764,4426.85,Shipped
ORD008587,P0272,S033,2026-05-03,308,1930.69,Cancelled
ORD008588,P0124,S020,2026-07-24,643,2753.97,Shipped
ORD008589,P0377,S016,2026-04-06,10,4083.31,Processing
ORD008590,P0244,S009,2026-07-16,701,3966.52,Cancelled
ORD008591,P0105,S005,2026-08-18,411,800.33,Delivered
ORD008592,P0181,S013,2026-06-16,162,2128.35,Processing
ORD008593,P0442,S042,2026-06-03,649,1533.11,Processing
ORD008594,P0239,S010,2026-09-16,405,4771.3,Cancelled
ORD008595,P0302,S016,2026-07-26,752,2555.9,Shipped
ORD008596,P0041,S011,2026-08-23,876,2637.57,Cancelled
ORD008597,P0085,S033,2026-07-15,500,2405.83,Cancelled
ORD008598,P0197,S040,2026-08-08,86,269.53,Delivered
ORD008599,P0195,S046,2026-07-15,893,4286.08,Processing
ORD008600,P0194,S040,2026-08-23,981,3973.94,Shipped
ORD008601,P0428,S048,2026-05-09,289,510.66,Shipped
ORD008602,P0113,S005,2026-07-26,682,2573.82,Processing
ORD008603,P0147,S002,2026-03-28,271,396.69,Delivered
ORD008604,P0413,S007,2026-07-19,581,354.62,Shipped
ORD008605,P0403,S045,2026-05-26,255,2287.39,Processing
ORD008606,P0187,S029,2026-07-10,542,4616.58,Shipped
ORD008607,P0203,S015,2026-08-29,820,1794.45,Delivered
ORD008608,P0299,S014,2026-04-13,379,1053.04,Delivered
ORD008609,P0041,S002,2026-09-09,904,577.87,Shipped
ORD008610,P0155,S024,2026-08-01,406,2220.17,Processing
ORD008611,P0417,S015,2026-04-16,489,297.11,Delivered
ORD008612,P0367,S005,2026-09-18,681,3468.34,Shipped
ORD008613,P0098,S006,2026-08-16,927,4755.93,Shipped
ORD008614,P0488,S002,2026-07-08,822,2503.35,Processing
ORD008615,P0095,S007,2026-03-25,723,4666.86,Cancelled
ORD008616,P0233,S014,2026-05-17,242,4170.75,Cancelled
ORD008617,P0338,S003,2026-09-02,86,4208.88,Delivered
ORD008618,P0339,S019,2026-04-18,580,867.31,Processing
ORD008619,P0424,S036,2026-04-12,632,4265.67,Processing
ORD008620,P0459,S017,2026-09-13,16,4914.3,Cancelled
ORD008621,P0107,S034,2026-04-12,391,1679.85,Cancelled
ORD008622,P0028,S011,2026-07-05,938,3255.14,Delivered
ORD008623,P0128,S022,2026-06-01,556,3612.12,Shipped
ORD008624,P0043,S005,2026-07-22,850,2789.99,Delivered
ORD008625,P0490,S020,2026-04-01,348,272.43,Shipped
ORD008626,P0473,S005,2026-05-25,725,571.4,Shipped
ORD008627,P0496,S041,2026-08-27,417,300.01,Processing
ORD008628,P0208,S039,2026-07-25,800,960.8,Shipped
ORD008629,P0249,S039,2026-07-28,448,2091.52,Shipped
ORD008630,P0468,S033,2026-05-28,863,4455.85,Cancelled
ORD008631,P0163,S031,2026-05-01,359,51.07,Shipped
ORD008632,P0092,S020,2026-05-06,411,4325.92,Delivered
ORD008633,P0303,S017,2026-07-01,679,3733.35,Cancelled
ORD008634,P0400,S047,2026-04-21,779,2465.21,Shipped
ORD008635,P0379,S034,2026-04-20,164,2498.23,Cancelled
ORD008636,P0407,S008,2026-04-20,308,2813.17,Delivered
ORD008637,P0029,S024,2026-06-29,988,2786.13,Delivered
ORD008638,P0256,S043,2026-08-16,805,4315.42,Shipped
ORD008639,P0022,S036,2026-07-27,175,2013.45,Cancelled
ORD008640,P0455,S003,2026-06-15,269,1361.45,Shipped
ORD008641,P0462,S020,2026-04-16,928,4917.89,Processing
ORD008642,P0499,S017,2026-08-30,785,733.3,Cancelled
ORD008643,P0405,S041,2026-07-28,20,2654.87,Delivered
ORD008644,P0178,S003,2026-09-19,67,1648.75,Delivered
ORD008645,P0225,S043,2026-05-21,525,3293.05,Processing
ORD008646,P0262,S017,2026-07-07,899,3090.94,Cancelled
ORD008647,P0151,S010,2026-04-04,261,323.21,Delivered
ORD008648,P0077,S001,2026-06-07,456,4879.49,Delivered
ORD008649,P0335,S001,2026-07-14,46,2151.58,Delivered
ORD008650,P0113,S028,2026-05-30,369,2888.14,Processing
ORD008651,P0478,S015,2026-09-11,611,3743.71,Cancelled
ORD008652,P0211,S048,2026-07-02,108,3419.02,Shipped
ORD008653,P0063,S030,2026-05-27,803,426.87,Delivered
ORD008654,P0408,S032,2026-03-31,443,79.37,Cancelled
ORD008655,P0388,S008,2026-06-21,728,3715.52,Delivered
ORD008656,P0461,S029,2026-03-25,935,2371.53,Shipped
ORD008657,P0260,S019,2026-05-08,998,1844.94,Cancelled
ORD008658,P0053,S034,2026-07-13,641,2145.19,Cancelled
ORD008659,P0410,S003,2026-07-25,444,2145.07,Processing
ORD008660,P0048,S039,2026-09-16,744,805.02,Processing
ORD008661,P0389,S015,2026-08-12,307,2935.11,Delivered
ORD008662,P0106,S001,2026-05-29,974,3179.1,Processing
ORD008663,P0186,S011,2026-04-21,464,4760.75,Shipped
ORD008664,P0249,S035,2026-08-30,228,989.43,Cancelled
ORD008665,P0402,S045,2026-06-03,56,4477.58,Delivered
ORD008666,P0352,S050,2026-05-06,47,1733.01,Shipped
ORD008667,P0353,S030,2026-06-05,644,4392.5,Cancelled
ORD008668,P0377,S035,2026-08-22,882,2702.1,Delivered
ORD008669,P0344,S050,2026-05-08,170,1717.79,Cancelled
ORD008670,P0032,S035,2026-04-26,222,2080.56,Delivered
ORD008671,P0277,S003,2026-08-14,153,1794.8,Delivered
ORD008672,P0436,S026,2026-04-10,896,3248.17,Delivered
ORD008673,P0204,S046,2026-09-07,247,2293.82,Processing
ORD008674,P0475,S022,2026-06-27,634,1765.19,Delivered
ORD008675,P0064,S026,2026-06-13,449,4496.06,Delivered
ORD008676,P0362,S027,2026-07-13,156,4912.99,Cancelled
ORD008677,P0278,S026,2026-06-20,946,4368.63,Processing
ORD008678,P0439,S004,2026-06-30,136,3904.94,Processing
ORD008679,P0263,S032,2026-06-28,193,4631.38,Delivered
ORD008680,P0076,S012,2026-08-29,335,4366.73,Shipped
ORD008681,P0413,S036,2026-04-04,968,4569.4,Cancelled
ORD008682,P0138,S002,2026-08-28,628,2201.57,Cancelled
ORD008683,P0422,S042,2026-05-15,883,2798.64,Delivered
ORD008684,P0469,S013,2026-08-08,652,4445.0,Delivered
ORD008685,P0027,S041,2026-04-07,5,2190.72,Shipped
ORD008686,P0150,S033,2026-08-09,295,4961.58,Processing
ORD008687,P0119,S002,2026-08-15,775,39.02,Cancelled
ORD008688,P0116,S045,2026-04-08,832,1572.77,Cancelled
ORD008689,P0363,S035,2026-03-24,624,3484.6,Cancelled
ORD008690,P0197,S018,2026-04-02,579,4312.39,Processing
ORD008691,P0191,S040,2026-07-22,816,36.52,Shipped
ORD008692,P0453,S040,2026-07-21,53,3180.91,Shipped
ORD008693,P0421,S016,2026-08-12,60,1321.4,Delivered
ORD008694,P0251,S042,2026-04-25,543,2888.98,Processing
ORD008695,P0218,S017,2026-07-18,378,576.78,Processing
ORD008696,P0352,S050,2026-03-25,49,1610.0,Delivered
ORD008697,P0459,S040,2026-04-23,559,4638.77,Shipped
ORD008698,P0169,S020,2026-07-27,494,1056.66,Delivered
ORD008699,P0145,S012,2026-08-09,497,1544.21,Cancelled
ORD008700,P0262,S011,2026-05-03,514,1634.26,Delivered
ORD008701,P0084,S023,2026-07-15,323,1126.24,Delivered
ORD008702,P0356,S009,2026-06-26,986,2685.86,Delivered
ORD008703,P0432,S024,2026-06-13,920,289.87,Processing
ORD008704,P0081,S017,2026-06-16,480,412.3,Cancelled
ORD008705,P0262,S031,2026-08-12,689,3806.24,Shipped
ORD008706,P0369,S024,2026-03-27,126,1049.24,Delivered
ORD008707,P0326,S018,2026-08-06,90,2569.28,Shipped
ORD008708,P0421,S019,2026-04-16,105,644.61,Delivered
ORD008709,P0133,S041,2026-07-28,948,218.16,Shipped
ORD008710,P0035,S022,2026-06-27,439,2906.58,Processing
ORD008711,P0411,S050,2026-05-18,158,2369.38,Processing
ORD008712,P0288,S037,2026-06-29,915,4587.69,Shipped
ORD008713,P0116,S033,2026-07-16,477,4188.45,Processing
ORD008714,P0291,S010,2026-04-03,691,1854.47,Processing
ORD008715,P0025,S025,2026-08-25,53,1841.17,Processing
ORD008716,P0416,S003,2026-07-07,450,413.96,Shipped
ORD008717,P0105,S031,2026-04-24,211,3052.62,Shipped
ORD008718,P0045,S009,2026-08-28,661,1571.56,Delivered
ORD008719,P0114,S028,2026-08-16,399,2897.23,Processing
ORD008720,P0153,S014,2026-07-12,992,2143.33,Processing
ORD008721,P0337,S020,2026-04-14,923,3698.79,Shipped
ORD008722,P0497,S039,2026-09-17,999,3963.07,Shipped
ORD008723,P0283,S049,2026-07-09,121,1847.12,Shipped
ORD008724,P0470,S019,2026-04-20,391,3509.19,Delivered
ORD008725,P0230,S040,2026-08-07,564,2898.9,Cancelled
ORD008726,P0123,S044,2026-05-21,778,241.38,Processing
ORD008727,P0144,S010,2026-03-26,830,4125.21,Processing
ORD008728,P0355,S034,2026-05-19,538,3160.46,Processing
ORD008729,P0339,S037,2026-04-19,396,30.3,Processing
ORD008730,P0014,S040,2026-06-15,744,3571.4,Processing
ORD008731,P0009,S017,2026-07-28,6,131.01,Shipped
ORD008732,P0397,S035,2026-05-25,939,2183.23,Cancelled
ORD008733,P0264,S020,2026-07-11,479,210.12,Cancelled
ORD008734,P0079,S025,2026-09-06,44,3693.73,Cancelled
ORD008735,P0245,S047,2026-06-12,519,3033.82,Cancelled
ORD008736,P0212,S033,2026-05-14,30,1791.05,Cancelled
ORD008737,P0272,S004,2026-05-12,864,2778.22,Processing
ORD008738,P0098,S003,2026-05-14,578,2307.37,Delivered
ORD008739,P0409,S038,2026-08-26,556,856.93,Cancelled
ORD008740,P0026,S041,2026-07-29,704,2338.9,Delivered
ORD008741,P0355,S026,2026-08-05,142,530.52,Cancelled
ORD008742,P0207,S030,2026-05-11,541,4673.18,Processing
ORD008743,P0333,S042,2026-07-31,70,4398.0,Cancelled
ORD008744,P0008,S025,2026-03-26,794,4422.23,Cancelled
ORD008745,P0349,S034,2026-07-31,65,4377.47,Processing
ORD008746,P0302,S004,2026-07-26,320,3637.29,Processing
ORD008747,P0088,S035,2026-06-26,689,1338.63,Shipped
ORD008748,P0476,S002,2026-07-30,433,2734.2,Delivered
ORD008749,P0231,S039,2026-09-13,138,792.35,Shipped
ORD008750,P0341,S040,2026-04-18,625,3933.04,Cancelled
ORD008751,P0112,S008,2026-03-26,43,2792.47,Processing
ORD008752,P0287,S047,2026-05-30,5,3092.83,Shipped
ORD008753,P0132,S034,2026-05-29,467,2759.39,Delivered
ORD008754,P0460,S035,2026-06-01,253,970.06,Cancelled
ORD008755,P0277,S025,2026-06-13,940,3463.33,Processing
ORD008756,P0031,S012,2026-07-01,103,1090.59,Delivered
ORD008757,P0361,S028,2026-07-10,766,3638.38,Shipped
ORD008758,P0164,S041,2026-04-07,621,4421.87,Cancelled
ORD008759,P0351,S020,2026-09-02,228,3205.32,Cancelled
ORD008760,P0005,S045,2026-08-13,217,2231.21,Processing
ORD008761,P0398,S022,2026-09-04,723,4610.61,Processing
ORD008762,P0055,S009,2026-07-14,429,3677.41,Cancelled
ORD008763,P0148,S006,2026-03-29,342,3934.73,Shipped
ORD008764,P0277,S041,2026-07-26,101,1182.33,Cancelled
ORD008765,P0366,S005,2026-05-14,291,4094.56,Delivered
ORD008766,P0343,S022,2026-07-24,398,4911.1,Shipped
ORD008767,P0305,S039,2026-07-25,283,4827.73,Shipped
ORD008768,P0101,S008,2026-05-26,509,4880.4,Processing
ORD008769,P0116,S047,2026-07-17,827,204.71,Cancelled
ORD008770,P0223,S009,2026-07-06,33,2644.11,Delivered
ORD008771,P0267,S018,2026-07-14,733,4578.33,Shipped
ORD008772,P0392,S008,2026-03-27,341,2216.67,Shipped
ORD008773,P0497,S025,2026-07-06,143,593.05,Cancelled
ORD008774,P0340,S021,2026-08-01,863,2142.9,Processing
ORD008775,P0463,S022,2026-06-12,680,4271.64,Processing
ORD008776,P0172,S036,2026-05-30,808,2115.34,Cancelled
ORD008777,P0313,S012,2026-05-07,587,3039.44,Cancelled
ORD008778,P0070,S046,2026-05-04,431,2366.17,Shipped
ORD008779,P0222,S043,2026-04-04,25,503.48,Shipped
ORD008780,P0117,S034,2026-04-19,168,2197.08,Processing
ORD008781,P0209,S043,2026-08-13,551,2632.82,Processing
ORD008782,P0070,S013,2026-08-28,855,2686.59,Cancelled
ORD008783,P0080,S023,2026-04-28,663,4407.05,Cancelled
ORD008784,P0257,S048,2026-09-06,432,941.71,Cancelled
ORD008785,P0045,S004,2026-07-12,233,1808.41,Shipped
ORD008786,P0138,S042,2026-07-29,568,268.51,Shipped
ORD008787,P0252,S042,2026-05-14,949,405.22,Shipped
ORD008788,P0083,S027,2026-08-19,150,2410.39,Shipped
ORD008789,P0332,S026,2026-03-25,33,270.91,Delivered
ORD008790,P0421,S028,2026-05-01,423,4310.26,Cancelled
ORD008791,P0424,S003,2026-09-02,600,3998.89,Delivered
ORD008792,P0310,S003,2026-06-04,581,4536.3,Delivered
ORD008793,P0025,S039,2026-03-25,109,2154.15,Shipped
ORD008794,P0304,S021,2026-09-10,317,1705.69,Shipped
ORD008795,P0020,S004,2026-05-26,99,2378.11,Shipped
ORD008796,P0067,S042,2026-07-04,753,4347.23,Shipped
ORD008797,P0354,S011,2026-09-06,824,4113.06,Shipped
ORD008798,P0421,S046,2026-05-09,134,1705.98,Cancelled
ORD008799,P0477,S013,2026-09-15,58,2500.38,Processing
ORD008800,P0056,S027,2026-05-03,407,1873.85,Cancelled
ORD008801,P0454,S007,2026-08-16,47,3749.92,Delivered
ORD008802,P0273,S044,2026-08-31,684,2026.04,Delivered
ORD008803,P0417,S032,2026-04-23,96,1074.86,Shipped
ORD008804,P0328,S010,2026-03-24,367,177.29,Delivered
ORD008805,P0139,S012,2026-07-06,152,4893.94,Cancelled
ORD008806,P0126,S020,2026-05-28,853,2880.79,Shipped
ORD008807,P0212,S022,2026-09-11,144,4588.89,Shipped
ORD008808,P0434,S021,2026-04-08,997,970.39,Cancelled
ORD008809,P0345,S017,2026-07-27,82,417.65,Cancelled
ORD008810,P0081,S033,2026-03-27,383,3508.58,Shipped
ORD008811,P0368,S036,2026-05-12,551,3608.68,Shipped
ORD008812,P0307,S041,2026-06-23,922,2809.09,Shipped
ORD008813,P0478,S048,2026-08-15,192,306.08,Delivered
ORD008814,P0177,S021,2026-09-12,168,4811.68,Processing
ORD008815,P0026,S007,2026-05-21,409,4618.92,Shipped
ORD008816,P0011,S043,2026-05-22,253,3139.62,Processing
ORD008817,P0492,S032,2026-08-25,469,3527.49,Shipped
ORD008818,P0397,S019,2026-09-04,233,1147.23,Processing
ORD008819,P0360,S020,2026-08-22,354,3398.74,Cancelled
ORD008820,P0355,S042,2026-07-29,750,1419.02,Delivered
ORD008821,P0439,S031,2026-06-07,966,2277.55,Shipped
ORD008822,P0326,S049,2026-09-02,403,3599.67,Cancelled
ORD008823,P0403,S048,2026-05-01,825,2554.57,Shipped
ORD008824,P0289,S001,2026-04-19,420,2258.9,Delivered
ORD008825,P0017,S039,2026-03-29,587,2217.04,Shipped
ORD008826,P0089,S040,2026-06-06,521,833.57,Processing
ORD008827,P0195,S041,2026-04-09,266,664.36,Processing
ORD008828,P0065,S028,2026-07-30,365,2534.54,Cancelled
ORD008829,P0496,S050,2026-04-05,185,1428.09,Delivered
ORD008830,P0176,S042,2026-03-24,373,2353.17,Delivered
ORD008831,P0393,S034,2026-06-24,762,1312.6,Shipped
ORD008832,P0180,S025,2026-09-13,359,4806.68,Processing
ORD008833,P0147,S014,2026-05-20,942,1333.54,Delivered
ORD008834,P0355,S002,2026-07-21,527,3863.14,Cancelled
ORD008835,P0111,S005,2026-09-06,963,3671.4,Shipped
ORD008836,P0333,S019,2026-08-27,245,1620.16,Cancelled
ORD008837,P0384,S042,2026-08-09,939,1354.72,Shipped
ORD008838,P0011,S048,2026-08-29,484,1054.26,Delivered
ORD008839,P0268,S011,2026-05-02,76,3189.5,Delivered
ORD008840,P0202,S020,2026-05-09,653,769.42,Delivered
ORD008841,P0132,S017,2026-06-13,787,2483.97,Processing
ORD008842,P0326,S030,2026-07-20,54,2443.09,Shipped
ORD008843,P0228,S002,2026-03-31,637,1861.42,Delivered
ORD008844,P0206,S009,2026-09-03,395,3346.97,Processing
ORD008845,P0208,S012,2026-07-15,955,1284.3,Processing
ORD008846,P0219,S022,2026-04-26,464,773.08,Cancelled
ORD008847,P0269,S004,2026-08-26,262,3696.17,Delivered
ORD008848,P0263,S040,2026-07-25,811,3715.07,Processing
ORD008849,P0310,S034,2026-07-14,511,2478.21,Shipped
ORD008850,P0359,S042,2026-05-04,196,3105.38,Cancelled
ORD008851,P0200,S037,2026-05-12,825,553.09,Shipped
ORD008852,P0142,S018,2026-06-24,111,4333.16,Processing
ORD008853,P0469,S024,2026-07-31,464,4865.74,Processing
ORD008854,P0085,S026,2026-08-05,828,742.57,Delivered
ORD008855,P0215,S023,2026-04-18,108,1585.24,Shipped
ORD008856,P0247,S019,2026-05-05,458,4262.79,Cancelled
ORD008857,P0185,S042,2026-04-18,340,3675.53,Processing
ORD008858,P0037,S042,2026-05-15,457,2874.92,Processing
ORD008859,P0407,S043,2026-04-11,219,3209.32,Cancelled
ORD008860,P0460,S025,2026-06-16,901,327.23,Cancelled
ORD008861,P0440,S030,2026-04-17,389,1810.27,Delivered
ORD008862,P0058,S002,2026-04-29,822,111.8,Delivered
ORD008863,P0256,S034,2026-05-06,435,1545.38,Shipped
ORD008864,P0344,S049,2026-08-04,890,4390.66,Delivered
ORD008865,P0180,S008,2026-03-25,652,634.93,Shipped
ORD008866,P0263,S042,2026-05-21,55,4374.19,Cancelled
ORD008867,P0049,S040,2026-05-12,717,23.95,Processing
ORD008868,P0428,S025,2026-07-28,613,1048.89,Cancelled
ORD008869,P0295,S044,2026-09-02,172,3547.5,Cancelled
ORD008870,P0346,S025,2026-06-05,794,944.66,Cancelled
ORD008871,P0347,S040,2026-08-02,488,1593.12,Delivered
ORD008872,P0383,S023,2026-04-12,168,3344.99,Processing
ORD008873,P0252,S009,2026-08-08,880,3285.09,Cancelled
ORD008874,P0229,S039,2026-06-15,198,3667.19,Shipped
ORD008875,P0154,S017,2026-09-06,670,3047.45,Delivered
ORD008876,P0362,S037,2026-08-22,385,3302.2,Shipped
ORD008877,P0295,S049,2026-09-13,782,3261.73,Processing
ORD008878,P0135,S043,2026-09-02,208,2768.79,Delivered
ORD008879,P0486,S046,2026-08-18,849,714.12,Cancelled
ORD008880,P0482,S043,2026-07-16,77,4220.54,Cancelled
ORD008881,P0341,S041,2026-05-21,424,2644.43,Delivered
ORD008882,P0228,S004,2026-09-05,329,3372.79,Processing
ORD008883,P0046,S042,2026-06-21,930,601.75,Delivered
ORD008884,P0046,S042,2026-05-12,545,2178.47,Processing
ORD008885,P0245,S023,2026-03-28,593,536.02,Shipped
ORD008886,P0213,S028,2026-06-27,975,4560.0,Cancelled
ORD008887,P0373,S030,2026-07-05,703,1888.42,Delivered
ORD008888,P0369,S022,2026-04-16,56,3584.74,Processing
ORD008889,P0001,S050,2026-06-01,84,15.03,Processing
ORD008890,P0335,S024,2026-07-02,351,2273.47,Shipped
ORD008891,P0190,S027,2026-07-20,865,3215.57,Cancelled
ORD008892,P0382,S030,2026-06-24,904,970.98,Processing
ORD008893,P0330,S031,2026-08-21,492,4871.02,Delivered
ORD008894,P0173,S001,2026-04-08,444,2603.06,Delivered
ORD008895,P0124,S016,2026-05-01,56,3063.67,Shipped
ORD008896,P0390,S045,2026-07-11,191,595.22,Cancelled
ORD008897,P0012,S027,2026-09-02,858,497.41,Cancelled
ORD008898,P0113,S030,2026-06-17,226,4183.44,Delivered
ORD008899,P0105,S050,2026-06-14,897,4369.99,Processing
ORD008900,P0306,S001,2026-08-10,974,2458.8,Delivered
ORD008901,P0457,S027,2026-09-02,153,2898.12,Delivered
ORD008902,P0412,S042,2026-08-18,387,566.05,Delivered
ORD008903,P0058,S004,2026-07-24,443,1996.42,Cancelled
ORD008904,P0028,S015,2026-08-25,444,4238.35,Cancelled
ORD008905,P0170,S037,2026-04-07,61,1353.28,Delivered
ORD008906,P0337,S037,2026-07-19,656,4275.78,Cancelled
ORD008907,P0312,S028,2026-07-15,691,1021.63,Shipped
ORD008908,P0227,S003,2026-07-07,582,4651.13,Cancelled
ORD008909,P0025,S036,2026-09-12,473,1363.01,Cancelled
ORD008910,P0442,S010,2026-04-10,154,3029.38,Processing
ORD008911,P0263,S043,2026-03-28,769,2455.54,Shipped
ORD008912,P0232,S037,2026-07-22,553,2547.12,Processing
ORD008913,P0399,S014,2026-05-28,467,1747.6,Cancelled
ORD008914,P0380,S026,2026-08-06,551,3435.93,Processing
ORD008915,P0130,S033,2026-07-16,192,4694.67,Processing
ORD008916,P0447,S050,2026-03-27,968,188.42,Cancelled
ORD008917,P0461,S021,2026-04-09,264,2445.75,Shipped
ORD008918,P0182,S002,2026-08-22,119,4063.94,Processing
ORD008919,P0197,S029,2026-05-18,879,765.42,Delivered
ORD008920,P0428,S021,2026-04-09,392,2235.93,Delivered
ORD008921,P0010,S035,2026-06-02,164,4532.41,Processing
ORD008922,P0386,S026,2026-06-07,316,4691.62,Delivered
ORD008923,P0123,S029,2026-09-04,82,2106.5,Shipped
ORD008924,P0291,S018,2026-04-07,687,3202.98,Processing
ORD008925,P0055,S024,2026-09-09,929,2854.6,Processing
ORD008926,P0276,S006,2026-07-22,816,1121.33,Delivered
ORD008927,P0055,S033,2026-06-25,745,382.06,Processing
ORD008928,P0414,S038,2026-06-29,823,126.93,Shipped
ORD008929,P0305,S004,2026-07-14,312,2166.72,Shipped
ORD008930,P0307,S017,2026-06-04,62,3852.24,Delivered
ORD008931,P0051,S039,2026-06-16,779,1121.47,Shipped
ORD008932,P0254,S036,2026-05-02,579,4434.3,Delivered
ORD008933,P0352,S011,2026-08-30,445,3950.14,Delivered
ORD008934,P0320,S033,2026-03-29,865,4967.39,Delivered
ORD008935,P0217,S034,2026-09-03,75,4463.77,Shipped
ORD008936,P0441,S006,2026-06-10,440,4483.43,Cancelled
ORD008937,P0050,S007,2026-07-01,489,3798.61,Processing
ORD008938,P0143,S011,2026-08-26,994,19.77,Cancelled
ORD008939,P0286,S002,2026-04-05,351,3704.49,Shipped
ORD008940,P0079,S018,2026-08-12,695,68.13,Cancelled
ORD008941,P0365,S044,2026-07-26,604,4875.1,Shipped
ORD008942,P0248,S012,2026-09-19,292,4992.34,Delivered
ORD008943,P0031,S013,2026-05-22,86,1833.85,Cancelled
ORD008944,P0230,S023,2026-04-16,604,2796.35,Cancelled
ORD008945,P0396,S010,2026-05-08,703,1557.48,Shipped
ORD008946,P0477,S030,2026-09-02,430,1327.2,Delivered
ORD008947,P0139,S038,2026-08-27,989,4215.61,Processing
ORD008948,P0186,S005,2026-05-09,614,2867.22,Delivered
ORD008949,P0070,S026,2026-03-26,238,1069.14,Processing
ORD008950,P0227,S049,2026-04-30,498,3489.82,Cancelled
ORD008951,P0273,S021,2026-04-07,592,1536.66,Processing
ORD008952,P0260,S012,2026-07-10,241,3088.84,Shipped
ORD008953,P0136,S013,2026-06-26,711,1398.51,Processing
ORD008954,P0124,S034,2026-04-16,649,30.88,Delivered
ORD008955,P0332,S022,2026-06-12,489,2032.95,Shipped
ORD008956,P0345,S024,2026-04-18,891,4870.59,Processing
ORD008957,P0280,S049,2026-08-30,915,1818.89,Shipped
ORD008958,P0081,S014,2026-05-26,482,1814.46,Processing
ORD008959,P0254,S016,2026-08-27,121,2319.6,Processing
ORD008960,P0077,S044,2026-06-13,735,1109.62,Shipped
ORD008961,P0129,S045,2026-05-23,149,489.06,Processing
ORD008962,P0179,S048,2026-08-16,495,3960.09,Cancelled
ORD008963,P0483,S028,2026-06-15,170,2763.02,Cancelled
ORD008964,P0454,S015,2026-05-13,383,104.84,Cancelled
ORD008965,P0439,S045,2026-05-29,334,3858.77,Delivered
ORD008966,P0401,S034,2026-06-10,175,3069.37,Shipped
ORD008967,P0244,S044,2026-04-03,555,804.59,Cancelled
ORD008968,P0188,S048,2026-05-10,356,2612.62,Processing
ORD008969,P0097,S047,2026-08-18,768,2264.52,Cancelled
ORD008970,P0323,S041,2026-05-03,370,4345.98,Cancelled
ORD008971,P0195,S002,2026-05-18,537,311.83,Shipped
ORD008972,P0069,S044,2026-08-08,140,2096.15,Processing
ORD008973,P0341,S006,2026-09-20,996,2049.75,Cancelled
ORD008974,P0435,S002,2026-06-27,66,430.94,Processing
ORD008975,P0326,S029,2026-04-27,766,132.03,Processing
ORD008976,P0393,S007,2026-06-08,850,4523.47,Shipped
ORD008977,P0245,S022,2026-07-15,776,1904.85,Cancelled
ORD008978,P0377,S032,2026-05-17,92,1189.49,Cancelled
ORD008979,P0301,S035,2026-08-22,484,49.43,Delivered
ORD008980,P0498,S022,2026-09-16,255,2534.33,Delivered
ORD008981,P0361,S010,2026-05-08,671,3916.28,Processing
ORD008982,P0445,S040,2026-09-08,400,4007.25,Shipped
ORD008983,P0353,S048,2026-07-17,373,4226.74,Cancelled
ORD008984,P0139,S019,2026-07-01,341,577.73,Shipped
ORD008985,P0080,S011,2026-06-30,157,70.0,Processing
ORD008986,P0396,S027,2026-06-03,852,1289.39,Shipped
ORD008987,P0302,S037,2026-04-26,704,3671.65,Delivered
ORD008988,P0266,S004,2026-05-16,459,385.11,Cancelled
ORD008989,P0469,S047,2026-04-04,443,2855.8,Processing
ORD008990,P0307,S017,2026-08-25,349,380.45,Cancelled
ORD008991,P0435,S034,2026-09-08,205,2598.31,Processing
ORD008992,P0073,S005,2026-08-28,391,737.06,Cancelled
ORD008993,P0157,S045,2026-03-27,190,2428.87,Shipped
ORD008994,P0254,S007,2026-09-19,769,295.59,Cancelled
ORD008995,P0098,S041,2026-09-06,13,1807.87,Shipped
ORD008996,P0489,S042,2026-09-06,774,2081.69,Processing
ORD008997,P0321,S003,2026-06-12,704,2910.54,Shipped
ORD008998,P0072,S014,2026-04-11,327,848.88,Delivered
ORD008999,P0495,S036,2026-09-13,911,2576.96,Cancelled
ORD009000,P0269,S005,2026-03-31,94,4423.14,Delivered
ORD009001,P0051,S019,2026-07-19,611,3725.31,Processing
ORD009002,P0205,S002,2026-09-20,251,3901.98,Cancelled
ORD009003,P0016,S033,2026-08-01,666,1675.13,Shipped
ORD009004,P0401,S050,2026-05-29,279,1055.01,Cancelled
ORD009005,P0400,S008,2026-04-27,861,1000.04,Cancelled
ORD009006,P0254,S027,2026-07-28,218,4321.31,Processing
ORD009007,P0367,S038,2026-04-11,78,3422.9,Delivered
ORD009008,P0120,S033,2026-06-09,914,1492.22,Processing
ORD009009,P0395,S038,2026-04-04,481,2854.27,Cancelled
ORD009010,P0491,S050,2026-06-16,385,2567.94,Shipped
ORD009011,P0061,S036,2026-05-08,125,2785.14,Delivered
ORD009012,P0416,S034,2026-04-09,869,3736.9,Shipped
ORD009013,P0086,S039,2026-07-20,94,3569.87,Processing
ORD009014,P0063,S011,2026-04-19,988,1938.37,Cancelled
ORD009015,P0199,S001,2026-06-11,223,295.74,Processing
ORD009016,P0069,S005,2026-04-20,502,2643.84,Cancelled
ORD009017,P0158,S012,2026-03-28,721,1230.04,Processing
ORD009018,P0439,S021,2026-07-28,539,2726.77,Delivered
ORD009019,P0273,S021,2026-04-13,626,4061.43,Delivered
ORD009020,P0112,S002,2026-07-08,878,1315.95,Cancelled
ORD009021,P0067,S030,2026-06-20,172,4385.32,Delivered
ORD009022,P0455,S037,2026-08-12,106,58.32,Shipped
ORD009023,P0050,S003,2026-05-20,20,4868.13,Delivered
ORD009024,P0309,S043,2026-07-19,860,912.55,Shipped
ORD009025,P0116,S026,2026-04-09,889,3189.79,Processing
ORD009026,P0279,S042,2026-05-12,19,385.06,Cancelled
ORD009027,P0091,S002,2026-04-01,871,2832.77,Delivered
ORD009028,P0160,S001,2026-08-23,77,4329.24,Shipped
ORD009029,P0316,S025,2026-07-01,85,4327.88,Processing
ORD009030,P0019,S030,2026-07-05,508,722.7,Cancelled
ORD009031,P0019,S041,2026-05-03,761,1418.87,Delivered
ORD009032,P0366,S037,2026-09-18,979,2761.52,Cancelled
ORD009033,P0354,S044,2026-05-15,909,4426.22,Processing
ORD009034,P0492,S014,2026-05-24,372,145.84,Cancelled
ORD009035,P0216,S009,2026-05-10,334,4870.93,Delivered
ORD009036,P0432,S037,2026-06-11,279,1895.55,Delivered
ORD009037,P0126,S003,2026-07-26,900,4472.88,Delivered
ORD009038,P0052,S014,2026-06-18,227,3291.06,Delivered
ORD009039,P0203,S029,2026-08-22,208,285.0,Processing
ORD009040,P0500,S001,2026-06-07,490,1553.9,Processing
ORD009041,P0291,S041,2026-06-18,697,2103.84,Shipped
ORD009042,P0122,S037,2026-05-24,52,1119.26,Cancelled
ORD009043,P0339,S034,2026-05-20,979,4763.9,Cancelled
ORD009044,P0103,S015,2026-06-03,620,514.88,Shipped
ORD009045,P0010,S045,2026-07-31,12,148.05,Shipped
ORD009046,P0201,S010,2026-04-19,699,1892.2,Shipped
ORD009047,P0048,S046,2026-04-04,318,2158.32,Processing
ORD009048,P0063,S018,2026-09-05,401,1819.99,Delivered
ORD009049,P0296,S017,2026-05-20,787,3169.29,Shipped
ORD009050,P0262,S046,2026-06-24,692,3634.23,Shipped
ORD009051,P0441,S048,2026-07-01,295,3217.74,Delivered
ORD009052,P0258,S007,2026-04-18,782,3231.57,Delivered
ORD009053,P0110,S011,2026-04-28,3,483.66,Shipped
ORD009054,P0308,S034,2026-04-19,561,4657.28,Delivered
ORD009055,P0381,S002,2026-07-05,864,2973.24,Cancelled
ORD009056,P0017,S030,2026-06-21,993,1724.29,Processing
ORD009057,P0418,S030,2026-07-01,485,3173.65,Delivered
ORD009058,P0206,S007,2026-06-03,907,1963.35,Processing
ORD009059,P0075,S044,2026-09-09,653,4538.31,Shipped
ORD009060,P0376,S039,2026-05-13,691,2162.1,Cancelled
ORD009061,P0451,S048,2026-08-08,892,3185.93,Cancelled
ORD009062,P0006,S010,2026-05-05,910,27.44,Cancelled
ORD009063,P0456,S002,2026-04-13,849,1144.57,Shipped
ORD009064,P0146,S032,2026-05-21,386,3762.88,Delivered
ORD009065,P0150,S010,2026-05-27,740,4819.48,Cancelled
ORD009066,P0352,S038,2026-04-22,959,2194.82,Shipped
ORD009067,P0112,S005,2026-06-18,885,1490.0,Shipped
ORD009068,P0008,S036,2026-06-22,985,264.11,Processing
ORD009069,P0317,S002,2026-08-31,437,3597.31,Shipped
ORD009070,P0241,S013,2026-06-10,998,1582.52,Shipped
ORD009071,P0416,S029,2026-04-27,705,703.6,Shipped
ORD009072,P0212,S041,2026-05-15,96,199.73,Delivered
ORD009073,P0267,S011,2026-08-15,268,1623.77,Delivered
ORD009074,P0364,S028,2026-05-30,681,1492.67,Delivered
ORD009075,P0429,S013,2026-05-01,429,40.09,Shipped
ORD009076,P0252,S004,2026-04-21,804,2145.18,Processing
ORD009077,P0186,S011,2026-05-07,344,1621.77,Processing
ORD009078,P0338,S006,2026-09-09,193,1280.48,Delivered
ORD009079,P0216,S012,2026-07-17,192,2734.49,Shipped
ORD009080,P0475,S005,2026-06-08,504,1856.18,Delivered
ORD009081,P0199,S016,2026-04-17,460,3074.16,Shipped
ORD009082,P0138,S036,2026-08-11,169,2773.01,Cancelled
ORD009083,P0315,S014,2026-05-11,217,3778.16,Cancelled
ORD009084,P0323,S007,2026-08-29,27,3806.59,Processing
ORD009085,P0217,S042,2026-08-20,677,4878.25,Cancelled
ORD009086,P0070,S004,2026-04-20,801,4205.28,Cancelled
ORD009087,P0198,S018,2026-06-04,739,2049.88,Cancelled
ORD009088,P0133,S030,2026-06-28,569,4084.81,Cancelled
ORD009089,P0170,S004,2026-05-06,569,1314.8,Shipped
ORD009090,P0382,S044,2026-04-07,80,3247.37,Shipped
ORD009091,P0407,S037,2026-05-26,595,2828.28,Shipped
ORD009092,P0452,S001,2026-07-21,902,2904.81,Processing
ORD009093,P0222,S008,2026-08-02,9,729.83,Shipped
ORD009094,P0172,S049,2026-08-31,853,544.27,Processing
ORD009095,P0347,S010,2026-08-06,331,3420.56,Processing
ORD009096,P0127,S012,2026-03-26,962,4628.24,Cancelled
ORD009097,P0427,S037,2026-06-18,121,2688.25,Delivered
ORD009098,P0406,S034,2026-08-15,37,3896.97,Processing
ORD009099,P0439,S014,2026-08-06,829,3027.6,Delivered
ORD009100,P0100,S001,2026-06-18,995,2170.99,Processing
ORD009101,P0376,S043,2026-03-27,555,1132.65,Delivered
ORD009102,P0288,S034,2026-05-21,297,102.62,Cancelled
ORD009103,P0244,S030,2026-09-03,811,2015.22,Processing
ORD009104,P0353,S005,2026-09-18,596,4326.68,Delivered
ORD009105,P0169,S001,2026-03-28,865,2453.14,Delivered
ORD009106,P0235,S003,2026-08-19,617,1776.44,Cancelled
ORD009107,P0498,S049,2026-06-07,314,1748.27,Shipped
ORD009108,P0436,S028,2026-03-30,606,4719.06,Delivered
ORD009109,P0127,S033,2026-06-11,466,3994.42,Cancelled
ORD009110,P0283,S042,2026-05-16,313,1235.96,Shipped
ORD009111,P0212,S032,2026-06-27,435,3045.33,Cancelled
ORD009112,P0084,S037,2026-08-30,387,908.48,Cancelled
ORD009113,P0085,S046,2026-05-21,488,1100.02,Shipped
ORD009114,P0251,S049,2026-05-21,44,961.37,Delivered
ORD009115,P0342,S003,2026-08-17,335,2051.26,Shipped
ORD009116,P0413,S007,2026-09-14,947,4682.71,Delivered
ORD009117,P0120,S020,2026-09-15,196,115.08,Cancelled
ORD009118,P0266,S042,2026-07-03,877,1161.08,Cancelled
ORD009119,P0416,S045,2026-06-30,561,438.39,Cancelled
ORD009120,P0478,S023,2026-04-01,830,3607.68,Delivered
ORD009121,P0053,S031,2026-08-20,812,47.09,Shipped
ORD009122,P0444,S016,2026-05-10,439,3749.27,Cancelled
ORD009123,P0374,S043,2026-05-27,221,2317.86,Delivered
ORD009124,P0112,S005,2026-04-10,539,4976.55,Processing
ORD009125,P0039,S013,2026-06-05,353,4298.84,Cancelled
ORD009126,P0413,S028,2026-04-23,768,2812.07,Cancelled
ORD009127,P0034,S007,2026-04-24,759,4994.05,Cancelled
ORD009128,P0474,S011,2026-06-29,26,2231.72,Shipped
ORD009129,P0276,S031,2026-07-20,908,3957.81,Processing
ORD009130,P0160,S008,2026-06-20,288,4125.83,Shipped
ORD009131,P0407,S027,2026-06-21,892,1533.54,Processing
ORD009132,P0334,S007,2026-04-09,798,1988.17,Shipped
ORD009133,P0091,S026,2026-08-22,413,1164.66,Delivered
ORD009134,P0280,S042,2026-03-27,536,4441.17,Shipped
ORD009135,P0281,S013,2026-05-20,47,631.63,Shipped
ORD009136,P0260,S048,2026-07-23,912,529.21,Shipped
ORD009137,P0006,S034,2026-07-12,543,4840.21,Shipped
ORD009138,P0261,S044,2026-04-10,636,198.36,Processing
ORD009139,P0146,S026,2026-06-04,826,3580.85,Processing
ORD009140,P0034,S030,2026-07-12,211,1318.89,Cancelled
ORD009141,P0475,S035,2026-04-01,469,1095.47,Cancelled
ORD009142,P0041,S017,2026-05-14,578,983.78,Delivered
ORD009143,P0044,S013,2026-08-03,463,4555.39,Processing
ORD009144,P0378,S013,2026-08-21,533,3724.69,Delivered
ORD009145,P0174,S001,2026-06-10,666,1153.75,Processing
ORD009146,P0291,S008,2026-06-02,671,413.73,Shipped
ORD009147,P0212,S017,2026-07-27,595,932.76,Cancelled
ORD009148,P0288,S045,2026-05-13,998,2041.54,Delivered
ORD009149,P0450,S015,2026-05-15,949,3643.02,Processing
ORD009150,P0083,S041,2026-09-18,500,4051.06,Delivered
ORD009151,P0039,S024,2026-08-13,354,4491.38,Processing
ORD009152,P0353,S033,2026-06-25,548,1252.86,Processing
ORD009153,P0103,S026,2026-04-15,499,326.66,Delivered
ORD009154,P0123,S016,2026-09-06,516,1561.43,Cancelled
ORD009155,P0233,S026,2026-08-04,14,781.16,Cancelled
ORD009156,P0307,S001,2026-06-11,484,807.72,Shipped
ORD009157,P0261,S005,2026-08-06,4,1699.13,Delivered
ORD009158,P0301,S006,2026-05-26,428,2409.05,Delivered
ORD009159,P0272,S033,2026-05-07,686,1224.3,Processing
ORD009160,P0332,S035,2026-08-25,337,4529.48,Processing
ORD009161,P0398,S036,2026-04-07,915,784.76,Processing
ORD009162,P0331,S034,2026-07-16,99,1376.74,Shipped
ORD009163,P0304,S021,2026-05-26,251,4139.4,Cancelled
ORD009164,P0265,S047,2026-08-22,153,1222.43,Processing
ORD009165,P0225,S011,2026-04-03,648,1509.56,Cancelled
ORD009166,P0441,S044,2026-04-18,88,1709.9,Processing
ORD009167,P0027,S045,2026-05-22,399,2496.5,Delivered
ORD009168,P0348,S037,2026-04-09,287,1934.72,Delivered
ORD009169,P0142,S046,2026-04-14,80,4245.32,Delivered
ORD009170,P0151,S029,2026-05-28,108,4959.52,Processing
ORD009171,P0288,S013,2026-04-02,776,2104.94,Shipped
ORD009172,P0229,S020,2026-08-11,516,1655.33,Processing
ORD009173,P0418,S029,2026-05-17,558,3236.24,Cancelled
ORD009174,P0036,S031,2026-09-19,949,1114.61,Processing
ORD009175,P0236,S027,2026-07-17,26,3520.45,Processing
ORD009176,P0449,S042,2026-08-27,704,1665.81,Delivered
ORD009177,P0123,S027,2026-09-20,571,2849.37,Delivered
ORD009178,P0185,S050,2026-07-11,486,1465.97,Cancelled
ORD009179,P0281,S017,2026-08-22,660,1104.33,Cancelled
ORD009180,P0477,S046,2026-07-05,250,3380.53,Cancelled
ORD009181,P0214,S050,2026-06-27,88,4531.9,Shipped
ORD009182,P0114,S022,2026-06-22,494,2269.9,Cancelled
ORD009183,P0186,S037,2026-08-05,142,3443.08,Shipped
ORD009184,P0259,S015,2026-06-18,424,377.82,Processing
ORD009185,P0150,S020,2026-07-14,555,4382.12,Processing
ORD009186,P0389,S040,2026-05-11,908,4947.48,Delivered
ORD009187,P0067,S018,2026-06-04,274,1628.73,Processing
ORD009188,P0427,S025,2026-06-21,509,3205.75,Processing
ORD009189,P0246,S034,2026-04-23,178,3093.07,Delivered
ORD009190,P0389,S007,2026-07-03,741,26.81,Processing
ORD009191,P0370,S027,2026-07-14,214,3822.64,Shipped
ORD009192,P0115,S033,2026-03-24,840,3633.92,Delivered
ORD009193,P0110,S032,2026-06-09,262,459.24,Processing
ORD009194,P0313,S036,2026-07-13,961,57.94,Cancelled
ORD009195,P0164,S008,2026-06-13,16,2624.81,Delivered
ORD009196,P0423,S038,2026-08-28,474,4590.53,Delivered
ORD009197,P0435,S047,2026-07-28,765,2517.17,Processing
ORD009198,P0041,S016,2026-09-13,131,3116.18,Delivered
ORD009199,P0347,S031,2026-05-05,814,1842.04,Shipped
ORD009200,P0184,S003,2026-05-09,68,4437.88,Cancelled
ORD009201,P0230,S024,2026-06-27,374,1603.52,Shipped
ORD009202,P0194,S014,2026-08-04,650,750.82,Delivered
ORD009203,P0351,S043,2026-03-26,508,3351.5,Delivered
ORD009204,P0202,S004,2026-06-19,893,4446.96,Shipped
ORD009205,P0108,S034,2026-07-24,735,3131.51,Shipped
ORD009206,P0027,S037,2026-04-22,415,43.08,Delivered
ORD009207,P0476,S025,2026-07-12,848,591.02,Delivered
ORD009208,P0176,S013,2026-09-08,82,2208.12,Cancelled
ORD009209,P0412,S045,2026-03-29,169,1473.48,Shipped
ORD009210,P0308,S030,2026-06-28,720,2953.46,Delivered
ORD009211,P0110,S015,2026-06-07,778,3455.46,Cancelled
ORD009212,P0500,S029,2026-08-29,337,2296.27,Shipped
ORD009213,P0202,S002,2026-05-30,394,2787.41,Shipped
ORD009214,P0214,S002,2026-05-09,382,979.84,Processing
ORD009215,P0159,S039,2026-09-01,722,2948.22,Cancelled
ORD009216,P0205,S025,2026-08-21,744,260.39,Delivered
ORD009217,P0239,S049,2026-08-02,328,2592.47,Delivered
ORD009218,P0056,S019,2026-06-05,655,108.06,Cancelled
ORD009219,P0481,S020,2026-05-20,540,2230.11,Shipped
ORD009220,P0071,S048,2026-04-19,400,613.49,Processing
ORD009221,P0314,S004,2026-07-17,887,831.93,Processing
ORD009222,P0308,S042,2026-03-29,705,1463.19,Processing
ORD009223,P0352,S011,2026-04-10,87,3957.49,Shipped
ORD009224,P0170,S029,2026-06-14,622,3058.04,Delivered
ORD009225,P0244,S012,2026-04-03,351,2011.37,Cancelled
ORD009226,P0481,S016,2026-04-26,59,1914.13,Processing
ORD009227,P0179,S029,2026-07-09,885,2639.14,Processing
ORD009228,P0358,S005,2026-07-15,663,3408.24,Delivered
ORD009229,P0146,S007,2026-04-06,242,2000.69,Cancelled
ORD009230,P0489,S025,2026-07-25,499,3034.97,Processing
ORD009231,P0369,S009,2026-04-25,278,4352.68,Cancelled
ORD009232,P0112,S030,2026-07-24,82,2950.87,Cancelled
ORD009233,P0169,S050,2026-06-12,463,2917.28,Delivered
ORD009234,P0016,S039,2026-04-26,314,1679.07,Delivered
ORD009235,P0276,S046,2026-05-04,640,4418.17,Shipped
ORD009236,P0105,S036,2026-06-08,948,3686.46,Processing
ORD009237,P0431,S038,2026-06-28,458,2024.37,Shipped
ORD009238,P0121,S044,2026-04-23,398,1940.54,Shipped
ORD009239,P0267,S028,2026-08-10,862,2535.98,Cancelled
ORD009240,P0447,S001,2026-08-25,532,3832.39,Cancelled
ORD009241,P0290,S006,2026-05-22,978,1492.12,Processing
ORD009242,P0300,S003,2026-06-14,764,3626.92,Shipped
ORD009243,P0028,S044,2026-08-27,289,3951.87,Shipped
ORD009244,P0143,S012,2026-07-21,470,275.95,Processing
ORD009245,P0154,S018,2026-06-24,352,3634.45,Cancelled
ORD009246,P0211,S005,2026-08-14,63,3011.83,Shipped
ORD009247,P0424,S042,2026-07-19,168,2752.54,Shipped
ORD009248,P0234,S021,2026-04-07,93,4361.7,Processing
ORD009249,P0064,S017,2026-08-27,391,3991.26,Processing
ORD009250,P0280,S011,2026-07-16,573,4703.73,Delivered
ORD009251,P0161,S027,2026-05-21,536,4748.71,Delivered
ORD009252,P0463,S002,2026-09-13,574,3264.35,Shipped
ORD009253,P0254,S031,2026-08-07,471,12.12,Cancelled
ORD009254,P0016,S007,2026-06-23,196,2882.84,Processing
ORD009255,P0322,S012,2026-08-24,331,1974.51,Cancelled
ORD009256,P0477,S031,2026-08-27,709,3860.12,Cancelled
ORD009257,P0048,S049,2026-05-25,491,3890.76,Delivered
ORD009258,P0207,S012,2026-08-03,417,2037.87,Cancelled
ORD009259,P0211,S005,2026-08-06,414,4511.16,Processing
ORD009260,P0201,S014,2026-08-14,811,2675.36,Processing
ORD009261,P0481,S013,2026-03-26,146,3723.67,Cancelled
ORD009262,P0156,S044,2026-04-26,839,3078.71,Cancelled
ORD009263,P0014,S040,2026-06-09,259,2017.98,Shipped
ORD009264,P0291,S032,2026-06-02,464,161.27,Shipped
ORD009265,P0202,S020,2026-05-20,276,4819.28,Processing
ORD009266,P0495,S037,2026-05-28,666,1689.06,Delivered
ORD009267,P0056,S042,2026-04-26,477,1907.65,Delivered
ORD009268,P0334,S003,2026-08-09,869,390.52,Processing
ORD009269,P0316,S016,2026-08-06,919,1280.77,Processing
ORD009270,P0005,S002,2026-08-07,809,3373.81,Processing
ORD009271,P0182,S016,2026-03-28,880,1932.75,Delivered
ORD009272,P0325,S023,2026-06-05,409,2627.94,Cancelled
ORD009273,P0021,S003,2026-08-24,950,407.36,Processing
ORD009274,P0097,S006,2026-05-18,805,4531.6,Processing
ORD009275,P0008,S018,2026-06-08,914,4764.99,Shipped
ORD009276,P0234,S021,2026-09-03,527,3450.66,Processing
ORD009277,P0217,S034,2026-07-20,428,4880.54,Delivered
ORD009278,P0416,S012,2026-09-06,492,2250.83,Processing
ORD009279,P0116,S016,2026-05-24,849,1650.34,Shipped
ORD009280,P0011,S006,2026-05-02,565,1346.08,Shipped
ORD009281,P0202,S025,2026-07-16,86,2076.7,Processing
ORD009282,P0431,S046,2026-08-18,790,1826.36,Cancelled
ORD009283,P0034,S001,2026-06-04,219,398.29,Shipped
ORD009284,P0326,S042,2026-04-09,961,4392.05,Cancelled
ORD009285,P0343,S012,2026-05-25,654,2045.63,Processing
ORD009286,P0131,S041,2026-05-17,439,1853.58,Shipped
ORD009287,P0220,S048,2026-06-04,66,646.1,Delivered
ORD009288,P0390,S049,2026-05-19,555,1409.43,Cancelled
ORD009289,P0346,S012,2026-07-18,447,1308.94,Delivered
ORD009290,P0447,S039,2026-04-12,967,4112.27,Processing
ORD009291,P0262,S039,2026-09-20,118,4464.13,Processing
ORD009292,P0109,S022,2026-06-17,898,4078.37,Shipped
ORD009293,P0176,S041,2026-05-09,733,4820.36,Cancelled
ORD009294,P0425,S035,2026-04-25,685,4318.86,Delivered
ORD009295,P0356,S033,2026-07-29,87,4180.09,Processing
ORD009296,P0146,S046,2026-07-31,466,3977.49,Delivered
ORD009297,P0379,S049,2026-05-25,264,3875.35,Cancelled
ORD009298,P0140,S040,2026-09-12,91,2519.92,Shipped
ORD009299,P0192,S045,2026-03-28,898,2683.02,Processing
ORD009300,P0134,S004,2026-09-11,777,1735.38,Shipped
ORD009301,P0214,S046,2026-05-31,360,399.62,Delivered
ORD009302,P0316,S002,2026-07-04,678,3140.4,Cancelled
ORD009303,P0050,S040,2026-04-20,970,3913.47,Shipped
ORD009304,P0233,S014,2026-08-22,655,2203.75,Shipped
ORD009305,P0405,S001,2026-05-24,238,602.98,Shipped
ORD009306,P0159,S015,2026-06-28,990,3821.47,Shipped
ORD009307,P0457,S049,2026-06-01,131,2739.78,Shipped
ORD009308,P0345,S002,2026-05-28,63,2926.44,Processing
ORD009309,P0056,S037,2026-05-16,364,4671.1,Delivered
ORD009310,P0287,S032,2026-07-22,249,85.31,Shipped
ORD009311,P0097,S038,2026-09-15,28,4247.17,Processing
ORD009312,P0325,S047,2026-06-01,782,3165.93,Processing
ORD009313,P0082,S025,2026-08-30,146,135.29,Shipped
ORD009314,P0187,S050,2026-09-14,727,1844.78,Shipped
ORD009315,P0420,S010,2026-06-29,910,2529.9,Cancelled
ORD009316,P0197,S023,2026-06-27,751,4621.32,Processing
ORD009317,P0305,S016,2026-05-21,617,2906.45,Shipped
ORD009318,P0037,S002,2026-05-16,593,3413.37,Delivered
ORD009319,P0259,S033,2026-08-09,362,3811.68,Cancelled
ORD009320,P0472,S012,2026-08-06,805,4404.64,Delivered
ORD009321,P0434,S037,2026-09-13,349,2416.66,Processing
ORD009322,P0229,S034,2026-08-25,204,70.46,Delivered
ORD009323,P0309,S036,2026-08-14,443,4069.98,Shipped
ORD009324,P0388,S041,2026-07-05,709,3658.9,Cancelled
ORD009325,P0175,S027,2026-06-06,162,3349.88,Cancelled
ORD009326,P0240,S001,2026-09-03,918,1053.9,Processing
ORD009327,P0051,S035,2026-07-16,827,3197.93,Cancelled
ORD009328,P0267,S029,2026-06-23,843,1647.76,Delivered
ORD009329,P0068,S003,2026-09-10,498,1713.59,Processing
ORD009330,P0130,S026,2026-04-04,813,4472.14,Delivered
ORD009331,P0148,S014,2026-07-20,595,114.14,Cancelled
ORD009332,P0471,S035,2026-05-29,258,2405.25,Cancelled
ORD009333,P0315,S011,2026-05-11,43,753.74,Shipped
ORD009334,P0007,S044,2026-05-31,490,1185.28,Delivered
ORD009335,P0248,S006,2026-08-17,931,2711.68,Delivered
ORD009336,P0035,S012,2026-04-23,60,3788.88,Cancelled
ORD009337,P0466,S012,2026-07-27,626,3408.84,Delivered
ORD009338,P0317,S041,2026-07-03,259,4639.78,Cancelled
ORD009339,P0327,S050,2026-04-14,402,2081.39,Cancelled
ORD009340,P0248,S005,2026-06-02,30,2448.68,Processing
ORD009341,P0094,S029,2026-06-20,350,2107.3,Processing
ORD009342,P0363,S002,2026-09-19,557,1247.35,Processing
ORD009343,P0334,S001,2026-03-26,78,3685.19,Delivered
ORD009344,P0444,S034,2026-09-02,227,900.58,Shipped
ORD009345,P0292,S003,2026-05-03,61,4197.22,Cancelled
ORD009346,P0036,S048,2026-06-07,393,4382.64,Shipped
ORD009347,P0487,S003,2026-05-16,564,1895.17,Shipped
ORD009348,P0285,S043,2026-04-30,241,491.15,Cancelled
ORD009349,P0109,S009,2026-04-28,872,4956.4,Cancelled
ORD009350,P0144,S031,2026-05-27,119,200.3,Delivered
ORD009351,P0032,S028,2026-07-02,466,4797.36,Processing
ORD009352,P0465,S030,2026-07-27,542,2662.85,Processing
ORD009353,P0131,S008,2026-04-11,557,598.21,Delivered
ORD009354,P0083,S039,2026-07-19,27,2523.88,Shipped
ORD009355,P0318,S035,2026-07-22,738,241.97,Delivered
ORD009356,P0049,S030,2026-09-07,63,3676.9,Cancelled
ORD009357,P0239,S041,2026-06-01,891,3393.25,Shipped
ORD009358,P0323,S024,2026-08-09,466,3784.17,Cancelled
ORD009359,P0011,S015,2026-08-22,825,3660.2,Cancelled
ORD009360,P0237,S047,2026-08-31,328,3169.82,Shipped
ORD009361,P0478,S039,2026-07-27,86,4168.95,Delivered
ORD009362,P0390,S040,2026-08-20,734,3098.15,Processing
ORD009363,P0271,S019,2026-07-25,553,3584.0,Cancelled
ORD009364,P0084,S014,2026-06-12,790,224.49,Delivered
ORD009365,P0162,S014,2026-06-05,199,1330.18,Processing
ORD009366,P0136,S040,2026-03-30,838,2727.4,Delivered
ORD009367,P0435,S003,2026-07-20,3,127.04,Cancelled
ORD009368,P0179,S022,2026-07-21,269,2238.89,Processing
ORD009369,P0223,S019,2026-08-28,809,3559.99,Cancelled
ORD009370,P0271,S009,2026-05-16,350,412.54,Cancelled
ORD009371,P0420,S041,2026-04-29,208,272.96,Shipped
ORD009372,P0084,S006,2026-07-31,487,4009.52,Processing
ORD009373,P0490,S015,2026-07-01,702,1248.5,Delivered
ORD009374,P0393,S004,2026-08-10,802,4730.51,Shipped
ORD009375,P0478,S041,2026-08-12,654,74.93,Cancelled
ORD009376,P0041,S007,2026-09-17,171,3861.15,Delivered
ORD009377,P0156,S045,2026-06-09,901,1166.01,Cancelled
ORD009378,P0349,S050,2026-06-13,476,4613.74,Processing
ORD009379,P0052,S009,2026-04-16,456,544.02,Cancelled
ORD009380,P0055,S001,2026-08-03,579,2658.7,Delivered
ORD009381,P0447,S030,2026-09-08,426,4502.5,Processing
ORD009382,P0066,S006,2026-06-26,342,769.68,Cancelled
ORD009383,P0104,S042,2026-07-25,463,581.58,Delivered
ORD009384,P0392,S001,2026-07-17,959,1980.73,Cancelled
ORD009385,P0331,S028,2026-08-05,281,2101.73,Shipped
ORD009386,P0149,S031,2026-04-18,908,1183.79,Shipped
ORD009387,P0282,S037,2026-07-11,344,965.24,Cancelled
ORD009388,P0096,S022,2026-06-06,177,1594.37,Cancelled
ORD009389,P0276,S038,2026-06-29,855,2852.51,Cancelled
ORD009390,P0416,S049,2026-07-25,227,3405.77,Shipped
ORD009391,P0199,S041,2026-04-15,923,1934.87,Processing
ORD009392,P0499,S043,2026-05-04,667,1253.28,Cancelled
ORD009393,P0052,S017,2026-03-31,693,3625.24,Shipped
ORD009394,P0495,S004,2026-09-05,696,2205.08,Delivered
ORD009395,P0330,S050,2026-06-21,100,3108.72,Cancelled
ORD009396,P0324,S048,2026-09-10,228,712.76,Delivered
ORD009397,P0158,S032,2026-09-06,933,2461.63,Shipped
ORD009398,P0215,S005,2026-08-22,719,466.41,Shipped
ORD009399,P0351,S041,2026-09-15,880,1157.39,Shipped
ORD009400,P0202,S009,2026-04-16,947,3786.24,Delivered
ORD009401,P0095,S036,2026-07-13,753,3822.08,Delivered
ORD009402,P0369,S045,2026-06-14,747,2049.06,Delivered
ORD009403,P0425,S013,2026-09-09,28,4852.2,Delivered
ORD009404,P0483,S006,2026-06-21,655,2614.66,Shipped
ORD009405,P0141,S037,2026-05-14,210,2042.99,Shipped
ORD009406,P0271,S004,2026-07-13,710,4981.28,Cancelled
ORD009407,P0316,S041,2026-07-15,942,3788.49,Processing
ORD009408,P0250,S010,2026-06-04,302,4511.52,Shipped
ORD009409,P0361,S028,2026-04-17,475,1944.33,Delivered
ORD009410,P0252,S048,2026-08-08,298,1214.65,Cancelled
ORD009411,P0256,S020,2026-06-05,134,3017.5,Processing
ORD009412,P0201,S034,2026-04-28,242,3649.55,Cancelled
ORD009413,P0310,S047,2026-03-30,973,3195.58,Shipped
ORD009414,P0216,S044,2026-04-19,173,2805.15,Delivered
ORD009415,P0160,S023,2026-08-13,272,2635.81,Processing
ORD009416,P0072,S029,2026-06-28,489,4529.84,Processing
ORD009417,P0442,S012,2026-04-19,346,2610.84,Processing
ORD009418,P0394,S036,2026-09-11,934,2330.17,Cancelled
ORD009419,P0137,S001,2026-05-20,263,3989.33,Cancelled
ORD009420,P0134,S030,2026-05-27,436,1711.97,Processing
ORD009421,P0156,S026,2026-04-26,866,3058.17,Shipped
ORD009422,P0212,S038,2026-04-22,183,341.99,Shipped
ORD009423,P0237,S007,2026-04-11,254,1864.12,Processing
ORD009424,P0284,S020,2026-09-01,336,1310.15,Cancelled
ORD009425,P0365,S041,2026-03-31,855,1642.18,Delivered
ORD009426,P0413,S029,2026-06-22,267,3417.92,Delivered
ORD009427,P0213,S027,2026-07-26,320,2678.06,Shipped
ORD009428,P0116,S035,2026-04-22,683,1256.13,Processing
ORD009429,P0224,S003,2026-07-18,508,2683.52,Processing
ORD009430,P0180,S039,2026-05-13,294,2707.88,Processing
ORD009431,P0186,S009,2026-05-28,294,4132.28,Delivered
ORD009432,P0447,S001,2026-07-01,680,953.1,Shipped
ORD009433,P0159,S007,2026-05-26,499,2125.35,Shipped
ORD009434,P0209,S007,2026-06-11,827,1317.62,Delivered
ORD009435,P0393,S038,2026-09-05,672,554.98,Delivered
ORD009436,P0345,S050,2026-06-06,474,4323.2,Delivered
ORD009437,P0087,S037,2026-09-01,519,4098.6,Processing
ORD009438,P0267,S017,2026-06-12,289,2804.67,Delivered
ORD009439,P0051,S009,2026-09-12,470,2379.38,Processing
ORD009440,P0251,S045,2026-07-15,108,4573.49,Cancelled
ORD009441,P0257,S022,2026-09-05,200,4139.64,Delivered
ORD009442,P0050,S044,2026-08-22,462,1416.1,Cancelled
ORD009443,P0466,S017,2026-08-16,15,4561.6,Delivered
ORD009444,P0099,S002,2026-09-08,813,4012.55,Processing
ORD009445,P0290,S041,2026-05-05,46,4312.45,Shipped
ORD009446,P0310,S040,2026-04-17,783,1951.42,Shipped
ORD009447,P0080,S045,2026-04-01,579,1233.07,Cancelled
ORD009448,P0165,S009,2026-05-27,842,2085.67,Shipped
ORD009449,P0232,S009,2026-08-13,538,81.13,Processing
ORD009450,P0282,S025,2026-05-23,328,2104.71,Cancelled
ORD009451,P0007,S036,2026-04-04,9,1831.63,Delivered
ORD009452,P0445,S008,2026-09-11,884,2633.15,Delivered
ORD009453,P0358,S016,2026-03-25,1,12.31,Processing
ORD009454,P0276,S010,2026-07-18,560,4860.66,Cancelled
ORD009455,P0083,S047,2026-09-01,672,4236.6,Processing
ORD009456,P0466,S049,2026-04-06,196,60.3,Delivered
ORD009457,P0440,S035,2026-04-08,65,4499.17,Cancelled
ORD009458,P0378,S011,2026-08-17,963,839.85,Cancelled
ORD009459,P0484,S042,2026-06-28,401,845.0,Shipped
ORD009460,P0036,S023,2026-05-31,872,4889.6,Delivered
ORD009461,P0288,S004,2026-08-19,457,23.02,Processing
ORD009462,P0376,S009,2026-07-18,635,3319.14,Shipped
ORD009463,P0340,S036,2026-05-02,419,1091.13,Processing
ORD009464,P0299,S011,2026-06-10,721,4411.31,Processing
ORD009465,P0299,S050,2026-08-14,918,3187.61,Cancelled
ORD009466,P0336,S018,2026-09-05,631,1625.79,Delivered
ORD009467,P0313,S010,2026-04-06,790,3871.59,Processing
ORD009468,P0185,S024,2026-05-24,870,2627.12,Shipped
ORD009469,P0433,S010,2026-07-18,914,2582.14,Processing
ORD009470,P0205,S042,2026-05-30,221,3241.72,Delivered
ORD009471,P0042,S043,2026-07-13,615,143.45,Shipped
ORD009472,P0250,S024,2026-08-13,213,102.57,Processing
ORD009473,P0210,S006,2026-08-21,279,3600.68,Delivered
ORD009474,P0440,S040,2026-09-13,305,331.78,Cancelled
ORD009475,P0168,S041,2026-08-15,675,792.56,Delivered
ORD009476,P0238,S039,2026-05-10,800,4583.04,Delivered
ORD009477,P0169,S017,2026-06-02,945,2711.64,Delivered
ORD009478,P0488,S040,2026-08-14,982,613.74,Processing
ORD009479,P0144,S022,2026-08-02,802,2585.26,Cancelled
ORD009480,P0301,S017,2026-06-01,44,4209.92,Processing
ORD009481,P0095,S036,2026-07-09,934,3901.51,Cancelled
ORD009482,P0377,S035,2026-06-20,861,120.37,Cancelled
ORD009483,P0095,S002,2026-09-08,849,288.47,Delivered
ORD009484,P0234,S002,2026-06-23,83,2853.53,Cancelled
ORD009485,P0443,S014,2026-06-05,988,3815.84,Shipped
ORD009486,P0165,S044,2026-07-16,151,3291.4,Processing
ORD009487,P0177,S045,2026-06-16,778,1874.32,Cancelled
ORD009488,P0013,S045,2026-07-30,705,2740.73,Cancelled
ORD009489,P0374,S001,2026-08-24,2,528.67,Delivered
ORD009490,P0400,S014,2026-04-25,390,4287.37,Shipped
ORD009491,P0096,S019,2026-09-20,636,3231.15,Shipped
ORD009492,P0348,S003,2026-07-25,5,685.74,Shipped
ORD009493,P0293,S045,2026-04-22,41,1971.8,Cancelled
ORD009494,P0158,S045,2026-04-28,276,3907.7,Delivered
ORD009495,P0481,S024,2026-08-30,829,4809.26,Cancelled
ORD009496,P0429,S019,2026-05-03,546,2401.23,Shipped
ORD009497,P0198,S016,2026-07-19,976,4490.55,Delivered
ORD009498,P0273,S014,2026-09-15,342,2202.95,Delivered
ORD009499,P0049,S044,2026-08-29,59,194.4,Cancelled
ORD009500,P0137,S042,2026-05-26,472,1543.9,Delivered
ORD009501,P0008,S017,2026-07-31,911,3876.69,Delivered
ORD009502,P0079,S011,2026-09-13,200,86.9,Cancelled
ORD009503,P0234,S016,2026-06-20,220,4920.6,Cancelled
ORD009504,P0397,S042,2026-08-13,769,944.3,Cancelled
ORD009505,P0177,S029,2026-06-28,369,3641.06,Shipped
ORD009506,P0170,S033,2026-04-28,424,2791.67,Cancelled
ORD009507,P0185,S002,2026-08-09,743,4782.88,Cancelled
ORD009508,P0496,S033,2026-05-31,489,2630.46,Cancelled
ORD009509,P0448,S033,2026-06-11,485,566.72,Delivered
ORD009510,P0028,S012,2026-04-06,352,1768.23,Cancelled
ORD009511,P0136,S022,2026-09-04,869,1254.14,Shipped
ORD009512,P0319,S033,2026-07-15,358,689.8,Shipped
ORD009513,P0321,S033,2026-09-02,294,1446.26,Delivered
ORD009514,P0419,S008,2026-06-05,706,3498.76,Shipped
ORD009515,P0169,S043,2026-04-02,764,1934.33,Processing
ORD009516,P0021,S028,2026-07-25,618,4548.47,Delivered
ORD009517,P0268,S007,2026-04-09,605,1975.57,Delivered
ORD009518,P0274,S042,2026-05-13,452,4278.97,Shipped
ORD009519,P0316,S023,2026-09-07,334,2823.6,Processing
ORD009520,P0295,S034,2026-05-08,962,524.93,Processing
ORD009521,P0453,S042,2026-05-26,156,1451.17,Cancelled
ORD009522,P0369,S006,2026-07-20,83,2603.81,Delivered
ORD009523,P0194,S029,2026-09-17,714,3921.03,Shipped
ORD009524,P0195,S004,2026-05-12,850,1327.41,Delivered
ORD009525,P0267,S022,2026-08-22,619,784.7,Delivered
ORD009526,P0115,S044,2026-05-29,426,2871.47,Shipped
ORD009527,P0130,S039,2026-07-22,211,4846.74,Shipped
ORD009528,P0200,S045,2026-07-24,972,2588.73,Processing
ORD009529,P0214,S006,2026-07-31,401,3162.95,Delivered
ORD009530,P0473,S034,2026-09-19,682,2407.77,Cancelled
ORD009531,P0158,S047,2026-06-30,324,2622.29,Delivered
ORD009532,P0150,S013,2026-08-09,84,3949.18,Cancelled
ORD009533,P0163,S011,2026-09-02,744,346.05,Cancelled
ORD009534,P0377,S003,2026-08-15,656,3942.75,Shipped
ORD009535,P0340,S005,2026-05-12,138,4964.21,Delivered
ORD009536,P0164,S045,2026-06-26,867,2455.56,Delivered
ORD009537,P0465,S041,2026-04-28,819,2662.31,Shipped
ORD009538,P0319,S024,2026-06-18,551,3814.96,Cancelled
ORD009539,P0294,S021,2026-07-10,384,2830.74,Delivered
ORD009540,P0088,S027,2026-09-03,529,461.43,Delivered
ORD009541,P0266,S016,2026-07-28,462,4335.43,Delivered
ORD009542,P0356,S045,2026-08-04,248,1749.28,Shipped
ORD009543,P0088,S048,2026-04-20,242,3826.97,Shipped
ORD009544,P0299,S046,2026-06-15,177,1017.09,Shipped
ORD009545,P0265,S004,2026-09-17,988,3748.23,Shipped
ORD009546,P0164,S032,2026-06-20,80,4586.15,Cancelled
ORD009547,P0416,S045,2026-05-08,477,1357.26,Processing
ORD009548,P0053,S019,2026-06-17,612,636.55,Cancelled
ORD009549,P0069,S032,2026-05-14,718,283.0,Processing
ORD009550,P0238,S017,2026-04-18,650,4514.85,Delivered
ORD009551,P0269,S048,2026-04-26,77,231.91,Cancelled
ORD009552,P0400,S041,2026-03-24,874,2428.13,Processing
ORD009553,P0141,S014,2026-06-07,213,1406.38,Cancelled
ORD009554,P0093,S042,2026-03-24,990,4434.01,Cancelled
ORD009555,P0126,S047,2026-05-16,376,1996.42,Delivered
ORD009556,P0327,S012,2026-07-05,607,4025.42,Cancelled
ORD009557,P0416,S011,2026-04-02,339,762.23,Shipped
ORD009558,P0138,S044,2026-04-15,656,4783.31,Processing
ORD009559,P0438,S007,2026-06-21,487,662.23,Processing
ORD009560,P0196,S033,2026-09-11,375,227.35,Shipped
ORD009561,P0187,S011,2026-08-08,398,265.94,Processing
ORD009562,P0171,S019,2026-05-25,671,2358.21,Processing
ORD009563,P0019,S021,2026-05-28,950,3624.14,Shipped
ORD009564,P0024,S049,2026-05-23,416,4475.4,Delivered
ORD009565,P0314,S002,2026-05-20,5,1339.05,Processing
ORD009566,P0187,S041,2026-07-23,170,989.64,Delivered
ORD009567,P0252,S003,2026-07-31,771,1876.5,Processing
ORD009568,P0172,S024,2026-05-19,973,1794.97,Processing
ORD009569,P0190,S038,2026-08-01,569,325.9,Processing
ORD009570,P0134,S014,2026-08-13,628,2823.51,Cancelled
ORD009571,P0272,S025,2026-06-08,594,2807.13,Delivered
ORD009572,P0367,S024,2026-06-20,501,3560.08,Processing
ORD009573,P0465,S034,2026-05-14,4,2309.64,Processing
ORD009574,P0323,S025,2026-07-05,1,2894.25,Shipped
ORD009575,P0156,S017,2026-03-26,467,4423.55,Shipped
ORD009576,P0053,S030,2026-03-30,827,1580.03,Shipped
ORD009577,P0348,S026,2026-07-07,356,3911.03,Delivered
ORD009578,P0204,S021,2026-09-05,548,4667.23,Cancelled
ORD009579,P0084,S013,2026-04-27,174,1454.47,Delivered
ORD009580,P0123,S002,2026-05-27,63,2002.49,Delivered
ORD009581,P0054,S003,2026-08-17,847,2153.63,Cancelled
ORD009582,P0379,S016,2026-04-18,391,3796.41,Shipped
ORD009583,P0041,S049,2026-08-22,688,3986.88,Delivered
ORD009584,P0368,S010,2026-06-09,854,256.57,Processing
ORD009585,P0204,S007,2026-08-11,137,4080.48,Processing
ORD009586,P0284,S027,2026-05-03,696,4282.68,Delivered
ORD009587,P0002,S046,2026-06-01,790,666.69,Shipped
ORD009588,P0153,S009,2026-06-16,150,1313.63,Processing
ORD009589,P0148,S016,2026-05-06,23,751.83,Processing
ORD009590,P0029,S001,2026-09-19,28,491.58,Processing
ORD009591,P0270,S039,2026-07-16,176,2727.42,Processing
ORD009592,P0340,S016,2026-05-30,341,316.25,Cancelled
ORD009593,P0050,S046,2026-08-16,955,1174.34,Processing
ORD009594,P0310,S021,2026-05-04,997,1909.36,Cancelled
ORD009595,P0095,S038,2026-07-07,288,4472.41,Shipped
ORD009596,P0377,S032,2026-07-06,820,1885.5,Delivered
ORD009597,P0386,S039,2026-08-08,890,2276.99,Shipped
ORD009598,P0193,S005,2026-05-18,927,1382.6,Processing
ORD009599,P0329,S030,2026-03-24,41,2991.1,Cancelled
ORD009600,P0459,S016,2026-05-25,386,283.2,Cancelled
ORD009601,P0466,S008,2026-05-11,739,4848.37,Cancelled
ORD009602,P0430,S047,2026-07-22,168,2112.77,Cancelled
ORD009603,P0220,S012,2026-05-13,602,736.44,Shipped
ORD009604,P0343,S035,2026-08-24,586,2358.76,Cancelled
ORD009605,P0101,S035,2026-07-18,744,3708.81,Shipped
ORD009606,P0485,S033,2026-05-12,160,329.5,Cancelled
ORD009607,P0305,S011,2026-05-05,170,938.51,Processing
ORD009608,P0438,S015,2026-08-06,202,2615.0,Delivered
ORD009609,P0257,S021,2026-05-13,181,3612.13,Processing
ORD009610,P0308,S002,2026-06-18,395,731.29,Delivered
ORD009611,P0442,S046,2026-08-19,299,4597.66,Delivered
ORD009612,P0050,S018,2026-09-15,307,381.31,Shipped
ORD009613,P0474,S011,2026-06-18,190,2955.41,Processing
ORD009614,P0416,S024,2026-05-27,398,2219.45,Delivered
ORD009615,P0341,S042,2026-08-04,581,1110.38,Processing
ORD009616,P0330,S023,2026-09-18,36,1404.91,Processing
ORD009617,P0495,S040,2026-09-17,709,953.97,Cancelled
ORD009618,P0058,S023,2026-06-03,946,991.79,Shipped
ORD009619,P0420,S047,2026-08-12,907,4646.62,Processing
ORD009620,P0367,S034,2026-05-16,458,2547.24,Shipped
ORD009621,P0041,S047,2026-08-30,928,4035.08,Delivered
ORD009622,P0125,S049,2026-06-19,34,2900.74,Shipped
ORD009623,P0288,S031,2026-06-19,371,2856.21,Delivered
ORD009624,P0359,S012,2026-08-01,354,4045.02,Cancelled
ORD009625,P0116,S012,2026-04-26,759,3493.73,Processing
ORD009626,P0003,S031,2026-03-27,5,2802.2,Delivered
ORD009627,P0224,S039,2026-08-13,833,1524.47,Shipped
ORD009628,P0349,S030,2026-07-02,292,2337.23,Shipped
ORD009629,P0381,S040,2026-05-06,101,1351.7,Processing
ORD009630,P0489,S042,2026-06-25,-50,4348.5,Delivered
ORD009631,P0327,S050,2026-08-13,391,2861.17,Processing
ORD009632,P0433,S043,2026-07-19,1,3733.94,Shipped
ORD009633,P0347,S044,2026-04-26,378,4016.22,Shipped
ORD009634,P0053,S008,2026-08-31,764,3343.05,Shipped
ORD009635,P0379,S027,2026-06-22,183,3270.19,Delivered
ORD009636,P0217,S043,2026-04-29,418,2234.03,Delivered
ORD009637,P0479,S037,2026-09-05,848,1333.89,Delivered
ORD009638,P0292,S026,2026-06-12,310,2424.53,Processing
ORD009639,P0218,S018,2026-05-14,175,4208.42,Shipped
ORD009640,P0367,S010,2026-05-13,25,2156.58,Shipped
ORD009641,P0072,S027,2026-05-20,650,345.09,Processing
ORD009642,P0445,S004,2026-06-08,713,3332.1,Processing
ORD009643,P0037,S023,2026-07-24,153,4449.26,Shipped
ORD009644,P0407,S008,2026-05-11,45,3047.4,Shipped
ORD009645,P0432,S027,2026-09-13,547,1244.82,Delivered
ORD009646,P0468,S048,2026-08-29,374,1211.44,Delivered
ORD009647,P0084,S024,2026-05-10,168,3690.76,Cancelled
ORD009648,P0301,S029,2026-06-02,289,2195.76,Cancelled
ORD009649,P0223,S029,2026-04-08,667,3134.08,Cancelled
ORD009650,P0145,S011,2026-06-06,519,2073.75,Processing
ORD009651,P0239,S043,2026-04-02,755,159.26,Delivered
ORD009652,P0375,S005,2026-04-03,751,192.94,Processing
ORD009653,P0430,S019,2026-06-07,537,3859.15,Shipped
ORD009654,P0311,S041,2026-07-02,305,4712.8,Delivered
ORD009655,P0379,S033,2026-04-21,494,1543.88,Delivered
ORD009656,P0144,S017,2026-03-30,599,357.19,Delivered
ORD009657,P0497,S050,2026-09-08,741,318.03,Processing
ORD009658,P0099,S045,2026-09-18,74,3662.51,Shipped
ORD009659,P0089,S002,2026-08-16,291,2846.52,Processing
ORD009660,P0366,S027,2026-03-28,297,292.43,Shipped
ORD009661,P0067,S005,2026-04-14,61,2297.52,Shipped
ORD009662,P0496,S014,2026-09-15,77,155.82,Shipped
ORD009663,P0403,S001,2026-06-26,223,449.94,Cancelled
ORD009664,P0163,S003,2026-08-11,397,2082.13,Cancelled
ORD009665,P0495,S023,2026-07-15,664,587.65,Delivered
ORD009666,P0268,S015,2026-05-30,354,4686.79,Shipped
ORD009667,P0011,S037,2026-07-05,360,611.0,Processing
ORD009668,P0243,S004,2026-07-19,702,788.85,Shipped
ORD009669,P0277,S025,2026-05-21,118,532.54,Shipped
ORD009670,P0061,S006,2026-04-24,929,3549.67,Processing
ORD009671,P0434,S007,2026-07-22,263,1046.95,Shipped
ORD009672,P0099,S017,2026-08-28,115,188.45,Delivered
ORD009673,P0439,S027,2026-09-05,987,1634.83,Shipped
ORD009674,P0448,S032,2026-09-18,192,4735.77,Shipped
ORD009675,P0063,S045,2026-05-18,37,2488.92,Cancelled
ORD009676,P0096,S010,2026-04-12,8,2199.17,Shipped
ORD009677,P0280,S042,2026-04-01,314,1611.2,Processing
ORD009678,P0475,S002,2026-06-08,562,2592.63,Delivered
ORD009679,P0220,S044,2026-08-27,608,650.36,Processing
ORD009680,P0209,S003,2026-05-23,102,3364.04,Processing
ORD009681,P0427,S038,2026-04-12,101,4720.15,Shipped
ORD009682,P0014,S039,2026-04-08,626,3418.21,Delivered
ORD009683,P0428,S047,2026-05-05,883,3125.42,Delivered
ORD009684,P0070,S043,2026-08-21,718,4228.08,Processing
ORD009685,P0267,S029,2026-08-03,879,4494.16,Delivered
ORD009686,P0364,S038,2026-06-17,885,4520.23,Processing
ORD009687,P0136,S041,2026-06-23,197,1496.29,Shipped
ORD009688,P0077,S026,2026-04-04,437,1310.39,Processing
ORD009689,P0125,S035,2026-07-24,960,3552.06,Cancelled
ORD009690,P0458,S018,2026-07-13,562,322.13,Delivered
ORD009691,P0172,S005,2026-04-02,976,3832.03,Processing
ORD009692,P0450,S030,2026-09-18,152,4097.77,Processing
ORD009693,P0377,S028,2026-03-28,505,2359.02,Processing
ORD009694,P0198,S030,2026-09-09,470,2542.92,Delivered
ORD009695,P0002,S033,2026-07-28,708,4454.93,Shipped
ORD009696,P0258,S040,2026-04-06,812,1123.2,Shipped
ORD009697,P0367,S045,2026-04-14,882,4433.19,Processing
ORD009698,P0182,S030,2026-04-17,591,900.29,Processing
ORD009699,P0128,S028,2026-09-11,395,428.64,Cancelled
ORD009700,P0084,S002,2026-09-04,85,2236.62,Processing
ORD009701,P0416,S021,2026-08-21,752,594.5,Processing
ORD009702,P0330,S026,2026-06-29,60,4409.25,Cancelled
ORD009703,P0217,S050,2026-08-21,114,4887.98,Delivered
ORD009704,P0139,S001,2026-08-12,690,1204.45,Delivered
ORD009705,P0093,S043,2026-08-16,671,3361.33,Cancelled
ORD009706,P0460,S031,2026-07-02,222,3789.48,Delivered
ORD009707,P0214,S015,2026-08-06,910,4023.45,Processing
ORD009708,P0305,S042,2026-08-20,994,1738.72,Cancelled
ORD009709,P0360,S026,2026-07-02,659,4986.89,Cancelled
ORD009710,P0406,S046,2026-03-26,349,1777.56,Delivered
ORD009711,P0019,S022,2026-09-06,852,4608.08,Delivered
ORD009712,P0112,S003,2026-08-11,427,3132.41,Processing
ORD009713,P0025,S045,2026-06-24,727,2956.79,Delivered
ORD009714,P0500,S024,2026-06-21,913,2161.09,Shipped
ORD009715,P0410,S005,2026-06-11,600,2873.83,Shipped
ORD009716,P0433,S009,2026-04-10,268,1063.8,Delivered
ORD009717,P0025,S024,2026-07-02,14,3498.84,Delivered
ORD009718,P0205,S006,2026-07-14,596,597.08,Delivered
ORD009719,P0313,S035,2026-06-11,216,2071.16,Shipped
ORD009720,P0008,S016,2026-08-27,138,4189.55,Delivered
ORD009721,P0227,S018,2026-07-17,578,4169.28,Delivered
ORD009722,P0393,S031,2026-04-23,446,2200.04,Shipped
ORD009723,P0497,S045,2026-03-29,684,3953.15,Shipped
ORD009724,P0423,S032,2026-05-11,348,3212.01,Processing
ORD009725,P0171,S029,2026-04-19,363,3226.68,Processing
ORD009726,P0318,S021,2026-05-08,54,3583.78,Processing
ORD009727,P0202,S003,2026-08-14,929,997.18,Delivered
ORD009728,P0218,S032,2026-05-17,299,2780.53,Cancelled
ORD009729,P0452,S026,2026-06-24,484,4758.07,Processing
ORD009730,P0483,S005,2026-06-15,910,1584.24,Shipped
ORD009731,P0358,S032,2026-09-09,292,1017.68,Processing
ORD009732,P0001,S034,2026-07-29,108,862.19,Cancelled
ORD009733,P0023,S049,2026-08-10,847,3578.88,Processing
ORD009734,P0277,S006,2026-07-28,877,20.64,Delivered
ORD009735,P0325,S010,2026-05-26,822,4328.53,Processing
ORD009736,P0132,S007,2026-05-24,833,3844.49,Delivered
ORD009737,P0351,S040,2026-08-23,26,2888.25,Shipped
ORD009738,P0361,S034,2026-07-27,548,4035.13,Shipped
ORD009739,P0454,S026,2026-04-22,409,430.99,Delivered
ORD009740,P0451,S026,2026-07-29,267,1569.03,Delivered
ORD009741,P0115,S038,2026-06-03,296,3726.83,Cancelled
ORD009742,P0223,S042,2026-04-12,145,634.44,Processing
ORD009743,P0354,S029,2026-07-21,136,2163.32,Delivered
ORD009744,P0138,S050,2026-06-19,664,3960.13,Delivered
ORD009745,P0371,S025,2026-05-06,20,3730.87,Processing
ORD009746,P0333,S020,2026-08-04,872,3978.06,Shipped
ORD009747,P0300,S010,2026-06-16,925,464.19,Shipped
ORD009748,P0277,S033,2026-06-30,828,2009.54,Shipped
ORD009749,P0295,S014,2026-08-30,871,967.96,Cancelled
ORD009750,P0181,S013,2026-06-02,898,3036.38,Delivered
ORD009751,P0022,S012,2026-08-07,239,2710.07,Cancelled
ORD009752,P0044,S041,2026-07-07,312,1525.27,Processing
ORD009753,P0343,S044,2026-05-20,787,2211.42,Processing
ORD009754,P0395,S042,2026-06-28,662,194.61,Delivered
ORD009755,P0169,S029,2026-08-02,348,1121.39,Cancelled
ORD009756,P0157,S029,2026-08-25,402,3771.23,Delivered
ORD009757,P0367,S014,2026-08-06,670,1282.09,Delivered
ORD009758,P0082,S019,2026-03-27,955,2972.26,Cancelled
ORD009759,P0480,S022,2026-08-08,161,4236.28,Shipped
ORD009760,P0371,S043,2026-07-04,81,1593.55,Processing
ORD009761,P0387,S028,2026-04-21,504,2022.18,Delivered
ORD009762,P0477,S039,2026-08-04,419,230.68,Delivered
ORD009763,P0485,S028,2026-06-28,895,1593.54,Cancelled
ORD009764,P0347,S011,2026-07-30,723,1559.06,Shipped
ORD009765,P0185,S036,2026-07-09,134,3779.75,Processing
ORD009766,P0419,S022,2026-08-13,257,3515.21,Delivered
ORD009767,P0338,S020,2026-08-31,740,1479.95,Shipped
ORD009768,P0353,S015,2026-03-28,903,2875.56,Cancelled
ORD009769,P0270,S013,2026-05-12,765,1276.27,Cancelled
ORD009770,P0387,S002,2026-08-25,536,607.82,Shipped
ORD009771,P0311,S034,2026-06-07,401,4982.2,Processing
ORD009772,P0365,S026,2026-08-25,813,1660.4,Processing
ORD009773,P0352,S036,2026-05-09,727,4462.26,Delivered
ORD009774,P0340,S013,2026-06-20,23,2402.07,Cancelled
ORD009775,P0409,S007,2026-08-24,633,221.81,Shipped
ORD009776,P0270,S045,2026-09-20,509,2586.77,Delivered
ORD009777,P0184,S004,2026-04-12,528,3556.83,Processing
ORD009778,P0477,S018,2026-05-24,829,1600.46,Processing
ORD009779,P0271,S010,2026-08-26,618,4959.0,Shipped
ORD009780,P0140,S049,2026-06-20,90,2544.68,Processing
ORD009781,P0287,S034,2026-07-29,111,1528.55,Cancelled
ORD009782,P0075,S023,2026-06-10,25,2294.7,Shipped
ORD009783,P0270,S009,2026-05-19,47,4105.69,Shipped
ORD009784,P0031,S042,2026-09-12,729,4014.63,Cancelled
ORD009785,P0220,,2026-08-01,458,4337.15,Shipped
ORD009786,P0018,S050,2026-03-24,329,958.65,Shipped
ORD009787,P0408,S041,2026-07-25,648,4464.71,Cancelled
ORD009788,P0334,S015,2026-04-08,402,4294.56,Processing
ORD009789,P0200,S005,2026-05-18,276,912.01,Shipped
ORD009790,P0144,S006,2026-07-22,365,3824.76,Delivered
ORD009791,P0377,S015,2026-07-13,154,3082.94,Cancelled
ORD009792,P0363,S005,2026-07-08,657,1383.51,Processing
ORD009793,P0136,S042,2026-09-19,248,2088.71,Shipped
ORD009794,P0228,S034,2026-04-12,166,3479.98,Shipped
ORD009795,P0243,S013,2026-07-28,62,3814.74,Delivered
ORD009796,P0446,S026,2026-05-29,31,409.33,Shipped
ORD009797,P0305,S025,2026-04-15,314,138.0,Delivered
ORD009798,P0423,S047,2026-04-08,603,783.87,Cancelled
ORD009799,P0262,S013,2026-09-13,927,4246.46,Shipped
ORD009800,P0336,S028,2026-08-24,849,640.76,Processing
ORD009801,P0414,S036,2026-08-31,486,2393.12,Cancelled
ORD009802,P0134,S001,2026-06-16,138,1129.81,Cancelled
ORD009803,P0145,S023,2026-04-24,118,4430.88,Cancelled
ORD009804,P0338,S001,2026-06-01,799,647.3,Processing
ORD009805,P0420,S023,2026-07-09,817,4067.1,Cancelled
ORD009806,P0093,S037,2026-06-19,229,4566.3,Cancelled
ORD009807,P0186,S025,2026-07-24,184,2276.83,Shipped
ORD009808,P0346,S017,2026-06-19,15,1179.48,Shipped
ORD009809,P0325,S033,2026-08-20,775,4936.55,Processing
ORD009810,P0230,S024,2026-08-25,636,1796.57,Processing
ORD009811,P0337,S020,2026-07-04,644,4696.12,Processing
ORD009812,P0026,S038,2026-09-15,269,2195.79,Shipped
ORD009813,P0454,S017,2026-05-28,507,4329.37,Shipped
ORD009814,P0449,S046,2026-07-31,716,1012.43,Delivered
ORD009815,P0484,S036,2026-04-10,747,3278.74,Cancelled
ORD009816,P0448,S039,2026-09-16,169,4175.76,Delivered
ORD009817,P0440,S016,2026-06-01,524,2705.47,Processing
ORD009818,P0231,S005,2026-08-03,872,4381.31,Processing
ORD009819,P0334,S042,2026-06-01,797,1339.9,Delivered
ORD009820,P0422,S038,2026-04-26,635,3448.95,Cancelled
ORD009821,P0282,S021,2026-05-24,319,1358.88,Processing
ORD009822,P0032,S010,2026-06-03,631,4486.03,Shipped
ORD009823,P0392,S001,2026-08-08,309,3497.41,Cancelled
ORD009824,P0371,S041,2026-09-19,635,3559.11,Delivered
ORD009825,P0365,S029,2026-08-09,411,1004.82,Shipped
ORD009826,P0090,S032,2026-09-08,170,1543.64,Cancelled
ORD009827,P0058,S023,2026-04-19,457,2753.85,Processing
ORD009828,P0401,S035,2026-07-24,88,1713.47,Cancelled
ORD009829,P0430,S026,2026-04-24,161,334.24,Cancelled
ORD009830,P0194,S031,2026-05-17,866,438.16,Cancelled
ORD009831,P0033,S019,2026-05-13,21,3496.5,Processing
ORD009832,P0292,S045,2026-04-12,864,595.66,Cancelled
ORD009833,P0444,S050,2026-07-08,736,610.24,Processing
ORD009834,P0383,S044,2026-06-11,677,1991.6,Cancelled
ORD009835,P0451,S026,2026-07-24,177,4679.2,Delivered
ORD009836,P0071,S012,2026-07-30,320,2327.57,Processing
ORD009837,P0132,S032,2026-04-25,415,3264.74,Cancelled
ORD009838,P0022,S044,2026-07-14,467,521.48,Cancelled
ORD009839,P0327,S018,2026-04-16,532,3331.29,Shipped
ORD009840,P0313,S010,2026-07-19,342,2285.96,Shipped
ORD009841,P0089,S013,2026-09-17,980,1584.09,Processing
ORD009842,P0258,S004,2026-08-23,27,3927.89,Processing
ORD009843,P0389,S005,2026-06-06,229,3888.8,Processing
ORD009844,P0175,S018,2026-05-27,132,4978.18,Cancelled
ORD009845,P0494,S005,2026-04-17,355,4380.28,Processing
ORD009846,P0486,S005,2026-05-09,571,575.24,Shipped
ORD009847,P0228,S006,2026-04-14,801,3022.27,Delivered
ORD009848,P0422,S002,2026-07-17,446,2286.49,Cancelled
ORD009849,P0311,,2026-09-10,847,4353.79,Processing
ORD009850,P0407,S026,2026-04-17,924,4319.39,Shipped
ORD009851,P0284,S013,2026-05-25,198,2007.24,Shipped
ORD009852,P0179,S021,2026-05-04,9,4277.7,Shipped
ORD009853,P0125,S045,2026-05-25,941,3691.27,Processing
ORD009854,P0017,S007,2026-04-15,165,1693.12,Shipped
ORD009855,P0207,S029,2026-09-18,336,3848.64,Delivered
ORD009856,P0297,S038,2026-06-06,685,3030.46,Cancelled
ORD009857,P0022,S015,2026-07-22,98,3517.38,Cancelled
ORD009858,P0185,S028,2026-03-24,546,3293.16,Processing
ORD009859,P0283,S013,2026-06-26,192,215.15,Shipped
ORD009860,P0169,S020,2026-05-18,380,1947.88,Processing
ORD009861,P0448,S031,2026-07-03,631,2556.36,Processing
ORD009862,P0257,S028,2026-07-13,241,2102.59,Shipped
ORD009863,P0160,S047,2026-09-11,317,4489.81,Delivered
ORD009864,P0339,S026,2026-03-31,954,4773.6,Processing
ORD009865,P0441,S029,2026-07-07,780,972.5,Processing
ORD009866,P0014,S025,2026-09-02,841,3551.4,Delivered
ORD009867,P0072,S038,2026-06-02,302,742.64,Processing
ORD009868,P0046,S040,2026-04-12,850,882.85,Cancelled
ORD009869,P0490,S014,2026-05-30,658,3808.45,Shipped
ORD009870,P0221,S039,2026-04-05,680,2421.74,Processing
ORD009871,P0295,S038,2026-04-08,756,1043.17,Cancelled
ORD009872,P0448,S008,2026-04-27,97,700.64,Delivered
ORD009873,P0262,S010,2026-05-18,741,2964.31,Processing
ORD009874,P0388,S039,2026-08-21,902,4172.22,Delivered
ORD009875,P0189,S001,2026-04-19,800,3335.7,Shipped
ORD009876,P0179,S020,2026-08-30,502,4921.46,Delivered
ORD009877,P0287,S049,2026-07-13,63,3618.31,Cancelled
ORD009878,P0018,S016,2026-08-02,40,1558.69,Delivered
ORD009879,P0443,S021,2026-03-25,699,4914.93,Shipped
ORD009880,P0267,S002,2026-07-09,82,4021.23,Processing
ORD009881,P0420,S018,2026-04-23,217,4589.09,Cancelled
ORD009882,P0469,S023,2026-03-24,506,1317.33,Processing
ORD009883,P0377,S007,2026-04-19,123,4551.0,Shipped
ORD009884,P0295,S022,2026-05-31,635,3160.48,Processing
ORD009885,P0042,S049,2026-08-18,700,2375.14,Delivered
ORD009886,P0195,S040,2026-08-23,819,3293.16,Delivered
ORD009887,P0195,S019,2026-05-23,68,2455.62,Cancelled
ORD009888,P0489,S045,2026-06-13,583,652.87,Shipped
ORD009889,P0155,S035,2026-08-17,650,1027.88,Cancelled
ORD009890,P0462,S037,2026-03-30,28,4450.37,Delivered
ORD009891,P0423,S034,2026-07-09,14,546.0,Delivered
ORD009892,P0458,S043,2026-06-19,222,4950.24,Cancelled
ORD009893,P0320,S025,2026-03-28,299,1058.96,Shipped
ORD009894,P0324,S013,2026-06-25,671,1341.09,Cancelled
ORD009895,P0065,S004,2026-05-16,4,4252.76,Cancelled
ORD009896,P0485,S008,2026-04-01,381,990.27,Processing
ORD009897,P0499,S002,2026-09-01,368,1109.99,Shipped
ORD009898,P0382,S012,2026-07-12,950,1548.24,Delivered
ORD009899,P0306,S032,2026-06-08,45,1331.0,Shipped
ORD009900,P0453,S045,2026-08-12,339,1620.29,Delivered
ORD009901,P0208,S037,2026-09-14,750,1059.49,Shipped
ORD009902,P0432,S022,2026-04-01,914,3826.22,Cancelled
ORD009903,P0489,S019,2026-09-12,103,411.95,Processing
ORD009904,P0102,S037,2026-06-26,101,3137.57,Processing
ORD009905,P0330,S050,2026-08-02,594,377.23,Cancelled
ORD009906,P0255,S029,2026-07-04,704,142.51,Shipped
ORD009907,P0038,S033,2026-05-02,936,4163.93,Cancelled
ORD009908,P0449,S046,2026-08-06,44,1313.19,Processing
ORD009909,P0134,S010,2026-08-26,605,79.91,Processing
ORD009910,P0397,S035,2026-06-15,849,3175.79,Cancelled
ORD009911,P0405,S013,2026-08-02,624,3578.12,Delivered
ORD009912,P0245,S002,2026-05-12,220,2266.45,Processing
ORD009913,P0079,S004,2026-04-14,378,4836.14,Cancelled
ORD009914,P0329,S045,2026-08-16,314,2601.62,Processing
ORD009915,P0032,S030,2026-09-17,259,2607.3,Delivered
ORD009916,P0132,S002,2026-05-11,741,2966.71,Delivered
ORD009917,P0008,S021,2026-06-02,59,3720.68,Delivered
ORD009918,P0364,S046,2026-05-25,396,384.08,Delivered
ORD009919,P0020,S018,2026-03-24,528,4100.56,Shipped
ORD009920,P0056,S047,2026-09-08,871,3857.09,Processing
ORD009921,P0099,S043,2026-09-14,257,2536.62,Delivered
ORD009922,P0448,S047,2026-03-26,597,1429.27,Shipped
ORD009923,P0163,S021,2026-05-05,906,1252.54,Cancelled
ORD009924,P0166,S024,2026-04-30,442,400.8,Shipped
ORD009925,P0480,S010,2026-04-18,680,4805.1,Cancelled
ORD009926,P0033,S004,2026-04-08,627,961.87,Processing
ORD009927,P0171,S010,2026-04-24,603,1286.18,Cancelled
ORD009928,P0057,S008,2026-07-12,99,4425.26,Shipped
ORD009929,P0497,S015,2026-08-02,162,1259.97,Delivered
ORD009930,P0208,S048,2026-08-24,352,4641.11,Processing
ORD009931,P0211,S005,2026-09-13,135,626.01,Cancelled
ORD009932,P0153,S034,2026-08-15,91,4585.17,Delivered
ORD009933,P0040,S005,2026-03-24,169,3550.94,Processing
ORD009934,P0012,S008,2026-09-18,430,2279.24,Cancelled
ORD009935,P0189,S041,2026-06-18,400,3256.19,Processing
ORD009936,P0114,S036,2026-05-10,745,3239.2,Processing
ORD009937,P0259,S020,2026-07-01,102,1474.22,Shipped
ORD009938,P0202,S011,2026-06-04,180,4011.75,Delivered
ORD009939,P0136,S043,2026-07-26,618,3219.32,Shipped
ORD009940,P0263,S044,2026-05-14,881,3654.64,Delivered
ORD009941,P0374,S040,2026-06-19,377,46.97,Shipped
ORD009942,P0269,S042,2026-05-04,71,2185.61,Processing
ORD009943,P0079,S022,2026-07-03,976,2233.61,Processing
ORD009944,P0014,S045,2026-04-14,514,2457.4,Cancelled
ORD009945,P0489,S008,2026-06-05,977,261.55,Shipped
ORD009946,P0041,S023,2026-08-20,759,2308.24,Delivered
ORD009947,P0174,S022,2026-06-27,94,2763.53,Shipped
ORD009948,P0086,S040,2026-06-26,435,1287.37,Shipped
ORD009949,P0071,S007,2026-04-28,496,999.26,Shipped
ORD009950,P0136,S050,2026-04-29,538,2402.93,Processing
ORD009951,P0274,S004,2026-08-16,680,818.9,Processing
ORD009952,P0039,S042,2026-08-29,952,2300.19,Processing
ORD009953,P0161,S050,2026-06-30,109,3272.32,Processing
ORD009954,P0075,S003,2026-05-30,320,3129.35,Cancelled
ORD009955,P0386,S008,2026-08-03,251,542.38,Shipped
ORD009956,P0071,S047,2026-06-29,382,1143.4,Processing
ORD009957,P0453,S009,2026-04-08,288,4250.79,Processing
ORD009958,P0008,S008,2026-03-28,116,1062.56,Shipped
ORD009959,P0155,S020,2026-07-10,190,427.41,Processing
ORD009960,P0329,S031,2026-07-21,515,3392.66,Delivered
ORD009961,P0172,S043,2026-06-27,931,3089.66,Processing
ORD009962,P0495,S031,2026-07-24,25,4712.71,Processing
ORD009963,P0028,S048,2026-07-11,314,2821.18,Cancelled
ORD009964,P0479,S042,2026-08-30,485,3066.75,Cancelled
ORD009965,P0095,S023,2026-09-18,413,3362.56,Cancelled
ORD009966,P0400,S020,2026-09-05,80,327.56,Shipped
ORD009967,P0438,S029,2026-03-27,708,2177.97,Shipped
ORD009968,P0319,S025,2026-08-29,463,847.78,Cancelled
ORD009969,P0207,S013,2026-09-20,223,2828.04,Delivered
ORD009970,P0227,S008,2026-04-03,933,538.74,Shipped
ORD009971,P0161,S004,2026-07-29,674,4744.56,Shipped
ORD009972,P0095,S009,2026-09-02,47,484.8,Processing
ORD009973,P0418,S001,2026-07-25,750,1416.95,Processing
ORD009974,P0190,S037,2026-09-19,743,1124.76,Processing
ORD009975,P0392,S036,2026-05-16,88,4042.9,Processing
ORD009976,P0058,S027,2026-05-17,917,4884.74,Delivered
ORD009977,P0208,S048,2026-07-12,884,3111.06,Cancelled
ORD009978,P0348,S020,2026-06-10,934,4389.47,Cancelled
ORD009979,P0250,S008,2026-04-03,115,3022.11,Shipped
ORD009980,P0406,S008,2026-04-10,121,1856.66,Cancelled
ORD009981,P0123,S038,2026-04-25,62,4568.39,Cancelled
ORD009982,P0165,S042,2026-04-23,378,4679.55,Cancelled
ORD009983,P0094,S026,2026-03-26,309,659.84,Cancelled
ORD009984,P0371,S020,2026-05-08,348,3986.99,Shipped
ORD009985,P0380,S038,2026-06-28,872,1040.42,Delivered
ORD009986,P0237,S042,2026-06-03,565,2489.36,Delivered
ORD009987,P0344,S002,2026-08-03,366,3234.22,Cancelled
ORD009988,P0034,S005,2026-08-31,911,4874.78,Cancelled
ORD009989,P0133,S041,2026-08-06,315,1402.68,Delivered
ORD009990,P0376,S032,2026-05-02,846,1309.61,Shipped
ORD009991,P0142,S020,2026-05-06,960,1162.98,Processing
ORD009992,P0200,S028,2026-07-05,980,270.28,Shipped
ORD009993,P0387,S026,2026-08-08,805,4991.41,Cancelled
ORD009994,P0062,S035,2026-04-22,537,389.35,Delivered
ORD009995,P0087,S048,2026-08-05,502,3587.07,Processing
ORD009996,P0422,S029,2026-06-07,475,1448.24,Cancelled
ORD009997,P0498,S034,2026-07-14,759,1465.5,Processing
ORD009998,P0459,S016,2026-07-20,709,4938.49,Delivered
ORD009999,P0265,S034,2026-09-03,108,1595.06,Cancelled
ORD010000,P0438,S019,2026-06-15,124,4099.14,Shipped
ORD006253,P0496,S015,2026-06-12,105,1900.05,Processing
ORD004685,P0013,S049,2026-07-02,696,1629.59,Cancelled
ORD001732,P0479,S003,2026-09-04,136,1249.23,Delivered
ORD004743,P0304,S034,2026-05-14,80,4944.28,Delivered
ORD004522,P0417,S016,2026-08-26,98,1643.58,Processing
ORD006341,P0078,S002,2026-04-22,792,835.47,Delivered
ORD000577,P0412,S033,2026-08-02,457,2439.16,Shipped
ORD005203,P0415,S021,2026-09-18,507,4421.81,Delivered
ORD006364,P0218,S026,2026-04-08,891,2313.67,Delivered
ORD000440,P0136,,2026-07-07,671,2433.07,Cancelled
ORD002751,P0278,S027,2026-09-12,369,4807.32,Delivered
ORD007488,P0002,S034,2026-06-13,266,2513.98,Processing
ORD005273,P0304,S036,2026-04-18,253,1991.38,Delivered
ORD005654,P0394,S005,2026-07-15,974,3475.58,Delivered
ORD004000,P0407,S002,2026-07-14,265,2499.53,Cancelled
ORD006034,P0083,S024,2026-04-19,971,2782.5,Processing
ORD000583,P0368,S022,2026-07-19,39,446.73,Delivered
ORD009931,P0211,S005,2026-09-13,135,626.01,Cancelled
ORD007052,P0006,S009,2026-05-03,321,1242.02,Shipped
ORD008159,P0487,S038,2026-06-22,499,2259.98,Cancelled
